Starting…
Running 'Verilator.Lint' at 'openframe_project_wrapper/runs/26_06_14_15_00/01-verilator-lint'…
Logging subprocess to [repr.filename]'openframe_project_wrapper/runs/26_06_14_15_00/01-verilator-lint/verilator-lint.log'[/repr.filename]…
Running 'Checker.LintTimingConstructs' at 'openframe_project_wrapper/runs/26_06_14_15_00/02-checker-linttimingconstructs'…
Check for Lint Timing Errors clear.
Running 'Checker.LintErrors' at 'openframe_project_wrapper/runs/26_06_14_15_00/03-checker-linterrors'…
Check for Lint errors clear.
Running 'Checker.LintWarnings' at 'openframe_project_wrapper/runs/26_06_14_15_00/04-checker-lintwarnings'…
502 Lint warnings found.
Running 'Yosys.JsonHeader' at 'openframe_project_wrapper/runs/26_06_14_15_00/05-yosys-jsonheader'…
Logging subprocess to [repr.filename]'openframe_project_wrapper/runs/26_06_14_15_00/05-yosys-jsonheader/yosys-jsonheader.log'[/repr.filename]…
Running 'Yosys.Synthesis' at 'openframe_project_wrapper/runs/26_06_14_15_00/06-yosys-synthesis'…
Logging subprocess to [repr.filename]'openframe_project_wrapper/runs/26_06_14_15_00/06-yosys-synthesis/yosys-synthesis.log'[/repr.filename]…
Parsing synthesis checks…
Running 'Checker.YosysUnmappedCells' at 'openframe_project_wrapper/runs/26_06_14_15_00/07-checker-yosysunmappedcells'…
Check for Unmapped Yosys instances clear.
Running 'Checker.YosysSynthChecks' at 'openframe_project_wrapper/runs/26_06_14_15_00/08-checker-yosyssynthchecks'…
Check for Yosys check errors clear.
Running 'Checker.NetlistAssignStatements' at 'openframe_project_wrapper/runs/26_06_14_15_00/09-checker-netlistassignstatements'…
Running 'OpenROAD.CheckSDCFiles' at 'openframe_project_wrapper/runs/26_06_14_15_00/10-openroad-checksdcfiles'…
Running 'OpenROAD.CheckMacroInstances' at 'openframe_project_wrapper/runs/26_06_14_15_00/11-openroad-checkmacroinstances'…
No libs found for macro classic_fabric_chipfoundry_small at corner nom_tt_025C_1v80. The module will be black-boxed.
No libs found for macro classic_fabric_chipfoundry_large at corner nom_tt_025C_1v80. The module will be black-boxed.
No libs found for macro vccd1_connection at corner nom_tt_025C_1v80. The module will be black-boxed.
No libs found for macro vssd1_connection at corner nom_tt_025C_1v80. The module will be black-boxed.
Logging subprocess to [repr.filename]'openframe_project_wrapper/runs/26_06_14_15_00/11-openroad-checkmacroinstances/openroad-checkmacroinstances.log'[/repr.filename]…
Running 'OpenROAD.STAPrePNR' at 'openframe_project_wrapper/runs/26_06_14_15_00/12-openroad-staprepnr'…
No libs found for macro classic_fabric_chipfoundry_small at corner nom_tt_025C_1v80. The module will be black-boxed.
No libs found for macro classic_fabric_chipfoundry_large at corner nom_tt_025C_1v80. The module will be black-boxed.
No libs found for macro vccd1_connection at corner nom_tt_025C_1v80. The module will be black-boxed.
No libs found for macro vssd1_connection at corner nom_tt_025C_1v80. The module will be black-boxed.
Starting STA for the nom_tt_025C_1v80 timing corner…
No libs found for macro classic_fabric_chipfoundry_small at corner nom_ss_100C_1v60. The module will be black-boxed.
No libs found for macro classic_fabric_chipfoundry_large at corner nom_ss_100C_1v60. The module will be black-boxed.
No libs found for macro vccd1_connection at corner nom_ss_100C_1v60. The module will be black-boxed.
No libs found for macro vssd1_connection at corner nom_ss_100C_1v60. The module will be black-boxed.
Logging subprocess to [repr.filename]'openframe_project_wrapper/runs/26_06_14_15_00/12-openroad-staprepnr/nom_tt_025C_1v80/sta.log'[/repr.filename]…
Starting STA for the nom_ss_100C_1v60 timing corner…
No libs found for macro classic_fabric_chipfoundry_small at corner nom_ff_n40C_1v95. The module will be black-boxed.
No libs found for macro classic_fabric_chipfoundry_large at corner nom_ff_n40C_1v95. The module will be black-boxed.
No libs found for macro vccd1_connection at corner nom_ff_n40C_1v95. The module will be black-boxed.
No libs found for macro vssd1_connection at corner nom_ff_n40C_1v95. The module will be black-boxed.
Starting STA for the nom_ff_n40C_1v95 timing corner…
No libs found for macro classic_fabric_chipfoundry_small at corner min_tt_025C_1v80. The module will be black-boxed.
Logging subprocess to [repr.filename]'openframe_project_wrapper/runs/26_06_14_15_00/12-openroad-staprepnr/nom_ss_100C_1v60/sta.log'[/repr.filename]…
No libs found for macro classic_fabric_chipfoundry_large at corner min_tt_025C_1v80. The module will be black-boxed.
No libs found for macro vccd1_connection at corner min_tt_025C_1v80. The module will be black-boxed.
No libs found for macro vssd1_connection at corner min_tt_025C_1v80. The module will be black-boxed.
Skipping corner min_tt_025C_1v80 for STA (identical to nom_tt_025C_1v80 at this stage)…
No libs found for macro classic_fabric_chipfoundry_small at corner min_ss_100C_1v60. The module will be black-boxed.
Logging subprocess to [repr.filename]'openframe_project_wrapper/runs/26_06_14_15_00/12-openroad-staprepnr/nom_ff_n40C_1v95/sta.log'[/repr.filename]…
No libs found for macro classic_fabric_chipfoundry_large at corner min_ss_100C_1v60. The module will be black-boxed.
No libs found for macro vccd1_connection at corner min_ss_100C_1v60. The module will be black-boxed.
No libs found for macro vssd1_connection at corner min_ss_100C_1v60. The module will be black-boxed.
Skipping corner min_ss_100C_1v60 for STA (identical to nom_ss_100C_1v60 at this stage)…
No libs found for macro classic_fabric_chipfoundry_small at corner min_ff_n40C_1v95. The module will be black-boxed.
No libs found for macro classic_fabric_chipfoundry_large at corner min_ff_n40C_1v95. The module will be black-boxed.
No libs found for macro vccd1_connection at corner min_ff_n40C_1v95. The module will be black-boxed.
No libs found for macro vssd1_connection at corner min_ff_n40C_1v95. The module will be black-boxed.
Skipping corner min_ff_n40C_1v95 for STA (identical to nom_ff_n40C_1v95 at this stage)…
No libs found for macro classic_fabric_chipfoundry_small at corner max_tt_025C_1v80. The module will be black-boxed.
No libs found for macro classic_fabric_chipfoundry_large at corner max_tt_025C_1v80. The module will be black-boxed.
No libs found for macro vccd1_connection at corner max_tt_025C_1v80. The module will be black-boxed.
No libs found for macro vssd1_connection at corner max_tt_025C_1v80. The module will be black-boxed.
Skipping corner max_tt_025C_1v80 for STA (identical to nom_tt_025C_1v80 at this stage)…
No libs found for macro classic_fabric_chipfoundry_small at corner max_ss_100C_1v60. The module will be black-boxed.
No libs found for macro classic_fabric_chipfoundry_large at corner max_ss_100C_1v60. The module will be black-boxed.
No libs found for macro vccd1_connection at corner max_ss_100C_1v60. The module will be black-boxed.
No libs found for macro vssd1_connection at corner max_ss_100C_1v60. The module will be black-boxed.
Skipping corner max_ss_100C_1v60 for STA (identical to nom_ss_100C_1v60 at this stage)…
No libs found for macro classic_fabric_chipfoundry_small at corner max_ff_n40C_1v95. The module will be black-boxed.
No libs found for macro classic_fabric_chipfoundry_large at corner max_ff_n40C_1v95. The module will be black-boxed.
No libs found for macro vccd1_connection at corner max_ff_n40C_1v95. The module will be black-boxed.
No libs found for macro vssd1_connection at corner max_ff_n40C_1v95. The module will be black-boxed.
Skipping corner max_ff_n40C_1v95 for STA (identical to nom_ff_n40C_1v95 at this stage)…
Finished STA for the nom_tt_025C_1v80 timing corner.
Finished STA for the nom_ss_100C_1v60 timing corner.
Finished STA for the nom_ff_n40C_1v95 timing corner.
Running 'OpenROAD.Floorplan' at 'openframe_project_wrapper/runs/26_06_14_15_00/13-openroad-floorplan'…
Logging subprocess to [repr.filename]'openframe_project_wrapper/runs/26_06_14_15_00/13-openroad-floorplan/openroad-floorplan.log'[/repr.filename]…
[ORD-2011] LEF master classic_fabric_chipfoundry_large has no liberty cell.
[ORD-2011] LEF master classic_fabric_chipfoundry_small has no liberty cell.
[ORD-2011] LEF master vccd1_connection has no liberty cell.
[ORD-2011] LEF master vssd1_connection has no liberty cell.
[IFP-0028] Core area lower left (40.000, 40.000) snapped to (40.020, 40.800).
Running 'Odb.CheckMacroAntennaProperties' at 'openframe_project_wrapper/runs/26_06_14_15_00/14-odb-checkmacroantennaproperties'…
Logging subprocess to [repr.filename]'openframe_project_wrapper/runs/26_06_14_15_00/14-odb-checkmacroantennaproperties/odb-checkmacroantennaproperties.log'[/repr.filename]…
Running 'Odb.SetPowerConnections' at 'openframe_project_wrapper/runs/26_06_14_15_00/15-odb-setpowerconnections'…
Logging subprocess to [repr.filename]'openframe_project_wrapper/runs/26_06_14_15_00/15-odb-setpowerconnections/odb-setpowerconnections.log'[/repr.filename]…
Running 'Odb.ManualMacroPlacement' at 'openframe_project_wrapper/runs/26_06_14_15_00/16-odb-manualmacroplacement'…
Using 'MACRO_PLACEMENT_CFG' is deprecated. It is recommended to use the new 'MACROS' configuration variable.
Logging subprocess to [repr.filename]'openframe_project_wrapper/runs/26_06_14_15_00/16-odb-manualmacroplacement/odb-manualmacroplacement.log'[/repr.filename]…
Running 'OpenROAD.CutRows' at 'openframe_project_wrapper/runs/26_06_14_15_00/17-openroad-cutrows'…
Logging subprocess to [repr.filename]'openframe_project_wrapper/runs/26_06_14_15_00/17-openroad-cutrows/openroad-cutrows.log'[/repr.filename]…
Running 'OpenROAD.TapEndcapInsertion' at 'openframe_project_wrapper/runs/26_06_14_15_00/18-openroad-tapendcapinsertion'…
Logging subprocess to [repr.filename]'openframe_project_wrapper/runs/26_06_14_15_00/18-openroad-tapendcapinsertion/openroad-tapendcapinsertion.log'[/repr.filename]…
Running 'Odb.AddPDNObstructions' at 'openframe_project_wrapper/runs/26_06_14_15_00/19-odb-addpdnobstructions'…
Logging subprocess to [repr.filename]'openframe_project_wrapper/runs/26_06_14_15_00/19-odb-addpdnobstructions/odb-addpdnobstructions.log'[/repr.filename]…
Running 'OpenROAD.GeneratePDN' at 'openframe_project_wrapper/runs/26_06_14_15_00/20-openroad-generatepdn'…
Logging subprocess to [repr.filename]'openframe_project_wrapper/runs/26_06_14_15_00/20-openroad-generatepdn/openroad-generatepdn.log'[/repr.filename]…
[PDN-0231] vccd1_connection is not connected to any power/ground nets.
[PDN-0231] vssd1_connection is not connected to any power/ground nets.
[PDN-0110] No via inserted between met1 and met4 at (95.2500, 1789.5200) - (101.6500, 1789.6000) on vccd1
[PDN-0110] No via inserted between met1 and met4 at (135.2500, 1789.5200) - (141.6500, 1789.6000) on vccd1
[PDN-0110] No via inserted between met1 and met4 at (175.2500, 1789.5200) - (181.6500, 1789.6000) on vccd1
[PDN-0110] No via inserted between met1 and met4 at (215.2500, 1789.5200) - (221.6500, 1789.6000) on vccd1
[PDN-0110] No via inserted between met1 and met4 at (255.2500, 1789.5200) - (261.6500, 1789.6000) on vccd1
[PDN-0110] No via inserted between met1 and met4 at (344.8500, 1792.2400) - (351.2500, 1792.3000) on vssd1
[PDN-0110] No via inserted between met1 and met4 at (464.8500, 1792.2400) - (471.2500, 1792.3000) on vssd1
[PDN-0110] No via inserted between met1 and met4 at (584.8500, 1792.2400) - (591.2500, 1792.3000) on vssd1
[PDN-0110] No via inserted between met1 and met4 at (704.8500, 1792.2400) - (711.2500, 1792.3000) on vssd1
[PDN-0110] No via inserted between met1 and met4 at (824.8500, 1792.2400) - (831.2500, 1792.3000) on vssd1
[PDN-0110] No via inserted between met1 and met4 at (944.8500, 1792.2400) - (951.2500, 1792.3000) on vssd1
[PDN-0110] No via inserted between met1 and met4 at (1064.8500, 1792.2400) - (1071.2500, 1792.3000) on vssd1
[PDN-0110] No via inserted between met1 and met4 at (1184.8500, 1792.2400) - (1191.2500, 1792.3000) on vssd1
[PDN-0110] No via inserted between met1 and met4 at (1344.8500, 1792.2400) - (1351.2500, 1792.3000) on vssd1
[PDN-0110] No via inserted between met1 and met4 at (1384.8500, 1792.2400) - (1391.2500, 1792.3000) on vssd1
[PDN-0110] No via inserted between met1 and met4 at (1464.8500, 1792.2400) - (1471.2500, 1792.3000) on vssd1
[PDN-0110] No via inserted between met1 and met4 at (1504.8500, 1792.2400) - (1511.2500, 1792.3000) on vssd1
[PDN-0110] No via inserted between met1 and met4 at (1584.8500, 1792.2400) - (1591.2500, 1792.3000) on vssd1
[PDN-0110] No via inserted between met1 and met4 at (1624.8500, 1792.2400) - (1631.2500, 1792.3000) on vssd1
[PDN-0110] No via inserted between met1 and met4 at (1704.8500, 1792.2400) - (1711.2500, 1792.3000) on vssd1
[PDN-0110] No via inserted between met1 and met4 at (1744.8500, 1792.2400) - (1751.2500, 1792.3000) on vssd1
[PDN-0110] No via inserted between met1 and met4 at (1824.8500, 1792.2400) - (1831.2500, 1792.3000) on vssd1
[PDN-0110] No via inserted between met1 and met4 at (1864.8500, 1792.2400) - (1871.2500, 1792.3000) on vssd1
[PDN-0110] No via inserted between met1 and met4 at (1944.8500, 1792.2400) - (1951.2500, 1792.3000) on vssd1
[PDN-0110] No via inserted between met1 and met4 at (1984.8500, 1792.2400) - (1991.2500, 1792.3000) on vssd1
[PDN-0110] No via inserted between met1 and met4 at (2064.8500, 1792.2400) - (2071.2500, 1792.3000) on vssd1
[PDN-0110] No via inserted between met1 and met4 at (2104.8500, 1792.2400) - (2111.2500, 1792.3000) on vssd1
[PDN-0110] No via inserted between met1 and met4 at (2144.8500, 1792.2400) - (2151.2500, 1792.3000) on vssd1
[PDN-0110] No via inserted between met1 and met4 at (2224.8500, 1792.2400) - (2231.2500, 1792.3000) on vssd1
[PDN-0110] No via inserted between met1 and met4 at (2264.8500, 1792.2400) - (2271.2500, 1792.3000) on vssd1
[PDN-0110] No via inserted between met1 and met4 at (2344.8500, 1792.2400) - (2351.2500, 1792.3000) on vssd1
[PDN-0110] No via inserted between met1 and met4 at (2384.8500, 1792.2400) - (2391.2500, 1792.3000) on vssd1
[PDN-0110] No via inserted between met1 and met4 at (2464.8500, 1792.2400) - (2471.2500, 1792.3000) on vssd1
[PDN-0110] No via inserted between met1 and met4 at (2504.8500, 1792.2400) - (2511.2500, 1792.3000) on vssd1
[PDN-0110] No via inserted between met1 and met4 at (2584.8500, 1792.2400) - (2591.2500, 1792.3000) on vssd1
[PDN-0110] No via inserted between met1 and met4 at (2624.8500, 1792.2400) - (2631.2500, 1792.3000) on vssd1
[PDN-0110] No via inserted between met1 and met4 at (2704.8500, 1792.2400) - (2711.2500, 1792.3000) on vssd1
[PDN-0110] No via inserted between met1 and met4 at (2744.8500, 1792.2400) - (2751.2500, 1792.3000) on vssd1
[PDN-0110] No via inserted between met1 and met4 at (2864.8500, 1792.2400) - (2871.2500, 1792.3000) on vssd1
[PDN-0110] No via inserted between met1 and met4 at (2984.8500, 1792.2400) - (2991.2500, 1792.3000) on vssd1
[PDN-0110] No via inserted between met4 and met5 at (1184.8500, 110.0300) - (1191.2500, 114.5350) on vssd1
[PDN-0110] No via inserted between met4 and met5 at (1224.8500, 110.0300) - (1231.2500, 114.5350) on vssd1
[PDN-0110] No via inserted between met4 and met5 at (1304.8500, 110.0300) - (1311.2500, 114.5350) on vssd1
[PDN-0110] No via inserted between met4 and met5 at (1344.8500, 110.0300) - (1351.2500, 114.5350) on vssd1
[PDN-0110] No via inserted between met4 and met5 at (1424.8500, 110.0300) - (1431.2500, 114.5350) on vssd1
[PDN-0110] No via inserted between met4 and met5 at (1464.8500, 110.0300) - (1471.2500, 114.5350) on vssd1
[PDN-0110] No via inserted between met4 and met5 at (1544.8500, 110.0300) - (1551.2500, 114.5350) on vssd1
[PDN-0110] No via inserted between met4 and met5 at (1584.8500, 110.0300) - (1591.2500, 114.5350) on vssd1
[PDN-0110] No via inserted between met4 and met5 at (1664.8500, 110.0300) - (1671.2500, 114.5350) on vssd1
[PDN-0110] No via inserted between met4 and met5 at (1704.8500, 110.0300) - (1711.2500, 114.5350) on vssd1
[PDN-0110] No via inserted between met4 and met5 at (1784.8500, 110.0300) - (1791.2500, 114.5350) on vssd1
[PDN-0110] No via inserted between met4 and met5 at (1824.8500, 110.0300) - (1831.2500, 114.5350) on vssd1
[PDN-0110] No via inserted between met4 and met5 at (1904.8500, 110.0300) - (1911.2500, 114.5350) on vssd1
[PDN-0110] No via inserted between met4 and met5 at (1944.8500, 110.0300) - (1951.2500, 114.5350) on vssd1
[PDN-0110] No via inserted between met4 and met5 at (2024.8500, 110.0300) - (2031.2500, 114.5350) on vssd1
[PDN-0110] No via inserted between met4 and met5 at (2064.8500, 110.0300) - (2071.2500, 114.5350) on vssd1
[PDN-0110] No via inserted between met4 and met5 at (2144.8500, 110.0300) - (2151.2500, 114.5350) on vssd1
Running 'Odb.RemovePDNObstructions' at 'openframe_project_wrapper/runs/26_06_14_15_00/21-odb-removepdnobstructions'…
Logging subprocess to [repr.filename]'openframe_project_wrapper/runs/26_06_14_15_00/21-odb-removepdnobstructions/odb-removepdnobstructions.log'[/repr.filename]…
Running 'Odb.AddRoutingObstructions' at 'openframe_project_wrapper/runs/26_06_14_15_00/22-odb-addroutingobstructions'…
'ROUTING_OBSTRUCTIONS' is not defined. Skipping 'Odb.AddRoutingObstructions'…
Running 'OpenROAD.GlobalPlacementSkipIO' at 'openframe_project_wrapper/runs/26_06_14_15_00/23-openroad-globalplacementskipio'…
I/O pins were loaded from /home/ank/Desktop/WORK/T_4/CF_FPGA_testchip/openlane/openframe_project_wrapper/fixed_dont_change/openframe_project_wrapper.def. Skipping the first global placement iteration…
Running 'OpenROAD.IOPlacement' at 'openframe_project_wrapper/runs/26_06_14_15_00/24-openroad-ioplacement'…
I/O pins were loaded from /home/ank/Desktop/WORK/T_4/CF_FPGA_testchip/openlane/openframe_project_wrapper/fixed_dont_change/openframe_project_wrapper.def. Skipping OpenROAD.IOPlacement…
Running 'Odb.CustomIOPlacement' at 'openframe_project_wrapper/runs/26_06_14_15_00/25-odb-customioplacement'…
No custom floorplan file configured, skipping…
Running 'Odb.ApplyDEFTemplate' at 'openframe_project_wrapper/runs/26_06_14_15_00/26-odb-applydeftemplate'…
Logging subprocess to [repr.filename]'openframe_project_wrapper/runs/26_06_14_15_00/26-odb-applydeftemplate/odb-applydeftemplate.log'[/repr.filename]…
Bterm vssd1 is declared as a 'GROUND' pin. It will be ignored.
Bterm vccd1 is declared as a 'POWER' pin. It will be ignored.
[ODB-0293] TECHNOLOGY is ignored
vssd1 not found in template layout, but found in design layout.
vccd1 not found in template layout, but found in design layout.
[ODB-0293] TECHNOLOGY is ignored
Running 'OpenROAD.GlobalPlacement' at 'openframe_project_wrapper/runs/26_06_14_15_00/27-openroad-globalplacement'…
Logging subprocess to [repr.filename]'openframe_project_wrapper/runs/26_06_14_15_00/27-openroad-globalplacement/openroad-globalplacement.log'[/repr.filename]…
Running 'Odb.WriteVerilogHeader' at 'openframe_project_wrapper/runs/26_06_14_15_00/28-odb-writeverilogheader'…
Logging subprocess to [repr.filename]'openframe_project_wrapper/runs/26_06_14_15_00/28-odb-writeverilogheader/odb-writeverilogheader.log'[/repr.filename]…
Running 'Checker.PowerGridViolations' at 'openframe_project_wrapper/runs/26_06_14_15_00/29-checker-powergridviolations'…
Check for power grid violations (as reported by OpenROAD PSM- you may ignore these if LVS passes) clear.
Running 'OpenROAD.STAMidPNR' at 'openframe_project_wrapper/runs/26_06_14_15_00/30-openroad-stamidpnr'…
Logging subprocess to [repr.filename]'openframe_project_wrapper/runs/26_06_14_15_00/30-openroad-stamidpnr/openroad-stamidpnr.log'[/repr.filename]…
[GRT-0097] No global routing found for nets.
Running 'OpenROAD.RepairDesignPostGPL' at 'openframe_project_wrapper/runs/26_06_14_15_00/31-openroad-repairdesignpostgpl'…
No libs found for macro classic_fabric_chipfoundry_small at corner nom_tt_025C_1v80. The module will be black-boxed.
No libs found for macro classic_fabric_chipfoundry_large at corner nom_tt_025C_1v80. The module will be black-boxed.
No libs found for macro vccd1_connection at corner nom_tt_025C_1v80. The module will be black-boxed.
No libs found for macro vssd1_connection at corner nom_tt_025C_1v80. The module will be black-boxed.
No libs found for macro classic_fabric_chipfoundry_small at corner nom_ss_100C_1v60. The module will be black-boxed.
No libs found for macro classic_fabric_chipfoundry_large at corner nom_ss_100C_1v60. The module will be black-boxed.
No libs found for macro vccd1_connection at corner nom_ss_100C_1v60. The module will be black-boxed.
No libs found for macro vssd1_connection at corner nom_ss_100C_1v60. The module will be black-boxed.
No libs found for macro classic_fabric_chipfoundry_small at corner nom_ff_n40C_1v95. The module will be black-boxed.
No libs found for macro classic_fabric_chipfoundry_large at corner nom_ff_n40C_1v95. The module will be black-boxed.
No libs found for macro vccd1_connection at corner nom_ff_n40C_1v95. The module will be black-boxed.
No libs found for macro vssd1_connection at corner nom_ff_n40C_1v95. The module will be black-boxed.
No libs found for macro classic_fabric_chipfoundry_small at corner min_tt_025C_1v80. The module will be black-boxed.
No libs found for macro classic_fabric_chipfoundry_large at corner min_tt_025C_1v80. The module will be black-boxed.
No libs found for macro vccd1_connection at corner min_tt_025C_1v80. The module will be black-boxed.
No libs found for macro vssd1_connection at corner min_tt_025C_1v80. The module will be black-boxed.
No libs found for macro classic_fabric_chipfoundry_small at corner min_ss_100C_1v60. The module will be black-boxed.
No libs found for macro classic_fabric_chipfoundry_large at corner min_ss_100C_1v60. The module will be black-boxed.
No libs found for macro vccd1_connection at corner min_ss_100C_1v60. The module will be black-boxed.
No libs found for macro vssd1_connection at corner min_ss_100C_1v60. The module will be black-boxed.
No libs found for macro classic_fabric_chipfoundry_small at corner min_ff_n40C_1v95. The module will be black-boxed.
No libs found for macro classic_fabric_chipfoundry_large at corner min_ff_n40C_1v95. The module will be black-boxed.
No libs found for macro vccd1_connection at corner min_ff_n40C_1v95. The module will be black-boxed.
No libs found for macro vssd1_connection at corner min_ff_n40C_1v95. The module will be black-boxed.
No libs found for macro classic_fabric_chipfoundry_small at corner max_tt_025C_1v80. The module will be black-boxed.
No libs found for macro classic_fabric_chipfoundry_large at corner max_tt_025C_1v80. The module will be black-boxed.
No libs found for macro vccd1_connection at corner max_tt_025C_1v80. The module will be black-boxed.
No libs found for macro vssd1_connection at corner max_tt_025C_1v80. The module will be black-boxed.
No libs found for macro classic_fabric_chipfoundry_small at corner max_ss_100C_1v60. The module will be black-boxed.
No libs found for macro classic_fabric_chipfoundry_large at corner max_ss_100C_1v60. The module will be black-boxed.
No libs found for macro vccd1_connection at corner max_ss_100C_1v60. The module will be black-boxed.
No libs found for macro vssd1_connection at corner max_ss_100C_1v60. The module will be black-boxed.
No libs found for macro classic_fabric_chipfoundry_small at corner max_ff_n40C_1v95. The module will be black-boxed.
No libs found for macro classic_fabric_chipfoundry_large at corner max_ff_n40C_1v95. The module will be black-boxed.
No libs found for macro vccd1_connection at corner max_ff_n40C_1v95. The module will be black-boxed.
No libs found for macro vssd1_connection at corner max_ff_n40C_1v95. The module will be black-boxed.
Logging subprocess to [repr.filename]'openframe_project_wrapper/runs/26_06_14_15_00/31-openroad-repairdesignpostgpl/openroad-repairdesignpostgpl.log'[/repr.filename]…
Running 'Odb.ManualGlobalPlacement' at 'openframe_project_wrapper/runs/26_06_14_15_00/32-odb-manualglobalplacement'…
'MANUAL_GLOBAL_PLACEMENTS' not set, skipping…
Running 'OpenROAD.DetailedPlacement' at 'openframe_project_wrapper/runs/26_06_14_15_00/33-openroad-detailedplacement'…
Logging subprocess to [repr.filename]'openframe_project_wrapper/runs/26_06_14_15_00/33-openroad-detailedplacement/openroad-detailedplacement.log'[/repr.filename]…
Running 'OpenROAD.CTS' at 'openframe_project_wrapper/runs/26_06_14_15_00/34-openroad-cts'…
No libs found for macro classic_fabric_chipfoundry_small at corner nom_tt_025C_1v80. The module will be black-boxed.
No libs found for macro classic_fabric_chipfoundry_large at corner nom_tt_025C_1v80. The module will be black-boxed.
No libs found for macro vccd1_connection at corner nom_tt_025C_1v80. The module will be black-boxed.
No libs found for macro vssd1_connection at corner nom_tt_025C_1v80. The module will be black-boxed.
No libs found for macro classic_fabric_chipfoundry_small at corner nom_ss_100C_1v60. The module will be black-boxed.
No libs found for macro classic_fabric_chipfoundry_large at corner nom_ss_100C_1v60. The module will be black-boxed.
No libs found for macro vccd1_connection at corner nom_ss_100C_1v60. The module will be black-boxed.
No libs found for macro vssd1_connection at corner nom_ss_100C_1v60. The module will be black-boxed.
No libs found for macro classic_fabric_chipfoundry_small at corner nom_ff_n40C_1v95. The module will be black-boxed.
No libs found for macro classic_fabric_chipfoundry_large at corner nom_ff_n40C_1v95. The module will be black-boxed.
No libs found for macro vccd1_connection at corner nom_ff_n40C_1v95. The module will be black-boxed.
No libs found for macro vssd1_connection at corner nom_ff_n40C_1v95. The module will be black-boxed.
No libs found for macro classic_fabric_chipfoundry_small at corner min_tt_025C_1v80. The module will be black-boxed.
No libs found for macro classic_fabric_chipfoundry_large at corner min_tt_025C_1v80. The module will be black-boxed.
No libs found for macro vccd1_connection at corner min_tt_025C_1v80. The module will be black-boxed.
No libs found for macro vssd1_connection at corner min_tt_025C_1v80. The module will be black-boxed.
No libs found for macro classic_fabric_chipfoundry_small at corner min_ss_100C_1v60. The module will be black-boxed.
No libs found for macro classic_fabric_chipfoundry_large at corner min_ss_100C_1v60. The module will be black-boxed.
No libs found for macro vccd1_connection at corner min_ss_100C_1v60. The module will be black-boxed.
No libs found for macro vssd1_connection at corner min_ss_100C_1v60. The module will be black-boxed.
No libs found for macro classic_fabric_chipfoundry_small at corner min_ff_n40C_1v95. The module will be black-boxed.
No libs found for macro classic_fabric_chipfoundry_large at corner min_ff_n40C_1v95. The module will be black-boxed.
No libs found for macro vccd1_connection at corner min_ff_n40C_1v95. The module will be black-boxed.
No libs found for macro vssd1_connection at corner min_ff_n40C_1v95. The module will be black-boxed.
No libs found for macro classic_fabric_chipfoundry_small at corner max_tt_025C_1v80. The module will be black-boxed.
No libs found for macro classic_fabric_chipfoundry_large at corner max_tt_025C_1v80. The module will be black-boxed.
No libs found for macro vccd1_connection at corner max_tt_025C_1v80. The module will be black-boxed.
No libs found for macro vssd1_connection at corner max_tt_025C_1v80. The module will be black-boxed.
No libs found for macro classic_fabric_chipfoundry_small at corner max_ss_100C_1v60. The module will be black-boxed.
No libs found for macro classic_fabric_chipfoundry_large at corner max_ss_100C_1v60. The module will be black-boxed.
No libs found for macro vccd1_connection at corner max_ss_100C_1v60. The module will be black-boxed.
No libs found for macro vssd1_connection at corner max_ss_100C_1v60. The module will be black-boxed.
No libs found for macro classic_fabric_chipfoundry_small at corner max_ff_n40C_1v95. The module will be black-boxed.
No libs found for macro classic_fabric_chipfoundry_large at corner max_ff_n40C_1v95. The module will be black-boxed.
No libs found for macro vccd1_connection at corner max_ff_n40C_1v95. The module will be black-boxed.
No libs found for macro vssd1_connection at corner max_ff_n40C_1v95. The module will be black-boxed.
Logging subprocess to [repr.filename]'openframe_project_wrapper/runs/26_06_14_15_00/34-openroad-cts/openroad-cts.log'[/repr.filename]…
Running 'OpenROAD.STAMidPNR-1' at 'openframe_project_wrapper/runs/26_06_14_15_00/35-openroad-stamidpnr-1'…
Logging subprocess to [repr.filename]'openframe_project_wrapper/runs/26_06_14_15_00/35-openroad-stamidpnr-1/openroad-stamidpnr-1.log'[/repr.filename]…
[GRT-0097] No global routing found for nets.
Running 'OpenROAD.ResizerTimingPostCTS' at 'openframe_project_wrapper/runs/26_06_14_15_00/36-openroad-resizertimingpostcts'…
No libs found for macro classic_fabric_chipfoundry_small at corner nom_tt_025C_1v80. The module will be black-boxed.
No libs found for macro classic_fabric_chipfoundry_large at corner nom_tt_025C_1v80. The module will be black-boxed.
No libs found for macro vccd1_connection at corner nom_tt_025C_1v80. The module will be black-boxed.
No libs found for macro vssd1_connection at corner nom_tt_025C_1v80. The module will be black-boxed.
No libs found for macro classic_fabric_chipfoundry_small at corner nom_ss_100C_1v60. The module will be black-boxed.
No libs found for macro classic_fabric_chipfoundry_large at corner nom_ss_100C_1v60. The module will be black-boxed.
No libs found for macro vccd1_connection at corner nom_ss_100C_1v60. The module will be black-boxed.
No libs found for macro vssd1_connection at corner nom_ss_100C_1v60. The module will be black-boxed.
No libs found for macro classic_fabric_chipfoundry_small at corner nom_ff_n40C_1v95. The module will be black-boxed.
No libs found for macro classic_fabric_chipfoundry_large at corner nom_ff_n40C_1v95. The module will be black-boxed.
No libs found for macro vccd1_connection at corner nom_ff_n40C_1v95. The module will be black-boxed.
No libs found for macro vssd1_connection at corner nom_ff_n40C_1v95. The module will be black-boxed.
No libs found for macro classic_fabric_chipfoundry_small at corner min_tt_025C_1v80. The module will be black-boxed.
No libs found for macro classic_fabric_chipfoundry_large at corner min_tt_025C_1v80. The module will be black-boxed.
No libs found for macro vccd1_connection at corner min_tt_025C_1v80. The module will be black-boxed.
No libs found for macro vssd1_connection at corner min_tt_025C_1v80. The module will be black-boxed.
No libs found for macro classic_fabric_chipfoundry_small at corner min_ss_100C_1v60. The module will be black-boxed.
No libs found for macro classic_fabric_chipfoundry_large at corner min_ss_100C_1v60. The module will be black-boxed.
No libs found for macro vccd1_connection at corner min_ss_100C_1v60. The module will be black-boxed.
No libs found for macro vssd1_connection at corner min_ss_100C_1v60. The module will be black-boxed.
No libs found for macro classic_fabric_chipfoundry_small at corner min_ff_n40C_1v95. The module will be black-boxed.
No libs found for macro classic_fabric_chipfoundry_large at corner min_ff_n40C_1v95. The module will be black-boxed.
No libs found for macro vccd1_connection at corner min_ff_n40C_1v95. The module will be black-boxed.
No libs found for macro vssd1_connection at corner min_ff_n40C_1v95. The module will be black-boxed.
No libs found for macro classic_fabric_chipfoundry_small at corner max_tt_025C_1v80. The module will be black-boxed.
No libs found for macro classic_fabric_chipfoundry_large at corner max_tt_025C_1v80. The module will be black-boxed.
No libs found for macro vccd1_connection at corner max_tt_025C_1v80. The module will be black-boxed.
No libs found for macro vssd1_connection at corner max_tt_025C_1v80. The module will be black-boxed.
No libs found for macro classic_fabric_chipfoundry_small at corner max_ss_100C_1v60. The module will be black-boxed.
No libs found for macro classic_fabric_chipfoundry_large at corner max_ss_100C_1v60. The module will be black-boxed.
No libs found for macro vccd1_connection at corner max_ss_100C_1v60. The module will be black-boxed.
No libs found for macro vssd1_connection at corner max_ss_100C_1v60. The module will be black-boxed.
No libs found for macro classic_fabric_chipfoundry_small at corner max_ff_n40C_1v95. The module will be black-boxed.
No libs found for macro classic_fabric_chipfoundry_large at corner max_ff_n40C_1v95. The module will be black-boxed.
No libs found for macro vccd1_connection at corner max_ff_n40C_1v95. The module will be black-boxed.
No libs found for macro vssd1_connection at corner max_ff_n40C_1v95. The module will be black-boxed.
Logging subprocess to [repr.filename]'openframe_project_wrapper/runs/26_06_14_15_00/36-openroad-resizertimingpostcts/openroad-resizertimingpostcts.log'[/repr.filename]…
Running 'OpenROAD.STAMidPNR-2' at 'openframe_project_wrapper/runs/26_06_14_15_00/37-openroad-stamidpnr-2'…
Logging subprocess to [repr.filename]'openframe_project_wrapper/runs/26_06_14_15_00/37-openroad-stamidpnr-2/openroad-stamidpnr-2.log'[/repr.filename]…
[GRT-0097] No global routing found for nets.
Running 'OpenROAD.GlobalRouting' at 'openframe_project_wrapper/runs/26_06_14_15_00/38-openroad-globalrouting'…
Logging subprocess to [repr.filename]'openframe_project_wrapper/runs/26_06_14_15_00/38-openroad-globalrouting/openroad-globalrouting.log'[/repr.filename]…
[GRT-0036] Pin gpio_dm1[0] is outside die area.
[GRT-0036] Pin analog_io[0] is outside die area.
[GRT-0036] Pin analog_io[10] is outside die area.
[GRT-0036] Pin analog_io[11] is outside die area.
[GRT-0036] Pin analog_io[12] is outside die area.
[GRT-0036] Pin analog_io[13] is outside die area.
[GRT-0036] Pin analog_io[14] is outside die area.
[GRT-0036] Pin analog_io[15] is outside die area.
[GRT-0036] Pin analog_io[16] is outside die area.
[GRT-0036] Pin analog_io[17] is outside die area.
[GRT-0036] Pin analog_io[18] is outside die area.
[GRT-0036] Pin analog_io[19] is outside die area.
[GRT-0036] Pin analog_io[1] is outside die area.
[GRT-0036] Pin analog_io[20] is outside die area.
[GRT-0036] Pin analog_io[21] is outside die area.
[GRT-0036] Pin analog_io[22] is outside die area.
[GRT-0036] Pin analog_io[23] is outside die area.
[GRT-0036] Pin analog_io[24] is outside die area.
[GRT-0036] Pin analog_io[25] is outside die area.
[GRT-0036] Pin analog_io[26] is outside die area.
[GRT-0036] Pin analog_io[27] is outside die area.
[GRT-0036] Pin analog_io[28] is outside die area.
[GRT-0036] Pin analog_io[29] is outside die area.
[GRT-0036] Pin analog_io[2] is outside die area.
[GRT-0036] Pin analog_io[30] is outside die area.
[GRT-0036] Pin analog_io[31] is outside die area.
[GRT-0036] Pin analog_io[32] is outside die area.
[GRT-0036] Pin analog_io[33] is outside die area.
[GRT-0036] Pin analog_io[34] is outside die area.
[GRT-0036] Pin analog_io[35] is outside die area.
[GRT-0036] Pin analog_io[36] is outside die area.
[GRT-0036] Pin analog_io[37] is outside die area.
[GRT-0036] Pin analog_io[38] is outside die area.
[GRT-0036] Pin analog_io[39] is outside die area.
[GRT-0036] Pin analog_io[3] is outside die area.
[GRT-0036] Pin analog_io[40] is outside die area.
[GRT-0036] Pin analog_io[41] is outside die area.
[GRT-0036] Pin analog_io[42] is outside die area.
[GRT-0036] Pin analog_io[43] is outside die area.
[GRT-0036] Pin analog_io[4] is outside die area.
[GRT-0036] Pin analog_io[5] is outside die area.
[GRT-0036] Pin analog_io[6] is outside die area.
[GRT-0036] Pin analog_io[7] is outside die area.
[GRT-0036] Pin analog_io[8] is outside die area.
[GRT-0036] Pin analog_io[9] is outside die area.
[GRT-0036] Pin analog_noesd_io[0] is outside die area.
[GRT-0036] Pin analog_noesd_io[10] is outside die area.
[GRT-0036] Pin analog_noesd_io[11] is outside die area.
[GRT-0036] Pin analog_noesd_io[12] is outside die area.
[GRT-0036] Pin analog_noesd_io[13] is outside die area.
[GRT-0036] Pin analog_noesd_io[14] is outside die area.
[GRT-0036] Pin analog_noesd_io[15] is outside die area.
[GRT-0036] Pin analog_noesd_io[16] is outside die area.
[GRT-0036] Pin analog_noesd_io[17] is outside die area.
[GRT-0036] Pin analog_noesd_io[18] is outside die area.
[GRT-0036] Pin analog_noesd_io[19] is outside die area.
[GRT-0036] Pin analog_noesd_io[1] is outside die area.
[GRT-0036] Pin analog_noesd_io[20] is outside die area.
[GRT-0036] Pin analog_noesd_io[21] is outside die area.
[GRT-0036] Pin analog_noesd_io[22] is outside die area.
[GRT-0036] Pin analog_noesd_io[23] is outside die area.
[GRT-0036] Pin analog_noesd_io[24] is outside die area.
[GRT-0036] Pin analog_noesd_io[25] is outside die area.
[GRT-0036] Pin analog_noesd_io[26] is outside die area.
[GRT-0036] Pin analog_noesd_io[27] is outside die area.
[GRT-0036] Pin analog_noesd_io[28] is outside die area.
[GRT-0036] Pin analog_noesd_io[29] is outside die area.
[GRT-0036] Pin analog_noesd_io[2] is outside die area.
[GRT-0036] Pin analog_noesd_io[30] is outside die area.
[GRT-0036] Pin analog_noesd_io[31] is outside die area.
[GRT-0036] Pin analog_noesd_io[32] is outside die area.
[GRT-0036] Pin analog_noesd_io[33] is outside die area.
[GRT-0036] Pin analog_noesd_io[34] is outside die area.
[GRT-0036] Pin analog_noesd_io[35] is outside die area.
[GRT-0036] Pin analog_noesd_io[36] is outside die area.
[GRT-0036] Pin analog_noesd_io[37] is outside die area.
[GRT-0036] Pin analog_noesd_io[38] is outside die area.
[GRT-0036] Pin analog_noesd_io[39] is outside die area.
[GRT-0036] Pin analog_noesd_io[3] is outside die area.
[GRT-0036] Pin analog_noesd_io[40] is outside die area.
[GRT-0036] Pin analog_noesd_io[41] is outside die area.
[GRT-0036] Pin analog_noesd_io[42] is outside die area.
[GRT-0036] Pin analog_noesd_io[43] is outside die area.
[GRT-0036] Pin analog_noesd_io[4] is outside die area.
[GRT-0036] Pin analog_noesd_io[5] is outside die area.
[GRT-0036] Pin analog_noesd_io[6] is outside die area.
[GRT-0036] Pin analog_noesd_io[7] is outside die area.
[GRT-0036] Pin analog_noesd_io[8] is outside die area.
[GRT-0036] Pin analog_noesd_io[9] is outside die area.
[GRT-0036] Pin gpio_analog_pol[0] is outside die area.
[GRT-0036] Pin gpio_analog_en[10] is outside die area.
[GRT-0036] Pin gpio_analog_en[11] is outside die area.
[GRT-0036] Pin gpio_analog_en[12] is outside die area.
[GRT-0036] Pin gpio_analog_en[13] is outside die area.
[GRT-0036] Pin gpio_analog_en[14] is outside die area.
[GRT-0036] Pin gpio_analog_en[15] is outside die area.
[GRT-0036] Pin gpio_analog_en[16] is outside die area.
[GRT-0036] Pin gpio_analog_en[17] is outside die area.
[GRT-0036] Pin gpio_analog_en[18] is outside die area.
[GRT-0036] Pin gpio_analog_en[19] is outside die area.
[GRT-0036] Pin gpio_analog_en[1] is outside die area.
[GRT-0036] Pin gpio_analog_en[20] is outside die area.
[GRT-0036] Pin gpio_analog_en[21] is outside die area.
[GRT-0036] Pin gpio_analog_en[22] is outside die area.
[GRT-0036] Pin gpio_analog_en[23] is outside die area.
[GRT-0036] Pin gpio_analog_en[24] is outside die area.
[GRT-0036] Pin gpio_analog_en[25] is outside die area.
[GRT-0036] Pin gpio_analog_en[26] is outside die area.
[GRT-0036] Pin gpio_analog_en[27] is outside die area.
[GRT-0036] Pin gpio_analog_en[28] is outside die area.
[GRT-0036] Pin gpio_analog_en[29] is outside die area.
[GRT-0036] Pin gpio_analog_en[2] is outside die area.
[GRT-0036] Pin gpio_analog_en[30] is outside die area.
[GRT-0036] Pin gpio_analog_en[31] is outside die area.
[GRT-0036] Pin gpio_analog_en[32] is outside die area.
[GRT-0036] Pin gpio_analog_en[33] is outside die area.
[GRT-0036] Pin gpio_analog_en[34] is outside die area.
[GRT-0036] Pin gpio_analog_en[35] is outside die area.
[GRT-0036] Pin gpio_analog_en[36] is outside die area.
[GRT-0036] Pin gpio_analog_en[37] is outside die area.
[GRT-0036] Pin gpio_analog_en[38] is outside die area.
[GRT-0036] Pin gpio_analog_en[39] is outside die area.
[GRT-0036] Pin gpio_analog_en[3] is outside die area.
[GRT-0036] Pin gpio_analog_en[40] is outside die area.
[GRT-0036] Pin gpio_analog_en[41] is outside die area.
[GRT-0036] Pin gpio_analog_en[42] is outside die area.
[GRT-0036] Pin gpio_analog_en[43] is outside die area.
[GRT-0036] Pin gpio_analog_en[4] is outside die area.
[GRT-0036] Pin gpio_analog_en[5] is outside die area.
[GRT-0036] Pin gpio_analog_en[6] is outside die area.
[GRT-0036] Pin gpio_analog_en[7] is outside die area.
[GRT-0036] Pin gpio_analog_en[8] is outside die area.
[GRT-0036] Pin gpio_analog_en[9] is outside die area.
[GRT-0036] Pin gpio_analog_sel[0] is outside die area.
[GRT-0036] Pin gpio_analog_pol[10] is outside die area.
[GRT-0036] Pin gpio_analog_pol[11] is outside die area.
[GRT-0036] Pin gpio_analog_pol[12] is outside die area.
[GRT-0036] Pin gpio_analog_pol[13] is outside die area.
[GRT-0036] Pin gpio_analog_pol[14] is outside die area.
[GRT-0036] Pin gpio_analog_pol[15] is outside die area.
[GRT-0036] Pin gpio_analog_pol[16] is outside die area.
[GRT-0036] Pin gpio_analog_pol[17] is outside die area.
[GRT-0036] Pin gpio_analog_pol[18] is outside die area.
[GRT-0036] Pin gpio_analog_pol[19] is outside die area.
[GRT-0036] Pin gpio_analog_pol[1] is outside die area.
[GRT-0036] Pin gpio_analog_pol[20] is outside die area.
[GRT-0036] Pin gpio_analog_pol[21] is outside die area.
[GRT-0036] Pin gpio_analog_pol[22] is outside die area.
[GRT-0036] Pin gpio_analog_pol[23] is outside die area.
[GRT-0036] Pin gpio_analog_pol[24] is outside die area.
[GRT-0036] Pin gpio_analog_pol[25] is outside die area.
[GRT-0036] Pin gpio_analog_pol[26] is outside die area.
[GRT-0036] Pin gpio_analog_pol[27] is outside die area.
[GRT-0036] Pin gpio_analog_pol[28] is outside die area.
[GRT-0036] Pin gpio_analog_pol[29] is outside die area.
[GRT-0036] Pin gpio_analog_pol[2] is outside die area.
[GRT-0036] Pin gpio_analog_pol[30] is outside die area.
[GRT-0036] Pin gpio_analog_pol[31] is outside die area.
[GRT-0036] Pin gpio_analog_pol[32] is outside die area.
[GRT-0036] Pin gpio_analog_pol[33] is outside die area.
[GRT-0036] Pin gpio_analog_pol[34] is outside die area.
[GRT-0036] Pin gpio_analog_pol[35] is outside die area.
[GRT-0036] Pin gpio_analog_pol[36] is outside die area.
[GRT-0036] Pin gpio_analog_pol[37] is outside die area.
[GRT-0036] Pin gpio_analog_pol[38] is outside die area.
[GRT-0036] Pin gpio_analog_pol[39] is outside die area.
[GRT-0036] Pin gpio_analog_pol[3] is outside die area.
[GRT-0036] Pin gpio_analog_pol[40] is outside die area.
[GRT-0036] Pin gpio_analog_pol[41] is outside die area.
[GRT-0036] Pin gpio_analog_pol[42] is outside die area.
[GRT-0036] Pin gpio_analog_pol[43] is outside die area.
[GRT-0036] Pin gpio_analog_pol[4] is outside die area.
[GRT-0036] Pin gpio_analog_pol[5] is outside die area.
[GRT-0036] Pin gpio_analog_pol[6] is outside die area.
[GRT-0036] Pin gpio_analog_pol[7] is outside die area.
[GRT-0036] Pin gpio_analog_pol[8] is outside die area.
[GRT-0036] Pin gpio_analog_pol[9] is outside die area.
[GRT-0036] Pin gpio_dm0[0] is outside die area.
[GRT-0036] Pin gpio_analog_sel[10] is outside die area.
[GRT-0036] Pin gpio_analog_sel[11] is outside die area.
[GRT-0036] Pin gpio_analog_sel[12] is outside die area.
[GRT-0036] Pin gpio_analog_sel[13] is outside die area.
[GRT-0036] Pin gpio_analog_sel[14] is outside die area.
[GRT-0036] Pin gpio_analog_sel[15] is outside die area.
[GRT-0036] Pin gpio_analog_sel[16] is outside die area.
[GRT-0036] Pin gpio_analog_sel[17] is outside die area.
[GRT-0036] Pin gpio_analog_sel[18] is outside die area.
[GRT-0036] Pin gpio_analog_sel[19] is outside die area.
[GRT-0036] Pin gpio_analog_sel[1] is outside die area.
[GRT-0036] Pin gpio_analog_sel[20] is outside die area.
[GRT-0036] Pin gpio_analog_sel[21] is outside die area.
[GRT-0036] Pin gpio_analog_sel[22] is outside die area.
[GRT-0036] Pin gpio_analog_sel[23] is outside die area.
[GRT-0036] Pin gpio_analog_sel[24] is outside die area.
[GRT-0036] Pin gpio_analog_sel[25] is outside die area.
[GRT-0036] Pin gpio_analog_sel[26] is outside die area.
[GRT-0036] Pin gpio_analog_sel[27] is outside die area.
[GRT-0036] Pin gpio_analog_sel[28] is outside die area.
[GRT-0036] Pin gpio_analog_sel[29] is outside die area.
[GRT-0036] Pin gpio_analog_sel[2] is outside die area.
[GRT-0036] Pin gpio_analog_sel[30] is outside die area.
[GRT-0036] Pin gpio_analog_sel[31] is outside die area.
[GRT-0036] Pin gpio_analog_sel[32] is outside die area.
[GRT-0036] Pin gpio_analog_sel[33] is outside die area.
[GRT-0036] Pin gpio_analog_sel[34] is outside die area.
[GRT-0036] Pin gpio_analog_sel[35] is outside die area.
[GRT-0036] Pin gpio_analog_sel[36] is outside die area.
[GRT-0036] Pin gpio_analog_sel[37] is outside die area.
[GRT-0036] Pin gpio_analog_sel[38] is outside die area.
[GRT-0036] Pin gpio_analog_sel[39] is outside die area.
[GRT-0036] Pin gpio_analog_sel[3] is outside die area.
[GRT-0036] Pin gpio_analog_sel[40] is outside die area.
[GRT-0036] Pin gpio_analog_sel[41] is outside die area.
[GRT-0036] Pin gpio_analog_sel[42] is outside die area.
[GRT-0036] Pin gpio_analog_sel[43] is outside die area.
[GRT-0036] Pin gpio_analog_sel[4] is outside die area.
[GRT-0036] Pin gpio_analog_sel[5] is outside die area.
[GRT-0036] Pin gpio_analog_sel[6] is outside die area.
[GRT-0036] Pin gpio_analog_sel[7] is outside die area.
[GRT-0036] Pin gpio_analog_sel[8] is outside die area.
[GRT-0036] Pin gpio_analog_sel[9] is outside die area.
[GRT-0036] Pin gpio_dm2[0] is outside die area.
[GRT-0036] Pin gpio_dm0[10] is outside die area.
[GRT-0036] Pin gpio_dm0[11] is outside die area.
[GRT-0036] Pin gpio_dm0[12] is outside die area.
[GRT-0036] Pin gpio_dm0[13] is outside die area.
[GRT-0036] Pin gpio_dm0[14] is outside die area.
[GRT-0036] Pin gpio_dm0[15] is outside die area.
[GRT-0036] Pin gpio_dm0[16] is outside die area.
[GRT-0036] Pin gpio_dm0[17] is outside die area.
[GRT-0036] Pin gpio_dm0[18] is outside die area.
[GRT-0036] Pin gpio_dm0[19] is outside die area.
[GRT-0036] Pin gpio_dm0[1] is outside die area.
[GRT-0036] Pin gpio_dm0[20] is outside die area.
[GRT-0036] Pin gpio_dm0[21] is outside die area.
[GRT-0036] Pin gpio_dm0[22] is outside die area.
[GRT-0036] Pin gpio_dm0[23] is outside die area.
[GRT-0036] Pin gpio_dm0[24] is outside die area.
[GRT-0036] Pin gpio_dm0[25] is outside die area.
[GRT-0036] Pin gpio_dm0[26] is outside die area.
[GRT-0036] Pin gpio_dm0[27] is outside die area.
[GRT-0036] Pin gpio_dm0[28] is outside die area.
[GRT-0036] Pin gpio_dm0[29] is outside die area.
[GRT-0036] Pin gpio_dm0[2] is outside die area.
[GRT-0036] Pin gpio_dm0[30] is outside die area.
[GRT-0036] Pin gpio_dm0[31] is outside die area.
[GRT-0036] Pin gpio_dm0[32] is outside die area.
[GRT-0036] Pin gpio_dm0[33] is outside die area.
[GRT-0036] Pin gpio_dm0[34] is outside die area.
[GRT-0036] Pin gpio_dm0[35] is outside die area.
[GRT-0036] Pin gpio_dm0[36] is outside die area.
[GRT-0036] Pin gpio_dm0[37] is outside die area.
[GRT-0036] Pin gpio_dm0[38] is outside die area.
[GRT-0036] Pin gpio_dm0[39] is outside die area.
[GRT-0036] Pin gpio_dm0[3] is outside die area.
[GRT-0036] Pin gpio_dm0[40] is outside die area.
[GRT-0036] Pin gpio_dm0[41] is outside die area.
[GRT-0036] Pin gpio_dm0[42] is outside die area.
[GRT-0036] Pin gpio_dm0[43] is outside die area.
[GRT-0036] Pin gpio_dm0[4] is outside die area.
[GRT-0036] Pin gpio_dm0[5] is outside die area.
[GRT-0036] Pin gpio_dm0[6] is outside die area.
[GRT-0036] Pin gpio_dm0[7] is outside die area.
[GRT-0036] Pin gpio_dm0[8] is outside die area.
[GRT-0036] Pin gpio_dm0[9] is outside die area.
[GRT-0036] Pin gpio_dm1[10] is outside die area.
[GRT-0036] Pin gpio_dm1[11] is outside die area.
[GRT-0036] Pin gpio_dm1[12] is outside die area.
[GRT-0036] Pin gpio_dm1[13] is outside die area.
[GRT-0036] Pin gpio_dm1[14] is outside die area.
[GRT-0036] Pin gpio_dm1[15] is outside die area.
[GRT-0036] Pin gpio_dm1[16] is outside die area.
[GRT-0036] Pin gpio_dm1[17] is outside die area.
[GRT-0036] Pin gpio_dm1[18] is outside die area.
[GRT-0036] Pin gpio_dm1[19] is outside die area.
[GRT-0036] Pin gpio_dm1[1] is outside die area.
[GRT-0036] Pin gpio_dm1[20] is outside die area.
[GRT-0036] Pin gpio_dm1[21] is outside die area.
[GRT-0036] Pin gpio_dm1[22] is outside die area.
[GRT-0036] Pin gpio_dm1[23] is outside die area.
[GRT-0036] Pin gpio_dm1[24] is outside die area.
[GRT-0036] Pin gpio_dm1[25] is outside die area.
[GRT-0036] Pin gpio_dm1[26] is outside die area.
[GRT-0036] Pin gpio_dm1[27] is outside die area.
[GRT-0036] Pin gpio_dm1[28] is outside die area.
[GRT-0036] Pin gpio_dm1[29] is outside die area.
[GRT-0036] Pin gpio_dm1[2] is outside die area.
[GRT-0036] Pin gpio_dm1[30] is outside die area.
[GRT-0036] Pin gpio_dm1[31] is outside die area.
[GRT-0036] Pin gpio_dm1[32] is outside die area.
[GRT-0036] Pin gpio_dm1[33] is outside die area.
[GRT-0036] Pin gpio_dm1[34] is outside die area.
[GRT-0036] Pin gpio_dm1[35] is outside die area.
[GRT-0036] Pin gpio_dm1[36] is outside die area.
[GRT-0036] Pin gpio_dm1[37] is outside die area.
[GRT-0036] Pin gpio_dm1[38] is outside die area.
[GRT-0036] Pin gpio_dm1[39] is outside die area.
[GRT-0036] Pin gpio_dm1[3] is outside die area.
[GRT-0036] Pin gpio_dm1[40] is outside die area.
[GRT-0036] Pin gpio_dm1[41] is outside die area.
[GRT-0036] Pin gpio_dm1[42] is outside die area.
[GRT-0036] Pin gpio_dm1[43] is outside die area.
[GRT-0036] Pin gpio_dm1[4] is outside die area.
[GRT-0036] Pin gpio_dm1[5] is outside die area.
[GRT-0036] Pin gpio_dm1[6] is outside die area.
[GRT-0036] Pin gpio_dm1[7] is outside die area.
[GRT-0036] Pin gpio_dm1[8] is outside die area.
[GRT-0036] Pin gpio_dm1[9] is outside die area.
[GRT-0036] Pin gpio_holdover[0] is outside die area.
[GRT-0036] Pin gpio_dm2[10] is outside die area.
[GRT-0036] Pin gpio_dm2[11] is outside die area.
[GRT-0036] Pin gpio_dm2[12] is outside die area.
[GRT-0036] Pin gpio_dm2[13] is outside die area.
[GRT-0036] Pin gpio_dm2[14] is outside die area.
[GRT-0036] Pin gpio_dm2[15] is outside die area.
[GRT-0036] Pin gpio_dm2[16] is outside die area.
[GRT-0036] Pin gpio_dm2[17] is outside die area.
[GRT-0036] Pin gpio_dm2[18] is outside die area.
[GRT-0036] Pin gpio_dm2[19] is outside die area.
[GRT-0036] Pin gpio_dm2[1] is outside die area.
[GRT-0036] Pin gpio_dm2[20] is outside die area.
[GRT-0036] Pin gpio_dm2[21] is outside die area.
[GRT-0036] Pin gpio_dm2[22] is outside die area.
[GRT-0036] Pin gpio_dm2[23] is outside die area.
[GRT-0036] Pin gpio_dm2[24] is outside die area.
[GRT-0036] Pin gpio_dm2[25] is outside die area.
[GRT-0036] Pin gpio_dm2[26] is outside die area.
[GRT-0036] Pin gpio_dm2[27] is outside die area.
[GRT-0036] Pin gpio_dm2[28] is outside die area.
[GRT-0036] Pin gpio_dm2[29] is outside die area.
[GRT-0036] Pin gpio_dm2[2] is outside die area.
[GRT-0036] Pin gpio_dm2[30] is outside die area.
[GRT-0036] Pin gpio_dm2[31] is outside die area.
[GRT-0036] Pin gpio_dm2[32] is outside die area.
[GRT-0036] Pin gpio_dm2[33] is outside die area.
[GRT-0036] Pin gpio_dm2[34] is outside die area.
[GRT-0036] Pin gpio_dm2[35] is outside die area.
[GRT-0036] Pin gpio_dm2[36] is outside die area.
[GRT-0036] Pin gpio_dm2[37] is outside die area.
[GRT-0036] Pin gpio_dm2[38] is outside die area.
[GRT-0036] Pin gpio_dm2[39] is outside die area.
[GRT-0036] Pin gpio_dm2[3] is outside die area.
[GRT-0036] Pin gpio_dm2[40] is outside die area.
[GRT-0036] Pin gpio_dm2[41] is outside die area.
[GRT-0036] Pin gpio_dm2[42] is outside die area.
[GRT-0036] Pin gpio_dm2[43] is outside die area.
[GRT-0036] Pin gpio_dm2[4] is outside die area.
[GRT-0036] Pin gpio_dm2[5] is outside die area.
[GRT-0036] Pin gpio_dm2[6] is outside die area.
[GRT-0036] Pin gpio_dm2[7] is outside die area.
[GRT-0036] Pin gpio_dm2[8] is outside die area.
[GRT-0036] Pin gpio_dm2[9] is outside die area.
[GRT-0036] Pin gpio_ib_mode_sel[0] is outside die area.
[GRT-0036] Pin gpio_holdover[10] is outside die area.
[GRT-0036] Pin gpio_holdover[11] is outside die area.
[GRT-0036] Pin gpio_holdover[12] is outside die area.
[GRT-0036] Pin gpio_holdover[13] is outside die area.
[GRT-0036] Pin gpio_holdover[14] is outside die area.
[GRT-0036] Pin gpio_holdover[15] is outside die area.
[GRT-0036] Pin gpio_holdover[16] is outside die area.
[GRT-0036] Pin gpio_holdover[17] is outside die area.
[GRT-0036] Pin gpio_holdover[18] is outside die area.
[GRT-0036] Pin gpio_holdover[19] is outside die area.
[GRT-0036] Pin gpio_holdover[1] is outside die area.
[GRT-0036] Pin gpio_holdover[20] is outside die area.
[GRT-0036] Pin gpio_holdover[21] is outside die area.
[GRT-0036] Pin gpio_holdover[22] is outside die area.
[GRT-0036] Pin gpio_holdover[23] is outside die area.
[GRT-0036] Pin gpio_holdover[24] is outside die area.
[GRT-0036] Pin gpio_holdover[25] is outside die area.
[GRT-0036] Pin gpio_holdover[26] is outside die area.
[GRT-0036] Pin gpio_holdover[27] is outside die area.
[GRT-0036] Pin gpio_holdover[28] is outside die area.
[GRT-0036] Pin gpio_holdover[29] is outside die area.
[GRT-0036] Pin gpio_holdover[2] is outside die area.
[GRT-0036] Pin gpio_holdover[30] is outside die area.
[GRT-0036] Pin gpio_holdover[31] is outside die area.
[GRT-0036] Pin gpio_holdover[32] is outside die area.
[GRT-0036] Pin gpio_holdover[33] is outside die area.
[GRT-0036] Pin gpio_holdover[34] is outside die area.
[GRT-0036] Pin gpio_holdover[35] is outside die area.
[GRT-0036] Pin gpio_holdover[36] is outside die area.
[GRT-0036] Pin gpio_holdover[37] is outside die area.
[GRT-0036] Pin gpio_holdover[38] is outside die area.
[GRT-0036] Pin gpio_holdover[39] is outside die area.
[GRT-0036] Pin gpio_holdover[3] is outside die area.
[GRT-0036] Pin gpio_holdover[40] is outside die area.
[GRT-0036] Pin gpio_holdover[41] is outside die area.
[GRT-0036] Pin gpio_holdover[42] is outside die area.
[GRT-0036] Pin gpio_holdover[43] is outside die area.
[GRT-0036] Pin gpio_holdover[4] is outside die area.
[GRT-0036] Pin gpio_holdover[5] is outside die area.
[GRT-0036] Pin gpio_holdover[6] is outside die area.
[GRT-0036] Pin gpio_holdover[7] is outside die area.
[GRT-0036] Pin gpio_holdover[8] is outside die area.
[GRT-0036] Pin gpio_holdover[9] is outside die area.
[GRT-0036] Pin gpio_inp_dis[0] is outside die area.
[GRT-0036] Pin gpio_ib_mode_sel[10] is outside die area.
[GRT-0036] Pin gpio_ib_mode_sel[11] is outside die area.
[GRT-0036] Pin gpio_ib_mode_sel[12] is outside die area.
[GRT-0036] Pin gpio_ib_mode_sel[13] is outside die area.
[GRT-0036] Pin gpio_ib_mode_sel[14] is outside die area.
[GRT-0036] Pin gpio_ib_mode_sel[15] is outside die area.
[GRT-0036] Pin gpio_ib_mode_sel[16] is outside die area.
[GRT-0036] Pin gpio_ib_mode_sel[17] is outside die area.
[GRT-0036] Pin gpio_ib_mode_sel[18] is outside die area.
[GRT-0036] Pin gpio_ib_mode_sel[19] is outside die area.
[GRT-0036] Pin gpio_ib_mode_sel[1] is outside die area.
[GRT-0036] Pin gpio_ib_mode_sel[20] is outside die area.
[GRT-0036] Pin gpio_ib_mode_sel[21] is outside die area.
[GRT-0036] Pin gpio_ib_mode_sel[22] is outside die area.
[GRT-0036] Pin gpio_ib_mode_sel[23] is outside die area.
[GRT-0036] Pin gpio_ib_mode_sel[24] is outside die area.
[GRT-0036] Pin gpio_ib_mode_sel[25] is outside die area.
[GRT-0036] Pin gpio_ib_mode_sel[26] is outside die area.
[GRT-0036] Pin gpio_ib_mode_sel[27] is outside die area.
[GRT-0036] Pin gpio_ib_mode_sel[28] is outside die area.
[GRT-0036] Pin gpio_ib_mode_sel[29] is outside die area.
[GRT-0036] Pin gpio_ib_mode_sel[2] is outside die area.
[GRT-0036] Pin gpio_ib_mode_sel[30] is outside die area.
[GRT-0036] Pin gpio_ib_mode_sel[31] is outside die area.
[GRT-0036] Pin gpio_ib_mode_sel[32] is outside die area.
[GRT-0036] Pin gpio_ib_mode_sel[33] is outside die area.
[GRT-0036] Pin gpio_ib_mode_sel[34] is outside die area.
[GRT-0036] Pin gpio_ib_mode_sel[35] is outside die area.
[GRT-0036] Pin gpio_ib_mode_sel[36] is outside die area.
[GRT-0036] Pin gpio_ib_mode_sel[37] is outside die area.
[GRT-0036] Pin gpio_ib_mode_sel[38] is outside die area.
[GRT-0036] Pin gpio_ib_mode_sel[39] is outside die area.
[GRT-0036] Pin gpio_ib_mode_sel[3] is outside die area.
[GRT-0036] Pin gpio_ib_mode_sel[40] is outside die area.
[GRT-0036] Pin gpio_ib_mode_sel[41] is outside die area.
[GRT-0036] Pin gpio_ib_mode_sel[42] is outside die area.
[GRT-0036] Pin gpio_ib_mode_sel[43] is outside die area.
[GRT-0036] Pin gpio_ib_mode_sel[4] is outside die area.
[GRT-0036] Pin gpio_ib_mode_sel[5] is outside die area.
[GRT-0036] Pin gpio_ib_mode_sel[6] is outside die area.
[GRT-0036] Pin gpio_ib_mode_sel[7] is outside die area.
[GRT-0036] Pin gpio_ib_mode_sel[8] is outside die area.
[GRT-0036] Pin gpio_ib_mode_sel[9] is outside die area.
[GRT-0036] Pin gpio_in[0] is outside die area.
[GRT-0036] Pin gpio_in[10] is outside die area.
[GRT-0036] Pin gpio_in[11] is outside die area.
[GRT-0036] Pin gpio_in[12] is outside die area.
[GRT-0036] Pin gpio_in[13] is outside die area.
[GRT-0036] Pin gpio_in[14] is outside die area.
[GRT-0036] Pin gpio_in[15] is outside die area.
[GRT-0036] Pin gpio_in[16] is outside die area.
[GRT-0036] Pin gpio_in[17] is outside die area.
[GRT-0036] Pin gpio_in[18] is outside die area.
[GRT-0036] Pin gpio_in[19] is outside die area.
[GRT-0036] Pin gpio_in[1] is outside die area.
[GRT-0036] Pin gpio_in[20] is outside die area.
[GRT-0036] Pin gpio_in[21] is outside die area.
[GRT-0036] Pin gpio_in[22] is outside die area.
[GRT-0036] Pin gpio_in[23] is outside die area.
[GRT-0036] Pin gpio_in[24] is outside die area.
[GRT-0036] Pin gpio_in[25] is outside die area.
[GRT-0036] Pin gpio_in[26] is outside die area.
[GRT-0036] Pin gpio_in[27] is outside die area.
[GRT-0036] Pin gpio_in[28] is outside die area.
[GRT-0036] Pin gpio_in[29] is outside die area.
[GRT-0036] Pin gpio_in[2] is outside die area.
[GRT-0036] Pin gpio_in[30] is outside die area.
[GRT-0036] Pin gpio_in[31] is outside die area.
[GRT-0036] Pin gpio_in[32] is outside die area.
[GRT-0036] Pin gpio_in[33] is outside die area.
[GRT-0036] Pin gpio_in[34] is outside die area.
[GRT-0036] Pin gpio_in[35] is outside die area.
[GRT-0036] Pin gpio_in[36] is outside die area.
[GRT-0036] Pin gpio_in[37] is outside die area.
[GRT-0036] Pin gpio_in[38] is outside die area.
[GRT-0036] Pin gpio_in[39] is outside die area.
[GRT-0036] Pin gpio_in[3] is outside die area.
[GRT-0036] Pin gpio_in[40] is outside die area.
[GRT-0036] Pin gpio_in[41] is outside die area.
[GRT-0036] Pin gpio_in[42] is outside die area.
[GRT-0036] Pin gpio_in[43] is outside die area.
[GRT-0036] Pin gpio_in[4] is outside die area.
[GRT-0036] Pin gpio_in[5] is outside die area.
[GRT-0036] Pin gpio_in[6] is outside die area.
[GRT-0036] Pin gpio_in[7] is outside die area.
[GRT-0036] Pin gpio_in[8] is outside die area.
[GRT-0036] Pin gpio_in[9] is outside die area.
[GRT-0036] Pin gpio_in_h[0] is outside die area.
[GRT-0036] Pin gpio_in_h[10] is outside die area.
[GRT-0036] Pin gpio_in_h[11] is outside die area.
[GRT-0036] Pin gpio_in_h[12] is outside die area.
[GRT-0036] Pin gpio_in_h[13] is outside die area.
[GRT-0036] Pin gpio_in_h[14] is outside die area.
[GRT-0036] Pin gpio_in_h[15] is outside die area.
[GRT-0036] Pin gpio_in_h[16] is outside die area.
[GRT-0036] Pin gpio_in_h[17] is outside die area.
[GRT-0036] Pin gpio_in_h[18] is outside die area.
[GRT-0036] Pin gpio_in_h[19] is outside die area.
[GRT-0036] Pin gpio_in_h[1] is outside die area.
[GRT-0036] Pin gpio_in_h[20] is outside die area.
[GRT-0036] Pin gpio_in_h[21] is outside die area.
[GRT-0036] Pin gpio_in_h[22] is outside die area.
[GRT-0036] Pin gpio_in_h[23] is outside die area.
[GRT-0036] Pin gpio_in_h[24] is outside die area.
[GRT-0036] Pin gpio_in_h[25] is outside die area.
[GRT-0036] Pin gpio_in_h[26] is outside die area.
[GRT-0036] Pin gpio_in_h[27] is outside die area.
[GRT-0036] Pin gpio_in_h[28] is outside die area.
[GRT-0036] Pin gpio_in_h[29] is outside die area.
[GRT-0036] Pin gpio_in_h[2] is outside die area.
[GRT-0036] Pin gpio_in_h[30] is outside die area.
[GRT-0036] Pin gpio_in_h[31] is outside die area.
[GRT-0036] Pin gpio_in_h[32] is outside die area.
[GRT-0036] Pin gpio_in_h[33] is outside die area.
[GRT-0036] Pin gpio_in_h[34] is outside die area.
[GRT-0036] Pin gpio_in_h[35] is outside die area.
[GRT-0036] Pin gpio_in_h[36] is outside die area.
[GRT-0036] Pin gpio_in_h[37] is outside die area.
[GRT-0036] Pin gpio_in_h[38] is outside die area.
[GRT-0036] Pin gpio_in_h[39] is outside die area.
[GRT-0036] Pin gpio_in_h[3] is outside die area.
[GRT-0036] Pin gpio_in_h[40] is outside die area.
[GRT-0036] Pin gpio_in_h[41] is outside die area.
[GRT-0036] Pin gpio_in_h[42] is outside die area.
[GRT-0036] Pin gpio_in_h[43] is outside die area.
[GRT-0036] Pin gpio_in_h[4] is outside die area.
[GRT-0036] Pin gpio_in_h[5] is outside die area.
[GRT-0036] Pin gpio_in_h[6] is outside die area.
[GRT-0036] Pin gpio_in_h[7] is outside die area.
[GRT-0036] Pin gpio_in_h[8] is outside die area.
[GRT-0036] Pin gpio_in_h[9] is outside die area.
[GRT-0036] Pin gpio_oeb[0] is outside die area.
[GRT-0036] Pin gpio_inp_dis[10] is outside die area.
[GRT-0036] Pin gpio_inp_dis[11] is outside die area.
[GRT-0036] Pin gpio_inp_dis[12] is outside die area.
[GRT-0036] Pin gpio_inp_dis[13] is outside die area.
[GRT-0036] Pin gpio_inp_dis[14] is outside die area.
[GRT-0036] Pin gpio_inp_dis[15] is outside die area.
[GRT-0036] Pin gpio_inp_dis[16] is outside die area.
[GRT-0036] Pin gpio_inp_dis[17] is outside die area.
[GRT-0036] Pin gpio_inp_dis[18] is outside die area.
[GRT-0036] Pin gpio_inp_dis[19] is outside die area.
[GRT-0036] Pin gpio_inp_dis[1] is outside die area.
[GRT-0036] Pin gpio_inp_dis[20] is outside die area.
[GRT-0036] Pin gpio_inp_dis[21] is outside die area.
[GRT-0036] Pin gpio_inp_dis[22] is outside die area.
[GRT-0036] Pin gpio_inp_dis[23] is outside die area.
[GRT-0036] Pin gpio_inp_dis[24] is outside die area.
[GRT-0036] Pin gpio_inp_dis[25] is outside die area.
[GRT-0036] Pin gpio_inp_dis[26] is outside die area.
[GRT-0036] Pin gpio_inp_dis[27] is outside die area.
[GRT-0036] Pin gpio_inp_dis[28] is outside die area.
[GRT-0036] Pin gpio_inp_dis[29] is outside die area.
[GRT-0036] Pin gpio_inp_dis[2] is outside die area.
[GRT-0036] Pin gpio_inp_dis[30] is outside die area.
[GRT-0036] Pin gpio_inp_dis[31] is outside die area.
[GRT-0036] Pin gpio_inp_dis[32] is outside die area.
[GRT-0036] Pin gpio_inp_dis[33] is outside die area.
[GRT-0036] Pin gpio_inp_dis[34] is outside die area.
[GRT-0036] Pin gpio_inp_dis[35] is outside die area.
[GRT-0036] Pin gpio_inp_dis[36] is outside die area.
[GRT-0036] Pin gpio_inp_dis[37] is outside die area.
[GRT-0036] Pin gpio_inp_dis[38] is outside die area.
[GRT-0036] Pin gpio_inp_dis[39] is outside die area.
[GRT-0036] Pin gpio_inp_dis[3] is outside die area.
[GRT-0036] Pin gpio_inp_dis[40] is outside die area.
[GRT-0036] Pin gpio_inp_dis[41] is outside die area.
[GRT-0036] Pin gpio_inp_dis[42] is outside die area.
[GRT-0036] Pin gpio_inp_dis[43] is outside die area.
[GRT-0036] Pin gpio_inp_dis[4] is outside die area.
[GRT-0036] Pin gpio_inp_dis[5] is outside die area.
[GRT-0036] Pin gpio_inp_dis[6] is outside die area.
[GRT-0036] Pin gpio_inp_dis[7] is outside die area.
[GRT-0036] Pin gpio_inp_dis[8] is outside die area.
[GRT-0036] Pin gpio_inp_dis[9] is outside die area.
[GRT-0036] Pin gpio_loopback_one[0] is outside die area.
[GRT-0036] Pin gpio_loopback_one[10] is outside die area.
[GRT-0036] Pin gpio_loopback_one[11] is outside die area.
[GRT-0036] Pin gpio_loopback_one[12] is outside die area.
[GRT-0036] Pin gpio_loopback_one[13] is outside die area.
[GRT-0036] Pin gpio_loopback_one[14] is outside die area.
[GRT-0036] Pin gpio_loopback_one[15] is outside die area.
[GRT-0036] Pin gpio_loopback_one[16] is outside die area.
[GRT-0036] Pin gpio_loopback_one[17] is outside die area.
[GRT-0036] Pin gpio_loopback_one[18] is outside die area.
[GRT-0036] Pin gpio_loopback_one[19] is outside die area.
[GRT-0036] Pin gpio_loopback_one[1] is outside die area.
[GRT-0036] Pin gpio_loopback_one[20] is outside die area.
[GRT-0036] Pin gpio_loopback_one[21] is outside die area.
[GRT-0036] Pin gpio_loopback_one[22] is outside die area.
[GRT-0036] Pin gpio_loopback_one[23] is outside die area.
[GRT-0036] Pin gpio_loopback_one[24] is outside die area.
[GRT-0036] Pin gpio_loopback_one[25] is outside die area.
[GRT-0036] Pin gpio_loopback_one[26] is outside die area.
[GRT-0036] Pin gpio_loopback_one[27] is outside die area.
[GRT-0036] Pin gpio_loopback_one[28] is outside die area.
[GRT-0036] Pin gpio_loopback_one[29] is outside die area.
[GRT-0036] Pin gpio_loopback_one[2] is outside die area.
[GRT-0036] Pin gpio_loopback_one[30] is outside die area.
[GRT-0036] Pin gpio_loopback_one[31] is outside die area.
[GRT-0036] Pin gpio_loopback_one[32] is outside die area.
[GRT-0036] Pin gpio_loopback_one[33] is outside die area.
[GRT-0036] Pin gpio_loopback_one[34] is outside die area.
[GRT-0036] Pin gpio_loopback_one[35] is outside die area.
[GRT-0036] Pin gpio_loopback_one[36] is outside die area.
[GRT-0036] Pin gpio_loopback_one[37] is outside die area.
[GRT-0036] Pin gpio_loopback_one[38] is outside die area.
[GRT-0036] Pin gpio_loopback_one[39] is outside die area.
[GRT-0036] Pin gpio_loopback_one[3] is outside die area.
[GRT-0036] Pin gpio_loopback_one[40] is outside die area.
[GRT-0036] Pin gpio_loopback_one[41] is outside die area.
[GRT-0036] Pin gpio_loopback_one[42] is outside die area.
[GRT-0036] Pin gpio_loopback_one[43] is outside die area.
[GRT-0036] Pin gpio_loopback_one[4] is outside die area.
[GRT-0036] Pin gpio_loopback_one[5] is outside die area.
[GRT-0036] Pin gpio_loopback_one[6] is outside die area.
[GRT-0036] Pin gpio_loopback_one[7] is outside die area.
[GRT-0036] Pin gpio_loopback_one[8] is outside die area.
[GRT-0036] Pin gpio_loopback_one[9] is outside die area.
[GRT-0036] Pin gpio_loopback_zero[0] is outside die area.
[GRT-0036] Pin gpio_loopback_zero[10] is outside die area.
[GRT-0036] Pin gpio_loopback_zero[11] is outside die area.
[GRT-0036] Pin gpio_loopback_zero[12] is outside die area.
[GRT-0036] Pin gpio_loopback_zero[13] is outside die area.
[GRT-0036] Pin gpio_loopback_zero[14] is outside die area.
[GRT-0036] Pin gpio_loopback_zero[15] is outside die area.
[GRT-0036] Pin gpio_loopback_zero[16] is outside die area.
[GRT-0036] Pin gpio_loopback_zero[17] is outside die area.
[GRT-0036] Pin gpio_loopback_zero[18] is outside die area.
[GRT-0036] Pin gpio_loopback_zero[19] is outside die area.
[GRT-0036] Pin gpio_loopback_zero[1] is outside die area.
[GRT-0036] Pin gpio_loopback_zero[20] is outside die area.
[GRT-0036] Pin gpio_loopback_zero[21] is outside die area.
[GRT-0036] Pin gpio_loopback_zero[22] is outside die area.
[GRT-0036] Pin gpio_loopback_zero[23] is outside die area.
[GRT-0036] Pin gpio_loopback_zero[24] is outside die area.
[GRT-0036] Pin gpio_loopback_zero[25] is outside die area.
[GRT-0036] Pin gpio_loopback_zero[26] is outside die area.
[GRT-0036] Pin gpio_loopback_zero[27] is outside die area.
[GRT-0036] Pin gpio_loopback_zero[28] is outside die area.
[GRT-0036] Pin gpio_loopback_zero[29] is outside die area.
[GRT-0036] Pin gpio_loopback_zero[2] is outside die area.
[GRT-0036] Pin gpio_loopback_zero[30] is outside die area.
[GRT-0036] Pin gpio_loopback_zero[31] is outside die area.
[GRT-0036] Pin gpio_loopback_zero[32] is outside die area.
[GRT-0036] Pin gpio_loopback_zero[33] is outside die area.
[GRT-0036] Pin gpio_loopback_zero[34] is outside die area.
[GRT-0036] Pin gpio_loopback_zero[35] is outside die area.
[GRT-0036] Pin gpio_loopback_zero[36] is outside die area.
[GRT-0036] Pin gpio_loopback_zero[37] is outside die area.
[GRT-0036] Pin gpio_loopback_zero[38] is outside die area.
[GRT-0036] Pin gpio_loopback_zero[39] is outside die area.
[GRT-0036] Pin gpio_loopback_zero[3] is outside die area.
[GRT-0036] Pin gpio_loopback_zero[40] is outside die area.
[GRT-0036] Pin gpio_loopback_zero[41] is outside die area.
[GRT-0036] Pin gpio_loopback_zero[42] is outside die area.
[GRT-0036] Pin gpio_loopback_zero[43] is outside die area.
[GRT-0036] Pin gpio_loopback_zero[4] is outside die area.
[GRT-0036] Pin gpio_loopback_zero[5] is outside die area.
[GRT-0036] Pin gpio_loopback_zero[6] is outside die area.
[GRT-0036] Pin gpio_loopback_zero[7] is outside die area.
[GRT-0036] Pin gpio_loopback_zero[8] is outside die area.
[GRT-0036] Pin gpio_loopback_zero[9] is outside die area.
[GRT-0036] Pin gpio_out[29] is outside die area.
[GRT-0036] Pin gpio_oeb[10] is outside die area.
[GRT-0036] Pin gpio_oeb[11] is outside die area.
[GRT-0036] Pin gpio_oeb[12] is outside die area.
[GRT-0036] Pin gpio_oeb[13] is outside die area.
[GRT-0036] Pin gpio_oeb[14] is outside die area.
[GRT-0036] Pin gpio_oeb[15] is outside die area.
[GRT-0036] Pin gpio_oeb[16] is outside die area.
[GRT-0036] Pin gpio_oeb[17] is outside die area.
[GRT-0036] Pin gpio_oeb[18] is outside die area.
[GRT-0036] Pin gpio_oeb[19] is outside die area.
[GRT-0036] Pin gpio_oeb[1] is outside die area.
[GRT-0036] Pin gpio_oeb[20] is outside die area.
[GRT-0036] Pin gpio_oeb[21] is outside die area.
[GRT-0036] Pin gpio_oeb[22] is outside die area.
[GRT-0036] Pin gpio_oeb[23] is outside die area.
[GRT-0036] Pin gpio_oeb[24] is outside die area.
[GRT-0036] Pin gpio_oeb[25] is outside die area.
[GRT-0036] Pin gpio_oeb[26] is outside die area.
[GRT-0036] Pin gpio_oeb[27] is outside die area.
[GRT-0036] Pin gpio_oeb[28] is outside die area.
[GRT-0036] Pin gpio_oeb[29] is outside die area.
[GRT-0036] Pin gpio_oeb[2] is outside die area.
[GRT-0036] Pin gpio_oeb[30] is outside die area.
[GRT-0036] Pin gpio_oeb[31] is outside die area.
[GRT-0036] Pin gpio_oeb[32] is outside die area.
[GRT-0036] Pin gpio_oeb[33] is outside die area.
[GRT-0036] Pin gpio_oeb[34] is outside die area.
[GRT-0036] Pin gpio_oeb[35] is outside die area.
[GRT-0036] Pin gpio_oeb[36] is outside die area.
[GRT-0036] Pin gpio_oeb[37] is outside die area.
[GRT-0036] Pin gpio_oeb[38] is outside die area.
[GRT-0036] Pin gpio_oeb[39] is outside die area.
[GRT-0036] Pin gpio_oeb[3] is outside die area.
[GRT-0036] Pin gpio_oeb[40] is outside die area.
[GRT-0036] Pin gpio_oeb[41] is outside die area.
[GRT-0036] Pin gpio_oeb[42] is outside die area.
[GRT-0036] Pin gpio_oeb[43] is outside die area.
[GRT-0036] Pin gpio_oeb[4] is outside die area.
[GRT-0036] Pin gpio_oeb[5] is outside die area.
[GRT-0036] Pin gpio_oeb[6] is outside die area.
[GRT-0036] Pin gpio_oeb[7] is outside die area.
[GRT-0036] Pin gpio_oeb[8] is outside die area.
[GRT-0036] Pin gpio_oeb[9] is outside die area.
[GRT-0036] Pin gpio_out[0] is outside die area.
[GRT-0036] Pin gpio_out[10] is outside die area.
[GRT-0036] Pin gpio_out[11] is outside die area.
[GRT-0036] Pin gpio_out[12] is outside die area.
[GRT-0036] Pin gpio_out[13] is outside die area.
[GRT-0036] Pin gpio_out[14] is outside die area.
[GRT-0036] Pin gpio_out[15] is outside die area.
[GRT-0036] Pin gpio_out[16] is outside die area.
[GRT-0036] Pin gpio_out[17] is outside die area.
[GRT-0036] Pin gpio_out[18] is outside die area.
[GRT-0036] Pin gpio_out[19] is outside die area.
[GRT-0036] Pin gpio_out[1] is outside die area.
[GRT-0036] Pin gpio_out[20] is outside die area.
[GRT-0036] Pin gpio_out[21] is outside die area.
[GRT-0036] Pin gpio_out[22] is outside die area.
[GRT-0036] Pin gpio_out[23] is outside die area.
[GRT-0036] Pin gpio_out[24] is outside die area.
[GRT-0036] Pin gpio_out[25] is outside die area.
[GRT-0036] Pin gpio_out[26] is outside die area.
[GRT-0036] Pin gpio_out[27] is outside die area.
[GRT-0036] Pin gpio_out[28] is outside die area.
[GRT-0036] Pin gpio_slow_sel[0] is outside die area.
[GRT-0036] Pin gpio_out[2] is outside die area.
[GRT-0036] Pin gpio_out[30] is outside die area.
[GRT-0036] Pin gpio_out[31] is outside die area.
[GRT-0036] Pin gpio_out[32] is outside die area.
[GRT-0036] Pin gpio_out[33] is outside die area.
[GRT-0036] Pin gpio_out[34] is outside die area.
[GRT-0036] Pin gpio_out[35] is outside die area.
[GRT-0036] Pin gpio_out[36] is outside die area.
[GRT-0036] Pin gpio_out[37] is outside die area.
[GRT-0036] Pin gpio_out[38] is outside die area.
[GRT-0036] Pin gpio_out[39] is outside die area.
[GRT-0036] Pin gpio_out[3] is outside die area.
[GRT-0036] Pin gpio_out[40] is outside die area.
[GRT-0036] Pin gpio_out[41] is outside die area.
[GRT-0036] Pin gpio_out[42] is outside die area.
[GRT-0036] Pin gpio_out[43] is outside die area.
[GRT-0036] Pin gpio_out[4] is outside die area.
[GRT-0036] Pin gpio_out[5] is outside die area.
[GRT-0036] Pin gpio_out[6] is outside die area.
[GRT-0036] Pin gpio_out[7] is outside die area.
[GRT-0036] Pin gpio_out[8] is outside die area.
[GRT-0036] Pin gpio_out[9] is outside die area.
[GRT-0036] Pin gpio_vtrip_sel[0] is outside die area.
[GRT-0036] Pin gpio_slow_sel[10] is outside die area.
[GRT-0036] Pin gpio_slow_sel[11] is outside die area.
[GRT-0036] Pin gpio_slow_sel[12] is outside die area.
[GRT-0036] Pin gpio_slow_sel[13] is outside die area.
[GRT-0036] Pin gpio_slow_sel[14] is outside die area.
[GRT-0036] Pin gpio_slow_sel[15] is outside die area.
[GRT-0036] Pin gpio_slow_sel[16] is outside die area.
[GRT-0036] Pin gpio_slow_sel[17] is outside die area.
[GRT-0036] Pin gpio_slow_sel[18] is outside die area.
[GRT-0036] Pin gpio_slow_sel[19] is outside die area.
[GRT-0036] Pin gpio_slow_sel[1] is outside die area.
[GRT-0036] Pin gpio_slow_sel[20] is outside die area.
[GRT-0036] Pin gpio_slow_sel[21] is outside die area.
[GRT-0036] Pin gpio_slow_sel[22] is outside die area.
[GRT-0036] Pin gpio_slow_sel[23] is outside die area.
[GRT-0036] Pin gpio_slow_sel[24] is outside die area.
[GRT-0036] Pin gpio_slow_sel[25] is outside die area.
[GRT-0036] Pin gpio_slow_sel[26] is outside die area.
[GRT-0036] Pin gpio_slow_sel[27] is outside die area.
[GRT-0036] Pin gpio_slow_sel[28] is outside die area.
[GRT-0036] Pin gpio_slow_sel[29] is outside die area.
[GRT-0036] Pin gpio_slow_sel[2] is outside die area.
[GRT-0036] Pin gpio_slow_sel[30] is outside die area.
[GRT-0036] Pin gpio_slow_sel[31] is outside die area.
[GRT-0036] Pin gpio_slow_sel[32] is outside die area.
[GRT-0036] Pin gpio_slow_sel[33] is outside die area.
[GRT-0036] Pin gpio_slow_sel[34] is outside die area.
[GRT-0036] Pin gpio_slow_sel[35] is outside die area.
[GRT-0036] Pin gpio_slow_sel[36] is outside die area.
[GRT-0036] Pin gpio_slow_sel[37] is outside die area.
[GRT-0036] Pin gpio_slow_sel[38] is outside die area.
[GRT-0036] Pin gpio_slow_sel[39] is outside die area.
[GRT-0036] Pin gpio_slow_sel[3] is outside die area.
[GRT-0036] Pin gpio_slow_sel[40] is outside die area.
[GRT-0036] Pin gpio_slow_sel[41] is outside die area.
[GRT-0036] Pin gpio_slow_sel[42] is outside die area.
[GRT-0036] Pin gpio_slow_sel[43] is outside die area.
[GRT-0036] Pin gpio_slow_sel[4] is outside die area.
[GRT-0036] Pin gpio_slow_sel[5] is outside die area.
[GRT-0036] Pin gpio_slow_sel[6] is outside die area.
[GRT-0036] Pin gpio_slow_sel[7] is outside die area.
[GRT-0036] Pin gpio_slow_sel[8] is outside die area.
[GRT-0036] Pin gpio_slow_sel[9] is outside die area.
[GRT-0036] Pin gpio_vtrip_sel[10] is outside die area.
[GRT-0036] Pin gpio_vtrip_sel[11] is outside die area.
[GRT-0036] Pin gpio_vtrip_sel[12] is outside die area.
[GRT-0036] Pin gpio_vtrip_sel[13] is outside die area.
[GRT-0036] Pin gpio_vtrip_sel[14] is outside die area.
[GRT-0036] Pin gpio_vtrip_sel[15] is outside die area.
[GRT-0036] Pin gpio_vtrip_sel[16] is outside die area.
[GRT-0036] Pin gpio_vtrip_sel[17] is outside die area.
[GRT-0036] Pin gpio_vtrip_sel[18] is outside die area.
[GRT-0036] Pin gpio_vtrip_sel[19] is outside die area.
[GRT-0036] Pin gpio_vtrip_sel[1] is outside die area.
[GRT-0036] Pin gpio_vtrip_sel[20] is outside die area.
[GRT-0036] Pin gpio_vtrip_sel[21] is outside die area.
[GRT-0036] Pin gpio_vtrip_sel[22] is outside die area.
[GRT-0036] Pin gpio_vtrip_sel[23] is outside die area.
[GRT-0036] Pin gpio_vtrip_sel[24] is outside die area.
[GRT-0036] Pin gpio_vtrip_sel[25] is outside die area.
[GRT-0036] Pin gpio_vtrip_sel[26] is outside die area.
[GRT-0036] Pin gpio_vtrip_sel[27] is outside die area.
[GRT-0036] Pin gpio_vtrip_sel[28] is outside die area.
[GRT-0036] Pin gpio_vtrip_sel[29] is outside die area.
[GRT-0036] Pin gpio_vtrip_sel[2] is outside die area.
[GRT-0036] Pin gpio_vtrip_sel[30] is outside die area.
[GRT-0036] Pin gpio_vtrip_sel[31] is outside die area.
[GRT-0036] Pin gpio_vtrip_sel[32] is outside die area.
[GRT-0036] Pin gpio_vtrip_sel[33] is outside die area.
[GRT-0036] Pin gpio_vtrip_sel[34] is outside die area.
[GRT-0036] Pin gpio_vtrip_sel[35] is outside die area.
[GRT-0036] Pin gpio_vtrip_sel[36] is outside die area.
[GRT-0036] Pin gpio_vtrip_sel[37] is outside die area.
[GRT-0036] Pin gpio_vtrip_sel[38] is outside die area.
[GRT-0036] Pin gpio_vtrip_sel[39] is outside die area.
[GRT-0036] Pin gpio_vtrip_sel[3] is outside die area.
[GRT-0036] Pin gpio_vtrip_sel[40] is outside die area.
[GRT-0036] Pin gpio_vtrip_sel[41] is outside die area.
[GRT-0036] Pin gpio_vtrip_sel[42] is outside die area.
[GRT-0036] Pin gpio_vtrip_sel[43] is outside die area.
[GRT-0036] Pin gpio_vtrip_sel[4] is outside die area.
[GRT-0036] Pin gpio_vtrip_sel[5] is outside die area.
[GRT-0036] Pin gpio_vtrip_sel[6] is outside die area.
[GRT-0036] Pin gpio_vtrip_sel[7] is outside die area.
[GRT-0036] Pin gpio_vtrip_sel[8] is outside die area.
[GRT-0036] Pin gpio_vtrip_sel[9] is outside die area.
[GRT-0036] Pin mask_rev[0] is outside die area.
[GRT-0036] Pin mask_rev[10] is outside die area.
[GRT-0036] Pin mask_rev[11] is outside die area.
[GRT-0036] Pin mask_rev[12] is outside die area.
[GRT-0036] Pin mask_rev[13] is outside die area.
[GRT-0036] Pin mask_rev[14] is outside die area.
[GRT-0036] Pin mask_rev[15] is outside die area.
[GRT-0036] Pin mask_rev[16] is outside die area.
[GRT-0036] Pin mask_rev[17] is outside die area.
[GRT-0036] Pin mask_rev[18] is outside die area.
[GRT-0036] Pin mask_rev[19] is outside die area.
[GRT-0036] Pin mask_rev[1] is outside die area.
[GRT-0036] Pin mask_rev[20] is outside die area.
[GRT-0036] Pin mask_rev[21] is outside die area.
[GRT-0036] Pin mask_rev[22] is outside die area.
[GRT-0036] Pin mask_rev[23] is outside die area.
[GRT-0036] Pin mask_rev[24] is outside die area.
[GRT-0036] Pin mask_rev[25] is outside die area.
[GRT-0036] Pin mask_rev[26] is outside die area.
[GRT-0036] Pin mask_rev[27] is outside die area.
[GRT-0036] Pin mask_rev[28] is outside die area.
[GRT-0036] Pin mask_rev[29] is outside die area.
[GRT-0036] Pin mask_rev[2] is outside die area.
[GRT-0036] Pin mask_rev[30] is outside die area.
[GRT-0036] Pin mask_rev[31] is outside die area.
[GRT-0036] Pin mask_rev[3] is outside die area.
[GRT-0036] Pin mask_rev[4] is outside die area.
[GRT-0036] Pin mask_rev[5] is outside die area.
[GRT-0036] Pin mask_rev[6] is outside die area.
[GRT-0036] Pin mask_rev[7] is outside die area.
[GRT-0036] Pin mask_rev[8] is outside die area.
[GRT-0036] Pin mask_rev[9] is outside die area.
[GRT-0036] Pin por_l is outside die area.
[GRT-0036] Pin porb_h is outside die area.
[GRT-0036] Pin porb_l is outside die area.
[GRT-0036] Pin resetb_h is outside die area.
[GRT-0036] Pin resetb_l is outside die area.
[GRT-0036] Pin gpio_analog_en[0] is outside die area.
[GRT-0115] Global routing finished with overflow.
Running 'OpenROAD.CheckAntennas' at 'openframe_project_wrapper/runs/26_06_14_15_00/39-openroad-checkantennas'…
Logging subprocess to [repr.filename]'openframe_project_wrapper/runs/26_06_14_15_00/39-openroad-checkantennas/openroad-checkantennas.log'[/repr.filename]…
Gating variable for step 'OpenROAD.RepairDesignPostGRT' set to 'False'- the step will be skipped.
Skipping step 'Repair Design (Post-Global Routing)'…
Running 'Odb.DiodesOnPorts' at 'openframe_project_wrapper/runs/26_06_14_15_00/40-odb-diodesonports'…
'DIODE_ON_PORTS' is set to 'none': skipping…
Running 'Odb.HeuristicDiodeInsertion' at 'openframe_project_wrapper/runs/26_06_14_15_00/41-odb-heuristicdiodeinsertion'…
Running 'Odb.FuzzyDiodePlacement' at 'openframe_project_wrapper/runs/26_06_14_15_00/41-odb-heuristicdiodeinsertion/1-odb-fuzzydiodeplacement'…
'GPL_CELL_PADDING' is set to 0. This step may cause overlap failures.
Logging subprocess to [repr.filename]'openframe_project_wrapper/runs/26_06_14_15_00/41-odb-heuristicdiodeinsertion/1-odb-fuzzydiodeplacement/odb-fuzzydiodeplacement.log'[/repr.filename]…
Running 'OpenROAD.DetailedPlacement' at 'openframe_project_wrapper/runs/26_06_14_15_00/41-odb-heuristicdiodeinsertion/2-openroad-detailedplacement'…
Logging subprocess to [repr.filename]'openframe_project_wrapper/runs/26_06_14_15_00/41-odb-heuristicdiodeinsertion/2-openroad-detailedplacement/openroad-detailedplacement.log'[/repr.filename]…
Running 'OpenROAD.GlobalRouting' at 'openframe_project_wrapper/runs/26_06_14_15_00/41-odb-heuristicdiodeinsertion/3-openroad-globalrouting'…
Logging subprocess to [repr.filename]'openframe_project_wrapper/runs/26_06_14_15_00/41-odb-heuristicdiodeinsertion/3-openroad-globalrouting/openroad-globalrouting.log'[/repr.filename]…
[GRT-0036] Pin gpio_dm1[0] is outside die area.
[GRT-0036] Pin analog_io[0] is outside die area.
[GRT-0036] Pin analog_io[10] is outside die area.
[GRT-0036] Pin analog_io[11] is outside die area.
[GRT-0036] Pin analog_io[12] is outside die area.
[GRT-0036] Pin analog_io[13] is outside die area.
[GRT-0036] Pin analog_io[14] is outside die area.
[GRT-0036] Pin analog_io[15] is outside die area.
[GRT-0036] Pin analog_io[16] is outside die area.
[GRT-0036] Pin analog_io[17] is outside die area.
[GRT-0036] Pin analog_io[18] is outside die area.
[GRT-0036] Pin analog_io[19] is outside die area.
[GRT-0036] Pin analog_io[1] is outside die area.
[GRT-0036] Pin analog_io[20] is outside die area.
[GRT-0036] Pin analog_io[21] is outside die area.
[GRT-0036] Pin analog_io[22] is outside die area.
[GRT-0036] Pin analog_io[23] is outside die area.
[GRT-0036] Pin analog_io[24] is outside die area.
[GRT-0036] Pin analog_io[25] is outside die area.
[GRT-0036] Pin analog_io[26] is outside die area.
[GRT-0036] Pin analog_io[27] is outside die area.
[GRT-0036] Pin analog_io[28] is outside die area.
[GRT-0036] Pin analog_io[29] is outside die area.
[GRT-0036] Pin analog_io[2] is outside die area.
[GRT-0036] Pin analog_io[30] is outside die area.
[GRT-0036] Pin analog_io[31] is outside die area.
[GRT-0036] Pin analog_io[32] is outside die area.
[GRT-0036] Pin analog_io[33] is outside die area.
[GRT-0036] Pin analog_io[34] is outside die area.
[GRT-0036] Pin analog_io[35] is outside die area.
[GRT-0036] Pin analog_io[36] is outside die area.
[GRT-0036] Pin analog_io[37] is outside die area.
[GRT-0036] Pin analog_io[38] is outside die area.
[GRT-0036] Pin analog_io[39] is outside die area.
[GRT-0036] Pin analog_io[3] is outside die area.
[GRT-0036] Pin analog_io[40] is outside die area.
[GRT-0036] Pin analog_io[41] is outside die area.
[GRT-0036] Pin analog_io[42] is outside die area.
[GRT-0036] Pin analog_io[43] is outside die area.
[GRT-0036] Pin analog_io[4] is outside die area.
[GRT-0036] Pin analog_io[5] is outside die area.
[GRT-0036] Pin analog_io[6] is outside die area.
[GRT-0036] Pin analog_io[7] is outside die area.
[GRT-0036] Pin analog_io[8] is outside die area.
[GRT-0036] Pin analog_io[9] is outside die area.
[GRT-0036] Pin analog_noesd_io[0] is outside die area.
[GRT-0036] Pin analog_noesd_io[10] is outside die area.
[GRT-0036] Pin analog_noesd_io[11] is outside die area.
[GRT-0036] Pin analog_noesd_io[12] is outside die area.
[GRT-0036] Pin analog_noesd_io[13] is outside die area.
[GRT-0036] Pin analog_noesd_io[14] is outside die area.
[GRT-0036] Pin analog_noesd_io[15] is outside die area.
[GRT-0036] Pin analog_noesd_io[16] is outside die area.
[GRT-0036] Pin analog_noesd_io[17] is outside die area.
[GRT-0036] Pin analog_noesd_io[18] is outside die area.
[GRT-0036] Pin analog_noesd_io[19] is outside die area.
[GRT-0036] Pin analog_noesd_io[1] is outside die area.
[GRT-0036] Pin analog_noesd_io[20] is outside die area.
[GRT-0036] Pin analog_noesd_io[21] is outside die area.
[GRT-0036] Pin analog_noesd_io[22] is outside die area.
[GRT-0036] Pin analog_noesd_io[23] is outside die area.
[GRT-0036] Pin analog_noesd_io[24] is outside die area.
[GRT-0036] Pin analog_noesd_io[25] is outside die area.
[GRT-0036] Pin analog_noesd_io[26] is outside die area.
[GRT-0036] Pin analog_noesd_io[27] is outside die area.
[GRT-0036] Pin analog_noesd_io[28] is outside die area.
[GRT-0036] Pin analog_noesd_io[29] is outside die area.
[GRT-0036] Pin analog_noesd_io[2] is outside die area.
[GRT-0036] Pin analog_noesd_io[30] is outside die area.
[GRT-0036] Pin analog_noesd_io[31] is outside die area.
[GRT-0036] Pin analog_noesd_io[32] is outside die area.
[GRT-0036] Pin analog_noesd_io[33] is outside die area.
[GRT-0036] Pin analog_noesd_io[34] is outside die area.
[GRT-0036] Pin analog_noesd_io[35] is outside die area.
[GRT-0036] Pin analog_noesd_io[36] is outside die area.
[GRT-0036] Pin analog_noesd_io[37] is outside die area.
[GRT-0036] Pin analog_noesd_io[38] is outside die area.
[GRT-0036] Pin analog_noesd_io[39] is outside die area.
[GRT-0036] Pin analog_noesd_io[3] is outside die area.
[GRT-0036] Pin analog_noesd_io[40] is outside die area.
[GRT-0036] Pin analog_noesd_io[41] is outside die area.
[GRT-0036] Pin analog_noesd_io[42] is outside die area.
[GRT-0036] Pin analog_noesd_io[43] is outside die area.
[GRT-0036] Pin analog_noesd_io[4] is outside die area.
[GRT-0036] Pin analog_noesd_io[5] is outside die area.
[GRT-0036] Pin analog_noesd_io[6] is outside die area.
[GRT-0036] Pin analog_noesd_io[7] is outside die area.
[GRT-0036] Pin analog_noesd_io[8] is outside die area.
[GRT-0036] Pin analog_noesd_io[9] is outside die area.
[GRT-0036] Pin gpio_analog_pol[0] is outside die area.
[GRT-0036] Pin gpio_analog_en[10] is outside die area.
[GRT-0036] Pin gpio_analog_en[11] is outside die area.
[GRT-0036] Pin gpio_analog_en[12] is outside die area.
[GRT-0036] Pin gpio_analog_en[13] is outside die area.
[GRT-0036] Pin gpio_analog_en[14] is outside die area.
[GRT-0036] Pin gpio_analog_en[15] is outside die area.
[GRT-0036] Pin gpio_analog_en[16] is outside die area.
[GRT-0036] Pin gpio_analog_en[17] is outside die area.
[GRT-0036] Pin gpio_analog_en[18] is outside die area.
[GRT-0036] Pin gpio_analog_en[19] is outside die area.
[GRT-0036] Pin gpio_analog_en[1] is outside die area.
[GRT-0036] Pin gpio_analog_en[20] is outside die area.
[GRT-0036] Pin gpio_analog_en[21] is outside die area.
[GRT-0036] Pin gpio_analog_en[22] is outside die area.
[GRT-0036] Pin gpio_analog_en[23] is outside die area.
[GRT-0036] Pin gpio_analog_en[24] is outside die area.
[GRT-0036] Pin gpio_analog_en[25] is outside die area.
[GRT-0036] Pin gpio_analog_en[26] is outside die area.
[GRT-0036] Pin gpio_analog_en[27] is outside die area.
[GRT-0036] Pin gpio_analog_en[28] is outside die area.
[GRT-0036] Pin gpio_analog_en[29] is outside die area.
[GRT-0036] Pin gpio_analog_en[2] is outside die area.
[GRT-0036] Pin gpio_analog_en[30] is outside die area.
[GRT-0036] Pin gpio_analog_en[31] is outside die area.
[GRT-0036] Pin gpio_analog_en[32] is outside die area.
[GRT-0036] Pin gpio_analog_en[33] is outside die area.
[GRT-0036] Pin gpio_analog_en[34] is outside die area.
[GRT-0036] Pin gpio_analog_en[35] is outside die area.
[GRT-0036] Pin gpio_analog_en[36] is outside die area.
[GRT-0036] Pin gpio_analog_en[37] is outside die area.
[GRT-0036] Pin gpio_analog_en[38] is outside die area.
[GRT-0036] Pin gpio_analog_en[39] is outside die area.
[GRT-0036] Pin gpio_analog_en[3] is outside die area.
[GRT-0036] Pin gpio_analog_en[40] is outside die area.
[GRT-0036] Pin gpio_analog_en[41] is outside die area.
[GRT-0036] Pin gpio_analog_en[42] is outside die area.
[GRT-0036] Pin gpio_analog_en[43] is outside die area.
[GRT-0036] Pin gpio_analog_en[4] is outside die area.
[GRT-0036] Pin gpio_analog_en[5] is outside die area.
[GRT-0036] Pin gpio_analog_en[6] is outside die area.
[GRT-0036] Pin gpio_analog_en[7] is outside die area.
[GRT-0036] Pin gpio_analog_en[8] is outside die area.
[GRT-0036] Pin gpio_analog_en[9] is outside die area.
[GRT-0036] Pin gpio_analog_sel[0] is outside die area.
[GRT-0036] Pin gpio_analog_pol[10] is outside die area.
[GRT-0036] Pin gpio_analog_pol[11] is outside die area.
[GRT-0036] Pin gpio_analog_pol[12] is outside die area.
[GRT-0036] Pin gpio_analog_pol[13] is outside die area.
[GRT-0036] Pin gpio_analog_pol[14] is outside die area.
[GRT-0036] Pin gpio_analog_pol[15] is outside die area.
[GRT-0036] Pin gpio_analog_pol[16] is outside die area.
[GRT-0036] Pin gpio_analog_pol[17] is outside die area.
[GRT-0036] Pin gpio_analog_pol[18] is outside die area.
[GRT-0036] Pin gpio_analog_pol[19] is outside die area.
[GRT-0036] Pin gpio_analog_pol[1] is outside die area.
[GRT-0036] Pin gpio_analog_pol[20] is outside die area.
[GRT-0036] Pin gpio_analog_pol[21] is outside die area.
[GRT-0036] Pin gpio_analog_pol[22] is outside die area.
[GRT-0036] Pin gpio_analog_pol[23] is outside die area.
[GRT-0036] Pin gpio_analog_pol[24] is outside die area.
[GRT-0036] Pin gpio_analog_pol[25] is outside die area.
[GRT-0036] Pin gpio_analog_pol[26] is outside die area.
[GRT-0036] Pin gpio_analog_pol[27] is outside die area.
[GRT-0036] Pin gpio_analog_pol[28] is outside die area.
[GRT-0036] Pin gpio_analog_pol[29] is outside die area.
[GRT-0036] Pin gpio_analog_pol[2] is outside die area.
[GRT-0036] Pin gpio_analog_pol[30] is outside die area.
[GRT-0036] Pin gpio_analog_pol[31] is outside die area.
[GRT-0036] Pin gpio_analog_pol[32] is outside die area.
[GRT-0036] Pin gpio_analog_pol[33] is outside die area.
[GRT-0036] Pin gpio_analog_pol[34] is outside die area.
[GRT-0036] Pin gpio_analog_pol[35] is outside die area.
[GRT-0036] Pin gpio_analog_pol[36] is outside die area.
[GRT-0036] Pin gpio_analog_pol[37] is outside die area.
[GRT-0036] Pin gpio_analog_pol[38] is outside die area.
[GRT-0036] Pin gpio_analog_pol[39] is outside die area.
[GRT-0036] Pin gpio_analog_pol[3] is outside die area.
[GRT-0036] Pin gpio_analog_pol[40] is outside die area.
[GRT-0036] Pin gpio_analog_pol[41] is outside die area.
[GRT-0036] Pin gpio_analog_pol[42] is outside die area.
[GRT-0036] Pin gpio_analog_pol[43] is outside die area.
[GRT-0036] Pin gpio_analog_pol[4] is outside die area.
[GRT-0036] Pin gpio_analog_pol[5] is outside die area.
[GRT-0036] Pin gpio_analog_pol[6] is outside die area.
[GRT-0036] Pin gpio_analog_pol[7] is outside die area.
[GRT-0036] Pin gpio_analog_pol[8] is outside die area.
[GRT-0036] Pin gpio_analog_pol[9] is outside die area.
[GRT-0036] Pin gpio_dm0[0] is outside die area.
[GRT-0036] Pin gpio_analog_sel[10] is outside die area.
[GRT-0036] Pin gpio_analog_sel[11] is outside die area.
[GRT-0036] Pin gpio_analog_sel[12] is outside die area.
[GRT-0036] Pin gpio_analog_sel[13] is outside die area.
[GRT-0036] Pin gpio_analog_sel[14] is outside die area.
[GRT-0036] Pin gpio_analog_sel[15] is outside die area.
[GRT-0036] Pin gpio_analog_sel[16] is outside die area.
[GRT-0036] Pin gpio_analog_sel[17] is outside die area.
[GRT-0036] Pin gpio_analog_sel[18] is outside die area.
[GRT-0036] Pin gpio_analog_sel[19] is outside die area.
[GRT-0036] Pin gpio_analog_sel[1] is outside die area.
[GRT-0036] Pin gpio_analog_sel[20] is outside die area.
[GRT-0036] Pin gpio_analog_sel[21] is outside die area.
[GRT-0036] Pin gpio_analog_sel[22] is outside die area.
[GRT-0036] Pin gpio_analog_sel[23] is outside die area.
[GRT-0036] Pin gpio_analog_sel[24] is outside die area.
[GRT-0036] Pin gpio_analog_sel[25] is outside die area.
[GRT-0036] Pin gpio_analog_sel[26] is outside die area.
[GRT-0036] Pin gpio_analog_sel[27] is outside die area.
[GRT-0036] Pin gpio_analog_sel[28] is outside die area.
[GRT-0036] Pin gpio_analog_sel[29] is outside die area.
[GRT-0036] Pin gpio_analog_sel[2] is outside die area.
[GRT-0036] Pin gpio_analog_sel[30] is outside die area.
[GRT-0036] Pin gpio_analog_sel[31] is outside die area.
[GRT-0036] Pin gpio_analog_sel[32] is outside die area.
[GRT-0036] Pin gpio_analog_sel[33] is outside die area.
[GRT-0036] Pin gpio_analog_sel[34] is outside die area.
[GRT-0036] Pin gpio_analog_sel[35] is outside die area.
[GRT-0036] Pin gpio_analog_sel[36] is outside die area.
[GRT-0036] Pin gpio_analog_sel[37] is outside die area.
[GRT-0036] Pin gpio_analog_sel[38] is outside die area.
[GRT-0036] Pin gpio_analog_sel[39] is outside die area.
[GRT-0036] Pin gpio_analog_sel[3] is outside die area.
[GRT-0036] Pin gpio_analog_sel[40] is outside die area.
[GRT-0036] Pin gpio_analog_sel[41] is outside die area.
[GRT-0036] Pin gpio_analog_sel[42] is outside die area.
[GRT-0036] Pin gpio_analog_sel[43] is outside die area.
[GRT-0036] Pin gpio_analog_sel[4] is outside die area.
[GRT-0036] Pin gpio_analog_sel[5] is outside die area.
[GRT-0036] Pin gpio_analog_sel[6] is outside die area.
[GRT-0036] Pin gpio_analog_sel[7] is outside die area.
[GRT-0036] Pin gpio_analog_sel[8] is outside die area.
[GRT-0036] Pin gpio_analog_sel[9] is outside die area.
[GRT-0036] Pin gpio_dm2[0] is outside die area.
[GRT-0036] Pin gpio_dm0[10] is outside die area.
[GRT-0036] Pin gpio_dm0[11] is outside die area.
[GRT-0036] Pin gpio_dm0[12] is outside die area.
[GRT-0036] Pin gpio_dm0[13] is outside die area.
[GRT-0036] Pin gpio_dm0[14] is outside die area.
[GRT-0036] Pin gpio_dm0[15] is outside die area.
[GRT-0036] Pin gpio_dm0[16] is outside die area.
[GRT-0036] Pin gpio_dm0[17] is outside die area.
[GRT-0036] Pin gpio_dm0[18] is outside die area.
[GRT-0036] Pin gpio_dm0[19] is outside die area.
[GRT-0036] Pin gpio_dm0[1] is outside die area.
[GRT-0036] Pin gpio_dm0[20] is outside die area.
[GRT-0036] Pin gpio_dm0[21] is outside die area.
[GRT-0036] Pin gpio_dm0[22] is outside die area.
[GRT-0036] Pin gpio_dm0[23] is outside die area.
[GRT-0036] Pin gpio_dm0[24] is outside die area.
[GRT-0036] Pin gpio_dm0[25] is outside die area.
[GRT-0036] Pin gpio_dm0[26] is outside die area.
[GRT-0036] Pin gpio_dm0[27] is outside die area.
[GRT-0036] Pin gpio_dm0[28] is outside die area.
[GRT-0036] Pin gpio_dm0[29] is outside die area.
[GRT-0036] Pin gpio_dm0[2] is outside die area.
[GRT-0036] Pin gpio_dm0[30] is outside die area.
[GRT-0036] Pin gpio_dm0[31] is outside die area.
[GRT-0036] Pin gpio_dm0[32] is outside die area.
[GRT-0036] Pin gpio_dm0[33] is outside die area.
[GRT-0036] Pin gpio_dm0[34] is outside die area.
[GRT-0036] Pin gpio_dm0[35] is outside die area.
[GRT-0036] Pin gpio_dm0[36] is outside die area.
[GRT-0036] Pin gpio_dm0[37] is outside die area.
[GRT-0036] Pin gpio_dm0[38] is outside die area.
[GRT-0036] Pin gpio_dm0[39] is outside die area.
[GRT-0036] Pin gpio_dm0[3] is outside die area.
[GRT-0036] Pin gpio_dm0[40] is outside die area.
[GRT-0036] Pin gpio_dm0[41] is outside die area.
[GRT-0036] Pin gpio_dm0[42] is outside die area.
[GRT-0036] Pin gpio_dm0[43] is outside die area.
[GRT-0036] Pin gpio_dm0[4] is outside die area.
[GRT-0036] Pin gpio_dm0[5] is outside die area.
[GRT-0036] Pin gpio_dm0[6] is outside die area.
[GRT-0036] Pin gpio_dm0[7] is outside die area.
[GRT-0036] Pin gpio_dm0[8] is outside die area.
[GRT-0036] Pin gpio_dm0[9] is outside die area.
[GRT-0036] Pin gpio_dm1[10] is outside die area.
[GRT-0036] Pin gpio_dm1[11] is outside die area.
[GRT-0036] Pin gpio_dm1[12] is outside die area.
[GRT-0036] Pin gpio_dm1[13] is outside die area.
[GRT-0036] Pin gpio_dm1[14] is outside die area.
[GRT-0036] Pin gpio_dm1[15] is outside die area.
[GRT-0036] Pin gpio_dm1[16] is outside die area.
[GRT-0036] Pin gpio_dm1[17] is outside die area.
[GRT-0036] Pin gpio_dm1[18] is outside die area.
[GRT-0036] Pin gpio_dm1[19] is outside die area.
[GRT-0036] Pin gpio_dm1[1] is outside die area.
[GRT-0036] Pin gpio_dm1[20] is outside die area.
[GRT-0036] Pin gpio_dm1[21] is outside die area.
[GRT-0036] Pin gpio_dm1[22] is outside die area.
[GRT-0036] Pin gpio_dm1[23] is outside die area.
[GRT-0036] Pin gpio_dm1[24] is outside die area.
[GRT-0036] Pin gpio_dm1[25] is outside die area.
[GRT-0036] Pin gpio_dm1[26] is outside die area.
[GRT-0036] Pin gpio_dm1[27] is outside die area.
[GRT-0036] Pin gpio_dm1[28] is outside die area.
[GRT-0036] Pin gpio_dm1[29] is outside die area.
[GRT-0036] Pin gpio_dm1[2] is outside die area.
[GRT-0036] Pin gpio_dm1[30] is outside die area.
[GRT-0036] Pin gpio_dm1[31] is outside die area.
[GRT-0036] Pin gpio_dm1[32] is outside die area.
[GRT-0036] Pin gpio_dm1[33] is outside die area.
[GRT-0036] Pin gpio_dm1[34] is outside die area.
[GRT-0036] Pin gpio_dm1[35] is outside die area.
[GRT-0036] Pin gpio_dm1[36] is outside die area.
[GRT-0036] Pin gpio_dm1[37] is outside die area.
[GRT-0036] Pin gpio_dm1[38] is outside die area.
[GRT-0036] Pin gpio_dm1[39] is outside die area.
[GRT-0036] Pin gpio_dm1[3] is outside die area.
[GRT-0036] Pin gpio_dm1[40] is outside die area.
[GRT-0036] Pin gpio_dm1[41] is outside die area.
[GRT-0036] Pin gpio_dm1[42] is outside die area.
[GRT-0036] Pin gpio_dm1[43] is outside die area.
[GRT-0036] Pin gpio_dm1[4] is outside die area.
[GRT-0036] Pin gpio_dm1[5] is outside die area.
[GRT-0036] Pin gpio_dm1[6] is outside die area.
[GRT-0036] Pin gpio_dm1[7] is outside die area.
[GRT-0036] Pin gpio_dm1[8] is outside die area.
[GRT-0036] Pin gpio_dm1[9] is outside die area.
[GRT-0036] Pin gpio_holdover[0] is outside die area.
[GRT-0036] Pin gpio_dm2[10] is outside die area.
[GRT-0036] Pin gpio_dm2[11] is outside die area.
[GRT-0036] Pin gpio_dm2[12] is outside die area.
[GRT-0036] Pin gpio_dm2[13] is outside die area.
[GRT-0036] Pin gpio_dm2[14] is outside die area.
[GRT-0036] Pin gpio_dm2[15] is outside die area.
[GRT-0036] Pin gpio_dm2[16] is outside die area.
[GRT-0036] Pin gpio_dm2[17] is outside die area.
[GRT-0036] Pin gpio_dm2[18] is outside die area.
[GRT-0036] Pin gpio_dm2[19] is outside die area.
[GRT-0036] Pin gpio_dm2[1] is outside die area.
[GRT-0036] Pin gpio_dm2[20] is outside die area.
[GRT-0036] Pin gpio_dm2[21] is outside die area.
[GRT-0036] Pin gpio_dm2[22] is outside die area.
[GRT-0036] Pin gpio_dm2[23] is outside die area.
[GRT-0036] Pin gpio_dm2[24] is outside die area.
[GRT-0036] Pin gpio_dm2[25] is outside die area.
[GRT-0036] Pin gpio_dm2[26] is outside die area.
[GRT-0036] Pin gpio_dm2[27] is outside die area.
[GRT-0036] Pin gpio_dm2[28] is outside die area.
[GRT-0036] Pin gpio_dm2[29] is outside die area.
[GRT-0036] Pin gpio_dm2[2] is outside die area.
[GRT-0036] Pin gpio_dm2[30] is outside die area.
[GRT-0036] Pin gpio_dm2[31] is outside die area.
[GRT-0036] Pin gpio_dm2[32] is outside die area.
[GRT-0036] Pin gpio_dm2[33] is outside die area.
[GRT-0036] Pin gpio_dm2[34] is outside die area.
[GRT-0036] Pin gpio_dm2[35] is outside die area.
[GRT-0036] Pin gpio_dm2[36] is outside die area.
[GRT-0036] Pin gpio_dm2[37] is outside die area.
[GRT-0036] Pin gpio_dm2[38] is outside die area.
[GRT-0036] Pin gpio_dm2[39] is outside die area.
[GRT-0036] Pin gpio_dm2[3] is outside die area.
[GRT-0036] Pin gpio_dm2[40] is outside die area.
[GRT-0036] Pin gpio_dm2[41] is outside die area.
[GRT-0036] Pin gpio_dm2[42] is outside die area.
[GRT-0036] Pin gpio_dm2[43] is outside die area.
[GRT-0036] Pin gpio_dm2[4] is outside die area.
[GRT-0036] Pin gpio_dm2[5] is outside die area.
[GRT-0036] Pin gpio_dm2[6] is outside die area.
[GRT-0036] Pin gpio_dm2[7] is outside die area.
[GRT-0036] Pin gpio_dm2[8] is outside die area.
[GRT-0036] Pin gpio_dm2[9] is outside die area.
[GRT-0036] Pin gpio_ib_mode_sel[0] is outside die area.
[GRT-0036] Pin gpio_holdover[10] is outside die area.
[GRT-0036] Pin gpio_holdover[11] is outside die area.
[GRT-0036] Pin gpio_holdover[12] is outside die area.
[GRT-0036] Pin gpio_holdover[13] is outside die area.
[GRT-0036] Pin gpio_holdover[14] is outside die area.
[GRT-0036] Pin gpio_holdover[15] is outside die area.
[GRT-0036] Pin gpio_holdover[16] is outside die area.
[GRT-0036] Pin gpio_holdover[17] is outside die area.
[GRT-0036] Pin gpio_holdover[18] is outside die area.
[GRT-0036] Pin gpio_holdover[19] is outside die area.
[GRT-0036] Pin gpio_holdover[1] is outside die area.
[GRT-0036] Pin gpio_holdover[20] is outside die area.
[GRT-0036] Pin gpio_holdover[21] is outside die area.
[GRT-0036] Pin gpio_holdover[22] is outside die area.
[GRT-0036] Pin gpio_holdover[23] is outside die area.
[GRT-0036] Pin gpio_holdover[24] is outside die area.
[GRT-0036] Pin gpio_holdover[25] is outside die area.
[GRT-0036] Pin gpio_holdover[26] is outside die area.
[GRT-0036] Pin gpio_holdover[27] is outside die area.
[GRT-0036] Pin gpio_holdover[28] is outside die area.
[GRT-0036] Pin gpio_holdover[29] is outside die area.
[GRT-0036] Pin gpio_holdover[2] is outside die area.
[GRT-0036] Pin gpio_holdover[30] is outside die area.
[GRT-0036] Pin gpio_holdover[31] is outside die area.
[GRT-0036] Pin gpio_holdover[32] is outside die area.
[GRT-0036] Pin gpio_holdover[33] is outside die area.
[GRT-0036] Pin gpio_holdover[34] is outside die area.
[GRT-0036] Pin gpio_holdover[35] is outside die area.
[GRT-0036] Pin gpio_holdover[36] is outside die area.
[GRT-0036] Pin gpio_holdover[37] is outside die area.
[GRT-0036] Pin gpio_holdover[38] is outside die area.
[GRT-0036] Pin gpio_holdover[39] is outside die area.
[GRT-0036] Pin gpio_holdover[3] is outside die area.
[GRT-0036] Pin gpio_holdover[40] is outside die area.
[GRT-0036] Pin gpio_holdover[41] is outside die area.
[GRT-0036] Pin gpio_holdover[42] is outside die area.
[GRT-0036] Pin gpio_holdover[43] is outside die area.
[GRT-0036] Pin gpio_holdover[4] is outside die area.
[GRT-0036] Pin gpio_holdover[5] is outside die area.
[GRT-0036] Pin gpio_holdover[6] is outside die area.
[GRT-0036] Pin gpio_holdover[7] is outside die area.
[GRT-0036] Pin gpio_holdover[8] is outside die area.
[GRT-0036] Pin gpio_holdover[9] is outside die area.
[GRT-0036] Pin gpio_inp_dis[0] is outside die area.
[GRT-0036] Pin gpio_ib_mode_sel[10] is outside die area.
[GRT-0036] Pin gpio_ib_mode_sel[11] is outside die area.
[GRT-0036] Pin gpio_ib_mode_sel[12] is outside die area.
[GRT-0036] Pin gpio_ib_mode_sel[13] is outside die area.
[GRT-0036] Pin gpio_ib_mode_sel[14] is outside die area.
[GRT-0036] Pin gpio_ib_mode_sel[15] is outside die area.
[GRT-0036] Pin gpio_ib_mode_sel[16] is outside die area.
[GRT-0036] Pin gpio_ib_mode_sel[17] is outside die area.
[GRT-0036] Pin gpio_ib_mode_sel[18] is outside die area.
[GRT-0036] Pin gpio_ib_mode_sel[19] is outside die area.
[GRT-0036] Pin gpio_ib_mode_sel[1] is outside die area.
[GRT-0036] Pin gpio_ib_mode_sel[20] is outside die area.
[GRT-0036] Pin gpio_ib_mode_sel[21] is outside die area.
[GRT-0036] Pin gpio_ib_mode_sel[22] is outside die area.
[GRT-0036] Pin gpio_ib_mode_sel[23] is outside die area.
[GRT-0036] Pin gpio_ib_mode_sel[24] is outside die area.
[GRT-0036] Pin gpio_ib_mode_sel[25] is outside die area.
[GRT-0036] Pin gpio_ib_mode_sel[26] is outside die area.
[GRT-0036] Pin gpio_ib_mode_sel[27] is outside die area.
[GRT-0036] Pin gpio_ib_mode_sel[28] is outside die area.
[GRT-0036] Pin gpio_ib_mode_sel[29] is outside die area.
[GRT-0036] Pin gpio_ib_mode_sel[2] is outside die area.
[GRT-0036] Pin gpio_ib_mode_sel[30] is outside die area.
[GRT-0036] Pin gpio_ib_mode_sel[31] is outside die area.
[GRT-0036] Pin gpio_ib_mode_sel[32] is outside die area.
[GRT-0036] Pin gpio_ib_mode_sel[33] is outside die area.
[GRT-0036] Pin gpio_ib_mode_sel[34] is outside die area.
[GRT-0036] Pin gpio_ib_mode_sel[35] is outside die area.
[GRT-0036] Pin gpio_ib_mode_sel[36] is outside die area.
[GRT-0036] Pin gpio_ib_mode_sel[37] is outside die area.
[GRT-0036] Pin gpio_ib_mode_sel[38] is outside die area.
[GRT-0036] Pin gpio_ib_mode_sel[39] is outside die area.
[GRT-0036] Pin gpio_ib_mode_sel[3] is outside die area.
[GRT-0036] Pin gpio_ib_mode_sel[40] is outside die area.
[GRT-0036] Pin gpio_ib_mode_sel[41] is outside die area.
[GRT-0036] Pin gpio_ib_mode_sel[42] is outside die area.
[GRT-0036] Pin gpio_ib_mode_sel[43] is outside die area.
[GRT-0036] Pin gpio_ib_mode_sel[4] is outside die area.
[GRT-0036] Pin gpio_ib_mode_sel[5] is outside die area.
[GRT-0036] Pin gpio_ib_mode_sel[6] is outside die area.
[GRT-0036] Pin gpio_ib_mode_sel[7] is outside die area.
[GRT-0036] Pin gpio_ib_mode_sel[8] is outside die area.
[GRT-0036] Pin gpio_ib_mode_sel[9] is outside die area.
[GRT-0036] Pin gpio_in[0] is outside die area.
[GRT-0036] Pin gpio_in[10] is outside die area.
[GRT-0036] Pin gpio_in[11] is outside die area.
[GRT-0036] Pin gpio_in[12] is outside die area.
[GRT-0036] Pin gpio_in[13] is outside die area.
[GRT-0036] Pin gpio_in[14] is outside die area.
[GRT-0036] Pin gpio_in[15] is outside die area.
[GRT-0036] Pin gpio_in[16] is outside die area.
[GRT-0036] Pin gpio_in[17] is outside die area.
[GRT-0036] Pin gpio_in[18] is outside die area.
[GRT-0036] Pin gpio_in[19] is outside die area.
[GRT-0036] Pin gpio_in[1] is outside die area.
[GRT-0036] Pin gpio_in[20] is outside die area.
[GRT-0036] Pin gpio_in[21] is outside die area.
[GRT-0036] Pin gpio_in[22] is outside die area.
[GRT-0036] Pin gpio_in[23] is outside die area.
[GRT-0036] Pin gpio_in[24] is outside die area.
[GRT-0036] Pin gpio_in[25] is outside die area.
[GRT-0036] Pin gpio_in[26] is outside die area.
[GRT-0036] Pin gpio_in[27] is outside die area.
[GRT-0036] Pin gpio_in[28] is outside die area.
[GRT-0036] Pin gpio_in[29] is outside die area.
[GRT-0036] Pin gpio_in[2] is outside die area.
[GRT-0036] Pin gpio_in[30] is outside die area.
[GRT-0036] Pin gpio_in[31] is outside die area.
[GRT-0036] Pin gpio_in[32] is outside die area.
[GRT-0036] Pin gpio_in[33] is outside die area.
[GRT-0036] Pin gpio_in[34] is outside die area.
[GRT-0036] Pin gpio_in[35] is outside die area.
[GRT-0036] Pin gpio_in[36] is outside die area.
[GRT-0036] Pin gpio_in[37] is outside die area.
[GRT-0036] Pin gpio_in[38] is outside die area.
[GRT-0036] Pin gpio_in[39] is outside die area.
[GRT-0036] Pin gpio_in[3] is outside die area.
[GRT-0036] Pin gpio_in[40] is outside die area.
[GRT-0036] Pin gpio_in[41] is outside die area.
[GRT-0036] Pin gpio_in[42] is outside die area.
[GRT-0036] Pin gpio_in[43] is outside die area.
[GRT-0036] Pin gpio_in[4] is outside die area.
[GRT-0036] Pin gpio_in[5] is outside die area.
[GRT-0036] Pin gpio_in[6] is outside die area.
[GRT-0036] Pin gpio_in[7] is outside die area.
[GRT-0036] Pin gpio_in[8] is outside die area.
[GRT-0036] Pin gpio_in[9] is outside die area.
[GRT-0036] Pin gpio_in_h[0] is outside die area.
[GRT-0036] Pin gpio_in_h[10] is outside die area.
[GRT-0036] Pin gpio_in_h[11] is outside die area.
[GRT-0036] Pin gpio_in_h[12] is outside die area.
[GRT-0036] Pin gpio_in_h[13] is outside die area.
[GRT-0036] Pin gpio_in_h[14] is outside die area.
[GRT-0036] Pin gpio_in_h[15] is outside die area.
[GRT-0036] Pin gpio_in_h[16] is outside die area.
[GRT-0036] Pin gpio_in_h[17] is outside die area.
[GRT-0036] Pin gpio_in_h[18] is outside die area.
[GRT-0036] Pin gpio_in_h[19] is outside die area.
[GRT-0036] Pin gpio_in_h[1] is outside die area.
[GRT-0036] Pin gpio_in_h[20] is outside die area.
[GRT-0036] Pin gpio_in_h[21] is outside die area.
[GRT-0036] Pin gpio_in_h[22] is outside die area.
[GRT-0036] Pin gpio_in_h[23] is outside die area.
[GRT-0036] Pin gpio_in_h[24] is outside die area.
[GRT-0036] Pin gpio_in_h[25] is outside die area.
[GRT-0036] Pin gpio_in_h[26] is outside die area.
[GRT-0036] Pin gpio_in_h[27] is outside die area.
[GRT-0036] Pin gpio_in_h[28] is outside die area.
[GRT-0036] Pin gpio_in_h[29] is outside die area.
[GRT-0036] Pin gpio_in_h[2] is outside die area.
[GRT-0036] Pin gpio_in_h[30] is outside die area.
[GRT-0036] Pin gpio_in_h[31] is outside die area.
[GRT-0036] Pin gpio_in_h[32] is outside die area.
[GRT-0036] Pin gpio_in_h[33] is outside die area.
[GRT-0036] Pin gpio_in_h[34] is outside die area.
[GRT-0036] Pin gpio_in_h[35] is outside die area.
[GRT-0036] Pin gpio_in_h[36] is outside die area.
[GRT-0036] Pin gpio_in_h[37] is outside die area.
[GRT-0036] Pin gpio_in_h[38] is outside die area.
[GRT-0036] Pin gpio_in_h[39] is outside die area.
[GRT-0036] Pin gpio_in_h[3] is outside die area.
[GRT-0036] Pin gpio_in_h[40] is outside die area.
[GRT-0036] Pin gpio_in_h[41] is outside die area.
[GRT-0036] Pin gpio_in_h[42] is outside die area.
[GRT-0036] Pin gpio_in_h[43] is outside die area.
[GRT-0036] Pin gpio_in_h[4] is outside die area.
[GRT-0036] Pin gpio_in_h[5] is outside die area.
[GRT-0036] Pin gpio_in_h[6] is outside die area.
[GRT-0036] Pin gpio_in_h[7] is outside die area.
[GRT-0036] Pin gpio_in_h[8] is outside die area.
[GRT-0036] Pin gpio_in_h[9] is outside die area.
[GRT-0036] Pin gpio_oeb[0] is outside die area.
[GRT-0036] Pin gpio_inp_dis[10] is outside die area.
[GRT-0036] Pin gpio_inp_dis[11] is outside die area.
[GRT-0036] Pin gpio_inp_dis[12] is outside die area.
[GRT-0036] Pin gpio_inp_dis[13] is outside die area.
[GRT-0036] Pin gpio_inp_dis[14] is outside die area.
[GRT-0036] Pin gpio_inp_dis[15] is outside die area.
[GRT-0036] Pin gpio_inp_dis[16] is outside die area.
[GRT-0036] Pin gpio_inp_dis[17] is outside die area.
[GRT-0036] Pin gpio_inp_dis[18] is outside die area.
[GRT-0036] Pin gpio_inp_dis[19] is outside die area.
[GRT-0036] Pin gpio_inp_dis[1] is outside die area.
[GRT-0036] Pin gpio_inp_dis[20] is outside die area.
[GRT-0036] Pin gpio_inp_dis[21] is outside die area.
[GRT-0036] Pin gpio_inp_dis[22] is outside die area.
[GRT-0036] Pin gpio_inp_dis[23] is outside die area.
[GRT-0036] Pin gpio_inp_dis[24] is outside die area.
[GRT-0036] Pin gpio_inp_dis[25] is outside die area.
[GRT-0036] Pin gpio_inp_dis[26] is outside die area.
[GRT-0036] Pin gpio_inp_dis[27] is outside die area.
[GRT-0036] Pin gpio_inp_dis[28] is outside die area.
[GRT-0036] Pin gpio_inp_dis[29] is outside die area.
[GRT-0036] Pin gpio_inp_dis[2] is outside die area.
[GRT-0036] Pin gpio_inp_dis[30] is outside die area.
[GRT-0036] Pin gpio_inp_dis[31] is outside die area.
[GRT-0036] Pin gpio_inp_dis[32] is outside die area.
[GRT-0036] Pin gpio_inp_dis[33] is outside die area.
[GRT-0036] Pin gpio_inp_dis[34] is outside die area.
[GRT-0036] Pin gpio_inp_dis[35] is outside die area.
[GRT-0036] Pin gpio_inp_dis[36] is outside die area.
[GRT-0036] Pin gpio_inp_dis[37] is outside die area.
[GRT-0036] Pin gpio_inp_dis[38] is outside die area.
[GRT-0036] Pin gpio_inp_dis[39] is outside die area.
[GRT-0036] Pin gpio_inp_dis[3] is outside die area.
[GRT-0036] Pin gpio_inp_dis[40] is outside die area.
[GRT-0036] Pin gpio_inp_dis[41] is outside die area.
[GRT-0036] Pin gpio_inp_dis[42] is outside die area.
[GRT-0036] Pin gpio_inp_dis[43] is outside die area.
[GRT-0036] Pin gpio_inp_dis[4] is outside die area.
[GRT-0036] Pin gpio_inp_dis[5] is outside die area.
[GRT-0036] Pin gpio_inp_dis[6] is outside die area.
[GRT-0036] Pin gpio_inp_dis[7] is outside die area.
[GRT-0036] Pin gpio_inp_dis[8] is outside die area.
[GRT-0036] Pin gpio_inp_dis[9] is outside die area.
[GRT-0036] Pin gpio_loopback_one[0] is outside die area.
[GRT-0036] Pin gpio_loopback_one[10] is outside die area.
[GRT-0036] Pin gpio_loopback_one[11] is outside die area.
[GRT-0036] Pin gpio_loopback_one[12] is outside die area.
[GRT-0036] Pin gpio_loopback_one[13] is outside die area.
[GRT-0036] Pin gpio_loopback_one[14] is outside die area.
[GRT-0036] Pin gpio_loopback_one[15] is outside die area.
[GRT-0036] Pin gpio_loopback_one[16] is outside die area.
[GRT-0036] Pin gpio_loopback_one[17] is outside die area.
[GRT-0036] Pin gpio_loopback_one[18] is outside die area.
[GRT-0036] Pin gpio_loopback_one[19] is outside die area.
[GRT-0036] Pin gpio_loopback_one[1] is outside die area.
[GRT-0036] Pin gpio_loopback_one[20] is outside die area.
[GRT-0036] Pin gpio_loopback_one[21] is outside die area.
[GRT-0036] Pin gpio_loopback_one[22] is outside die area.
[GRT-0036] Pin gpio_loopback_one[23] is outside die area.
[GRT-0036] Pin gpio_loopback_one[24] is outside die area.
[GRT-0036] Pin gpio_loopback_one[25] is outside die area.
[GRT-0036] Pin gpio_loopback_one[26] is outside die area.
[GRT-0036] Pin gpio_loopback_one[27] is outside die area.
[GRT-0036] Pin gpio_loopback_one[28] is outside die area.
[GRT-0036] Pin gpio_loopback_one[29] is outside die area.
[GRT-0036] Pin gpio_loopback_one[2] is outside die area.
[GRT-0036] Pin gpio_loopback_one[30] is outside die area.
[GRT-0036] Pin gpio_loopback_one[31] is outside die area.
[GRT-0036] Pin gpio_loopback_one[32] is outside die area.
[GRT-0036] Pin gpio_loopback_one[33] is outside die area.
[GRT-0036] Pin gpio_loopback_one[34] is outside die area.
[GRT-0036] Pin gpio_loopback_one[35] is outside die area.
[GRT-0036] Pin gpio_loopback_one[36] is outside die area.
[GRT-0036] Pin gpio_loopback_one[37] is outside die area.
[GRT-0036] Pin gpio_loopback_one[38] is outside die area.
[GRT-0036] Pin gpio_loopback_one[39] is outside die area.
[GRT-0036] Pin gpio_loopback_one[3] is outside die area.
[GRT-0036] Pin gpio_loopback_one[40] is outside die area.
[GRT-0036] Pin gpio_loopback_one[41] is outside die area.
[GRT-0036] Pin gpio_loopback_one[42] is outside die area.
[GRT-0036] Pin gpio_loopback_one[43] is outside die area.
[GRT-0036] Pin gpio_loopback_one[4] is outside die area.
[GRT-0036] Pin gpio_loopback_one[5] is outside die area.
[GRT-0036] Pin gpio_loopback_one[6] is outside die area.
[GRT-0036] Pin gpio_loopback_one[7] is outside die area.
[GRT-0036] Pin gpio_loopback_one[8] is outside die area.
[GRT-0036] Pin gpio_loopback_one[9] is outside die area.
[GRT-0036] Pin gpio_loopback_zero[0] is outside die area.
[GRT-0036] Pin gpio_loopback_zero[10] is outside die area.
[GRT-0036] Pin gpio_loopback_zero[11] is outside die area.
[GRT-0036] Pin gpio_loopback_zero[12] is outside die area.
[GRT-0036] Pin gpio_loopback_zero[13] is outside die area.
[GRT-0036] Pin gpio_loopback_zero[14] is outside die area.
[GRT-0036] Pin gpio_loopback_zero[15] is outside die area.
[GRT-0036] Pin gpio_loopback_zero[16] is outside die area.
[GRT-0036] Pin gpio_loopback_zero[17] is outside die area.
[GRT-0036] Pin gpio_loopback_zero[18] is outside die area.
[GRT-0036] Pin gpio_loopback_zero[19] is outside die area.
[GRT-0036] Pin gpio_loopback_zero[1] is outside die area.
[GRT-0036] Pin gpio_loopback_zero[20] is outside die area.
[GRT-0036] Pin gpio_loopback_zero[21] is outside die area.
[GRT-0036] Pin gpio_loopback_zero[22] is outside die area.
[GRT-0036] Pin gpio_loopback_zero[23] is outside die area.
[GRT-0036] Pin gpio_loopback_zero[24] is outside die area.
[GRT-0036] Pin gpio_loopback_zero[25] is outside die area.
[GRT-0036] Pin gpio_loopback_zero[26] is outside die area.
[GRT-0036] Pin gpio_loopback_zero[27] is outside die area.
[GRT-0036] Pin gpio_loopback_zero[28] is outside die area.
[GRT-0036] Pin gpio_loopback_zero[29] is outside die area.
[GRT-0036] Pin gpio_loopback_zero[2] is outside die area.
[GRT-0036] Pin gpio_loopback_zero[30] is outside die area.
[GRT-0036] Pin gpio_loopback_zero[31] is outside die area.
[GRT-0036] Pin gpio_loopback_zero[32] is outside die area.
[GRT-0036] Pin gpio_loopback_zero[33] is outside die area.
[GRT-0036] Pin gpio_loopback_zero[34] is outside die area.
[GRT-0036] Pin gpio_loopback_zero[35] is outside die area.
[GRT-0036] Pin gpio_loopback_zero[36] is outside die area.
[GRT-0036] Pin gpio_loopback_zero[37] is outside die area.
[GRT-0036] Pin gpio_loopback_zero[38] is outside die area.
[GRT-0036] Pin gpio_loopback_zero[39] is outside die area.
[GRT-0036] Pin gpio_loopback_zero[3] is outside die area.
[GRT-0036] Pin gpio_loopback_zero[40] is outside die area.
[GRT-0036] Pin gpio_loopback_zero[41] is outside die area.
[GRT-0036] Pin gpio_loopback_zero[42] is outside die area.
[GRT-0036] Pin gpio_loopback_zero[43] is outside die area.
[GRT-0036] Pin gpio_loopback_zero[4] is outside die area.
[GRT-0036] Pin gpio_loopback_zero[5] is outside die area.
[GRT-0036] Pin gpio_loopback_zero[6] is outside die area.
[GRT-0036] Pin gpio_loopback_zero[7] is outside die area.
[GRT-0036] Pin gpio_loopback_zero[8] is outside die area.
[GRT-0036] Pin gpio_loopback_zero[9] is outside die area.
[GRT-0036] Pin gpio_out[29] is outside die area.
[GRT-0036] Pin gpio_oeb[10] is outside die area.
[GRT-0036] Pin gpio_oeb[11] is outside die area.
[GRT-0036] Pin gpio_oeb[12] is outside die area.
[GRT-0036] Pin gpio_oeb[13] is outside die area.
[GRT-0036] Pin gpio_oeb[14] is outside die area.
[GRT-0036] Pin gpio_oeb[15] is outside die area.
[GRT-0036] Pin gpio_oeb[16] is outside die area.
[GRT-0036] Pin gpio_oeb[17] is outside die area.
[GRT-0036] Pin gpio_oeb[18] is outside die area.
[GRT-0036] Pin gpio_oeb[19] is outside die area.
[GRT-0036] Pin gpio_oeb[1] is outside die area.
[GRT-0036] Pin gpio_oeb[20] is outside die area.
[GRT-0036] Pin gpio_oeb[21] is outside die area.
[GRT-0036] Pin gpio_oeb[22] is outside die area.
[GRT-0036] Pin gpio_oeb[23] is outside die area.
[GRT-0036] Pin gpio_oeb[24] is outside die area.
[GRT-0036] Pin gpio_oeb[25] is outside die area.
[GRT-0036] Pin gpio_oeb[26] is outside die area.
[GRT-0036] Pin gpio_oeb[27] is outside die area.
[GRT-0036] Pin gpio_oeb[28] is outside die area.
[GRT-0036] Pin gpio_oeb[29] is outside die area.
[GRT-0036] Pin gpio_oeb[2] is outside die area.
[GRT-0036] Pin gpio_oeb[30] is outside die area.
[GRT-0036] Pin gpio_oeb[31] is outside die area.
[GRT-0036] Pin gpio_oeb[32] is outside die area.
[GRT-0036] Pin gpio_oeb[33] is outside die area.
[GRT-0036] Pin gpio_oeb[34] is outside die area.
[GRT-0036] Pin gpio_oeb[35] is outside die area.
[GRT-0036] Pin gpio_oeb[36] is outside die area.
[GRT-0036] Pin gpio_oeb[37] is outside die area.
[GRT-0036] Pin gpio_oeb[38] is outside die area.
[GRT-0036] Pin gpio_oeb[39] is outside die area.
[GRT-0036] Pin gpio_oeb[3] is outside die area.
[GRT-0036] Pin gpio_oeb[40] is outside die area.
[GRT-0036] Pin gpio_oeb[41] is outside die area.
[GRT-0036] Pin gpio_oeb[42] is outside die area.
[GRT-0036] Pin gpio_oeb[43] is outside die area.
[GRT-0036] Pin gpio_oeb[4] is outside die area.
[GRT-0036] Pin gpio_oeb[5] is outside die area.
[GRT-0036] Pin gpio_oeb[6] is outside die area.
[GRT-0036] Pin gpio_oeb[7] is outside die area.
[GRT-0036] Pin gpio_oeb[8] is outside die area.
[GRT-0036] Pin gpio_oeb[9] is outside die area.
[GRT-0036] Pin gpio_out[0] is outside die area.
[GRT-0036] Pin gpio_out[10] is outside die area.
[GRT-0036] Pin gpio_out[11] is outside die area.
[GRT-0036] Pin gpio_out[12] is outside die area.
[GRT-0036] Pin gpio_out[13] is outside die area.
[GRT-0036] Pin gpio_out[14] is outside die area.
[GRT-0036] Pin gpio_out[15] is outside die area.
[GRT-0036] Pin gpio_out[16] is outside die area.
[GRT-0036] Pin gpio_out[17] is outside die area.
[GRT-0036] Pin gpio_out[18] is outside die area.
[GRT-0036] Pin gpio_out[19] is outside die area.
[GRT-0036] Pin gpio_out[1] is outside die area.
[GRT-0036] Pin gpio_out[20] is outside die area.
[GRT-0036] Pin gpio_out[21] is outside die area.
[GRT-0036] Pin gpio_out[22] is outside die area.
[GRT-0036] Pin gpio_out[23] is outside die area.
[GRT-0036] Pin gpio_out[24] is outside die area.
[GRT-0036] Pin gpio_out[25] is outside die area.
[GRT-0036] Pin gpio_out[26] is outside die area.
[GRT-0036] Pin gpio_out[27] is outside die area.
[GRT-0036] Pin gpio_out[28] is outside die area.
[GRT-0036] Pin gpio_slow_sel[0] is outside die area.
[GRT-0036] Pin gpio_out[2] is outside die area.
[GRT-0036] Pin gpio_out[30] is outside die area.
[GRT-0036] Pin gpio_out[31] is outside die area.
[GRT-0036] Pin gpio_out[32] is outside die area.
[GRT-0036] Pin gpio_out[33] is outside die area.
[GRT-0036] Pin gpio_out[34] is outside die area.
[GRT-0036] Pin gpio_out[35] is outside die area.
[GRT-0036] Pin gpio_out[36] is outside die area.
[GRT-0036] Pin gpio_out[37] is outside die area.
[GRT-0036] Pin gpio_out[38] is outside die area.
[GRT-0036] Pin gpio_out[39] is outside die area.
[GRT-0036] Pin gpio_out[3] is outside die area.
[GRT-0036] Pin gpio_out[40] is outside die area.
[GRT-0036] Pin gpio_out[41] is outside die area.
[GRT-0036] Pin gpio_out[42] is outside die area.
[GRT-0036] Pin gpio_out[43] is outside die area.
[GRT-0036] Pin gpio_out[4] is outside die area.
[GRT-0036] Pin gpio_out[5] is outside die area.
[GRT-0036] Pin gpio_out[6] is outside die area.
[GRT-0036] Pin gpio_out[7] is outside die area.
[GRT-0036] Pin gpio_out[8] is outside die area.
[GRT-0036] Pin gpio_out[9] is outside die area.
[GRT-0036] Pin gpio_vtrip_sel[0] is outside die area.
[GRT-0036] Pin gpio_slow_sel[10] is outside die area.
[GRT-0036] Pin gpio_slow_sel[11] is outside die area.
[GRT-0036] Pin gpio_slow_sel[12] is outside die area.
[GRT-0036] Pin gpio_slow_sel[13] is outside die area.
[GRT-0036] Pin gpio_slow_sel[14] is outside die area.
[GRT-0036] Pin gpio_slow_sel[15] is outside die area.
[GRT-0036] Pin gpio_slow_sel[16] is outside die area.
[GRT-0036] Pin gpio_slow_sel[17] is outside die area.
[GRT-0036] Pin gpio_slow_sel[18] is outside die area.
[GRT-0036] Pin gpio_slow_sel[19] is outside die area.
[GRT-0036] Pin gpio_slow_sel[1] is outside die area.
[GRT-0036] Pin gpio_slow_sel[20] is outside die area.
[GRT-0036] Pin gpio_slow_sel[21] is outside die area.
[GRT-0036] Pin gpio_slow_sel[22] is outside die area.
[GRT-0036] Pin gpio_slow_sel[23] is outside die area.
[GRT-0036] Pin gpio_slow_sel[24] is outside die area.
[GRT-0036] Pin gpio_slow_sel[25] is outside die area.
[GRT-0036] Pin gpio_slow_sel[26] is outside die area.
[GRT-0036] Pin gpio_slow_sel[27] is outside die area.
[GRT-0036] Pin gpio_slow_sel[28] is outside die area.
[GRT-0036] Pin gpio_slow_sel[29] is outside die area.
[GRT-0036] Pin gpio_slow_sel[2] is outside die area.
[GRT-0036] Pin gpio_slow_sel[30] is outside die area.
[GRT-0036] Pin gpio_slow_sel[31] is outside die area.
[GRT-0036] Pin gpio_slow_sel[32] is outside die area.
[GRT-0036] Pin gpio_slow_sel[33] is outside die area.
[GRT-0036] Pin gpio_slow_sel[34] is outside die area.
[GRT-0036] Pin gpio_slow_sel[35] is outside die area.
[GRT-0036] Pin gpio_slow_sel[36] is outside die area.
[GRT-0036] Pin gpio_slow_sel[37] is outside die area.
[GRT-0036] Pin gpio_slow_sel[38] is outside die area.
[GRT-0036] Pin gpio_slow_sel[39] is outside die area.
[GRT-0036] Pin gpio_slow_sel[3] is outside die area.
[GRT-0036] Pin gpio_slow_sel[40] is outside die area.
[GRT-0036] Pin gpio_slow_sel[41] is outside die area.
[GRT-0036] Pin gpio_slow_sel[42] is outside die area.
[GRT-0036] Pin gpio_slow_sel[43] is outside die area.
[GRT-0036] Pin gpio_slow_sel[4] is outside die area.
[GRT-0036] Pin gpio_slow_sel[5] is outside die area.
[GRT-0036] Pin gpio_slow_sel[6] is outside die area.
[GRT-0036] Pin gpio_slow_sel[7] is outside die area.
[GRT-0036] Pin gpio_slow_sel[8] is outside die area.
[GRT-0036] Pin gpio_slow_sel[9] is outside die area.
[GRT-0036] Pin gpio_vtrip_sel[10] is outside die area.
[GRT-0036] Pin gpio_vtrip_sel[11] is outside die area.
[GRT-0036] Pin gpio_vtrip_sel[12] is outside die area.
[GRT-0036] Pin gpio_vtrip_sel[13] is outside die area.
[GRT-0036] Pin gpio_vtrip_sel[14] is outside die area.
[GRT-0036] Pin gpio_vtrip_sel[15] is outside die area.
[GRT-0036] Pin gpio_vtrip_sel[16] is outside die area.
[GRT-0036] Pin gpio_vtrip_sel[17] is outside die area.
[GRT-0036] Pin gpio_vtrip_sel[18] is outside die area.
[GRT-0036] Pin gpio_vtrip_sel[19] is outside die area.
[GRT-0036] Pin gpio_vtrip_sel[1] is outside die area.
[GRT-0036] Pin gpio_vtrip_sel[20] is outside die area.
[GRT-0036] Pin gpio_vtrip_sel[21] is outside die area.
[GRT-0036] Pin gpio_vtrip_sel[22] is outside die area.
[GRT-0036] Pin gpio_vtrip_sel[23] is outside die area.
[GRT-0036] Pin gpio_vtrip_sel[24] is outside die area.
[GRT-0036] Pin gpio_vtrip_sel[25] is outside die area.
[GRT-0036] Pin gpio_vtrip_sel[26] is outside die area.
[GRT-0036] Pin gpio_vtrip_sel[27] is outside die area.
[GRT-0036] Pin gpio_vtrip_sel[28] is outside die area.
[GRT-0036] Pin gpio_vtrip_sel[29] is outside die area.
[GRT-0036] Pin gpio_vtrip_sel[2] is outside die area.
[GRT-0036] Pin gpio_vtrip_sel[30] is outside die area.
[GRT-0036] Pin gpio_vtrip_sel[31] is outside die area.
[GRT-0036] Pin gpio_vtrip_sel[32] is outside die area.
[GRT-0036] Pin gpio_vtrip_sel[33] is outside die area.
[GRT-0036] Pin gpio_vtrip_sel[34] is outside die area.
[GRT-0036] Pin gpio_vtrip_sel[35] is outside die area.
[GRT-0036] Pin gpio_vtrip_sel[36] is outside die area.
[GRT-0036] Pin gpio_vtrip_sel[37] is outside die area.
[GRT-0036] Pin gpio_vtrip_sel[38] is outside die area.
[GRT-0036] Pin gpio_vtrip_sel[39] is outside die area.
[GRT-0036] Pin gpio_vtrip_sel[3] is outside die area.
[GRT-0036] Pin gpio_vtrip_sel[40] is outside die area.
[GRT-0036] Pin gpio_vtrip_sel[41] is outside die area.
[GRT-0036] Pin gpio_vtrip_sel[42] is outside die area.
[GRT-0036] Pin gpio_vtrip_sel[43] is outside die area.
[GRT-0036] Pin gpio_vtrip_sel[4] is outside die area.
[GRT-0036] Pin gpio_vtrip_sel[5] is outside die area.
[GRT-0036] Pin gpio_vtrip_sel[6] is outside die area.
[GRT-0036] Pin gpio_vtrip_sel[7] is outside die area.
[GRT-0036] Pin gpio_vtrip_sel[8] is outside die area.
[GRT-0036] Pin gpio_vtrip_sel[9] is outside die area.
[GRT-0036] Pin mask_rev[0] is outside die area.
[GRT-0036] Pin mask_rev[10] is outside die area.
[GRT-0036] Pin mask_rev[11] is outside die area.
[GRT-0036] Pin mask_rev[12] is outside die area.
[GRT-0036] Pin mask_rev[13] is outside die area.
[GRT-0036] Pin mask_rev[14] is outside die area.
[GRT-0036] Pin mask_rev[15] is outside die area.
[GRT-0036] Pin mask_rev[16] is outside die area.
[GRT-0036] Pin mask_rev[17] is outside die area.
[GRT-0036] Pin mask_rev[18] is outside die area.
[GRT-0036] Pin mask_rev[19] is outside die area.
[GRT-0036] Pin mask_rev[1] is outside die area.
[GRT-0036] Pin mask_rev[20] is outside die area.
[GRT-0036] Pin mask_rev[21] is outside die area.
[GRT-0036] Pin mask_rev[22] is outside die area.
[GRT-0036] Pin mask_rev[23] is outside die area.
[GRT-0036] Pin mask_rev[24] is outside die area.
[GRT-0036] Pin mask_rev[25] is outside die area.
[GRT-0036] Pin mask_rev[26] is outside die area.
[GRT-0036] Pin mask_rev[27] is outside die area.
[GRT-0036] Pin mask_rev[28] is outside die area.
[GRT-0036] Pin mask_rev[29] is outside die area.
[GRT-0036] Pin mask_rev[2] is outside die area.
[GRT-0036] Pin mask_rev[30] is outside die area.
[GRT-0036] Pin mask_rev[31] is outside die area.
[GRT-0036] Pin mask_rev[3] is outside die area.
[GRT-0036] Pin mask_rev[4] is outside die area.
[GRT-0036] Pin mask_rev[5] is outside die area.
[GRT-0036] Pin mask_rev[6] is outside die area.
[GRT-0036] Pin mask_rev[7] is outside die area.
[GRT-0036] Pin mask_rev[8] is outside die area.
[GRT-0036] Pin mask_rev[9] is outside die area.
[GRT-0036] Pin por_l is outside die area.
[GRT-0036] Pin porb_h is outside die area.
[GRT-0036] Pin porb_l is outside die area.
[GRT-0036] Pin resetb_h is outside die area.
[GRT-0036] Pin resetb_l is outside die area.
[GRT-0036] Pin gpio_analog_en[0] is outside die area.
[GRT-0115] Global routing finished with overflow.
Running 'OpenROAD.RepairAntennas' at 'openframe_project_wrapper/runs/26_06_14_15_00/42-openroad-repairantennas'…
Running 'DiodeInsertion' at 'openframe_project_wrapper/runs/26_06_14_15_00/42-openroad-repairantennas/1-diodeinsertion'…
Logging subprocess to [repr.filename]'openframe_project_wrapper/runs/26_06_14_15_00/42-openroad-repairantennas/1-diodeinsertion/diodeinsertion.log'[/repr.filename]…
[GRT-0036] Pin gpio_dm1[0] is outside die area.
[GRT-0036] Pin analog_io[0] is outside die area.
[GRT-0036] Pin analog_io[10] is outside die area.
[GRT-0036] Pin analog_io[11] is outside die area.
[GRT-0036] Pin analog_io[12] is outside die area.
[GRT-0036] Pin analog_io[13] is outside die area.
[GRT-0036] Pin analog_io[14] is outside die area.
[GRT-0036] Pin analog_io[15] is outside die area.
[GRT-0036] Pin analog_io[16] is outside die area.
[GRT-0036] Pin analog_io[17] is outside die area.
[GRT-0036] Pin analog_io[18] is outside die area.
[GRT-0036] Pin analog_io[19] is outside die area.
[GRT-0036] Pin analog_io[1] is outside die area.
[GRT-0036] Pin analog_io[20] is outside die area.
[GRT-0036] Pin analog_io[21] is outside die area.
[GRT-0036] Pin analog_io[22] is outside die area.
[GRT-0036] Pin analog_io[23] is outside die area.
[GRT-0036] Pin analog_io[24] is outside die area.
[GRT-0036] Pin analog_io[25] is outside die area.
[GRT-0036] Pin analog_io[26] is outside die area.
[GRT-0036] Pin analog_io[27] is outside die area.
[GRT-0036] Pin analog_io[28] is outside die area.
[GRT-0036] Pin analog_io[29] is outside die area.
[GRT-0036] Pin analog_io[2] is outside die area.
[GRT-0036] Pin analog_io[30] is outside die area.
[GRT-0036] Pin analog_io[31] is outside die area.
[GRT-0036] Pin analog_io[32] is outside die area.
[GRT-0036] Pin analog_io[33] is outside die area.
[GRT-0036] Pin analog_io[34] is outside die area.
[GRT-0036] Pin analog_io[35] is outside die area.
[GRT-0036] Pin analog_io[36] is outside die area.
[GRT-0036] Pin analog_io[37] is outside die area.
[GRT-0036] Pin analog_io[38] is outside die area.
[GRT-0036] Pin analog_io[39] is outside die area.
[GRT-0036] Pin analog_io[3] is outside die area.
[GRT-0036] Pin analog_io[40] is outside die area.
[GRT-0036] Pin analog_io[41] is outside die area.
[GRT-0036] Pin analog_io[42] is outside die area.
[GRT-0036] Pin analog_io[43] is outside die area.
[GRT-0036] Pin analog_io[4] is outside die area.
[GRT-0036] Pin analog_io[5] is outside die area.
[GRT-0036] Pin analog_io[6] is outside die area.
[GRT-0036] Pin analog_io[7] is outside die area.
[GRT-0036] Pin analog_io[8] is outside die area.
[GRT-0036] Pin analog_io[9] is outside die area.
[GRT-0036] Pin analog_noesd_io[0] is outside die area.
[GRT-0036] Pin analog_noesd_io[10] is outside die area.
[GRT-0036] Pin analog_noesd_io[11] is outside die area.
[GRT-0036] Pin analog_noesd_io[12] is outside die area.
[GRT-0036] Pin analog_noesd_io[13] is outside die area.
[GRT-0036] Pin analog_noesd_io[14] is outside die area.
[GRT-0036] Pin analog_noesd_io[15] is outside die area.
[GRT-0036] Pin analog_noesd_io[16] is outside die area.
[GRT-0036] Pin analog_noesd_io[17] is outside die area.
[GRT-0036] Pin analog_noesd_io[18] is outside die area.
[GRT-0036] Pin analog_noesd_io[19] is outside die area.
[GRT-0036] Pin analog_noesd_io[1] is outside die area.
[GRT-0036] Pin analog_noesd_io[20] is outside die area.
[GRT-0036] Pin analog_noesd_io[21] is outside die area.
[GRT-0036] Pin analog_noesd_io[22] is outside die area.
[GRT-0036] Pin analog_noesd_io[23] is outside die area.
[GRT-0036] Pin analog_noesd_io[24] is outside die area.
[GRT-0036] Pin analog_noesd_io[25] is outside die area.
[GRT-0036] Pin analog_noesd_io[26] is outside die area.
[GRT-0036] Pin analog_noesd_io[27] is outside die area.
[GRT-0036] Pin analog_noesd_io[28] is outside die area.
[GRT-0036] Pin analog_noesd_io[29] is outside die area.
[GRT-0036] Pin analog_noesd_io[2] is outside die area.
[GRT-0036] Pin analog_noesd_io[30] is outside die area.
[GRT-0036] Pin analog_noesd_io[31] is outside die area.
[GRT-0036] Pin analog_noesd_io[32] is outside die area.
[GRT-0036] Pin analog_noesd_io[33] is outside die area.
[GRT-0036] Pin analog_noesd_io[34] is outside die area.
[GRT-0036] Pin analog_noesd_io[35] is outside die area.
[GRT-0036] Pin analog_noesd_io[36] is outside die area.
[GRT-0036] Pin analog_noesd_io[37] is outside die area.
[GRT-0036] Pin analog_noesd_io[38] is outside die area.
[GRT-0036] Pin analog_noesd_io[39] is outside die area.
[GRT-0036] Pin analog_noesd_io[3] is outside die area.
[GRT-0036] Pin analog_noesd_io[40] is outside die area.
[GRT-0036] Pin analog_noesd_io[41] is outside die area.
[GRT-0036] Pin analog_noesd_io[42] is outside die area.
[GRT-0036] Pin analog_noesd_io[43] is outside die area.
[GRT-0036] Pin analog_noesd_io[4] is outside die area.
[GRT-0036] Pin analog_noesd_io[5] is outside die area.
[GRT-0036] Pin analog_noesd_io[6] is outside die area.
[GRT-0036] Pin analog_noesd_io[7] is outside die area.
[GRT-0036] Pin analog_noesd_io[8] is outside die area.
[GRT-0036] Pin analog_noesd_io[9] is outside die area.
[GRT-0036] Pin gpio_analog_pol[0] is outside die area.
[GRT-0036] Pin gpio_analog_en[10] is outside die area.
[GRT-0036] Pin gpio_analog_en[11] is outside die area.
[GRT-0036] Pin gpio_analog_en[12] is outside die area.
[GRT-0036] Pin gpio_analog_en[13] is outside die area.
[GRT-0036] Pin gpio_analog_en[14] is outside die area.
[GRT-0036] Pin gpio_analog_en[15] is outside die area.
[GRT-0036] Pin gpio_analog_en[16] is outside die area.
[GRT-0036] Pin gpio_analog_en[17] is outside die area.
[GRT-0036] Pin gpio_analog_en[18] is outside die area.
[GRT-0036] Pin gpio_analog_en[19] is outside die area.
[GRT-0036] Pin gpio_analog_en[1] is outside die area.
[GRT-0036] Pin gpio_analog_en[20] is outside die area.
[GRT-0036] Pin gpio_analog_en[21] is outside die area.
[GRT-0036] Pin gpio_analog_en[22] is outside die area.
[GRT-0036] Pin gpio_analog_en[23] is outside die area.
[GRT-0036] Pin gpio_analog_en[24] is outside die area.
[GRT-0036] Pin gpio_analog_en[25] is outside die area.
[GRT-0036] Pin gpio_analog_en[26] is outside die area.
[GRT-0036] Pin gpio_analog_en[27] is outside die area.
[GRT-0036] Pin gpio_analog_en[28] is outside die area.
[GRT-0036] Pin gpio_analog_en[29] is outside die area.
[GRT-0036] Pin gpio_analog_en[2] is outside die area.
[GRT-0036] Pin gpio_analog_en[30] is outside die area.
[GRT-0036] Pin gpio_analog_en[31] is outside die area.
[GRT-0036] Pin gpio_analog_en[32] is outside die area.
[GRT-0036] Pin gpio_analog_en[33] is outside die area.
[GRT-0036] Pin gpio_analog_en[34] is outside die area.
[GRT-0036] Pin gpio_analog_en[35] is outside die area.
[GRT-0036] Pin gpio_analog_en[36] is outside die area.
[GRT-0036] Pin gpio_analog_en[37] is outside die area.
[GRT-0036] Pin gpio_analog_en[38] is outside die area.
[GRT-0036] Pin gpio_analog_en[39] is outside die area.
[GRT-0036] Pin gpio_analog_en[3] is outside die area.
[GRT-0036] Pin gpio_analog_en[40] is outside die area.
[GRT-0036] Pin gpio_analog_en[41] is outside die area.
[GRT-0036] Pin gpio_analog_en[42] is outside die area.
[GRT-0036] Pin gpio_analog_en[43] is outside die area.
[GRT-0036] Pin gpio_analog_en[4] is outside die area.
[GRT-0036] Pin gpio_analog_en[5] is outside die area.
[GRT-0036] Pin gpio_analog_en[6] is outside die area.
[GRT-0036] Pin gpio_analog_en[7] is outside die area.
[GRT-0036] Pin gpio_analog_en[8] is outside die area.
[GRT-0036] Pin gpio_analog_en[9] is outside die area.
[GRT-0036] Pin gpio_analog_sel[0] is outside die area.
[GRT-0036] Pin gpio_analog_pol[10] is outside die area.
[GRT-0036] Pin gpio_analog_pol[11] is outside die area.
[GRT-0036] Pin gpio_analog_pol[12] is outside die area.
[GRT-0036] Pin gpio_analog_pol[13] is outside die area.
[GRT-0036] Pin gpio_analog_pol[14] is outside die area.
[GRT-0036] Pin gpio_analog_pol[15] is outside die area.
[GRT-0036] Pin gpio_analog_pol[16] is outside die area.
[GRT-0036] Pin gpio_analog_pol[17] is outside die area.
[GRT-0036] Pin gpio_analog_pol[18] is outside die area.
[GRT-0036] Pin gpio_analog_pol[19] is outside die area.
[GRT-0036] Pin gpio_analog_pol[1] is outside die area.
[GRT-0036] Pin gpio_analog_pol[20] is outside die area.
[GRT-0036] Pin gpio_analog_pol[21] is outside die area.
[GRT-0036] Pin gpio_analog_pol[22] is outside die area.
[GRT-0036] Pin gpio_analog_pol[23] is outside die area.
[GRT-0036] Pin gpio_analog_pol[24] is outside die area.
[GRT-0036] Pin gpio_analog_pol[25] is outside die area.
[GRT-0036] Pin gpio_analog_pol[26] is outside die area.
[GRT-0036] Pin gpio_analog_pol[27] is outside die area.
[GRT-0036] Pin gpio_analog_pol[28] is outside die area.
[GRT-0036] Pin gpio_analog_pol[29] is outside die area.
[GRT-0036] Pin gpio_analog_pol[2] is outside die area.
[GRT-0036] Pin gpio_analog_pol[30] is outside die area.
[GRT-0036] Pin gpio_analog_pol[31] is outside die area.
[GRT-0036] Pin gpio_analog_pol[32] is outside die area.
[GRT-0036] Pin gpio_analog_pol[33] is outside die area.
[GRT-0036] Pin gpio_analog_pol[34] is outside die area.
[GRT-0036] Pin gpio_analog_pol[35] is outside die area.
[GRT-0036] Pin gpio_analog_pol[36] is outside die area.
[GRT-0036] Pin gpio_analog_pol[37] is outside die area.
[GRT-0036] Pin gpio_analog_pol[38] is outside die area.
[GRT-0036] Pin gpio_analog_pol[39] is outside die area.
[GRT-0036] Pin gpio_analog_pol[3] is outside die area.
[GRT-0036] Pin gpio_analog_pol[40] is outside die area.
[GRT-0036] Pin gpio_analog_pol[41] is outside die area.
[GRT-0036] Pin gpio_analog_pol[42] is outside die area.
[GRT-0036] Pin gpio_analog_pol[43] is outside die area.
[GRT-0036] Pin gpio_analog_pol[4] is outside die area.
[GRT-0036] Pin gpio_analog_pol[5] is outside die area.
[GRT-0036] Pin gpio_analog_pol[6] is outside die area.
[GRT-0036] Pin gpio_analog_pol[7] is outside die area.
[GRT-0036] Pin gpio_analog_pol[8] is outside die area.
[GRT-0036] Pin gpio_analog_pol[9] is outside die area.
[GRT-0036] Pin gpio_dm0[0] is outside die area.
[GRT-0036] Pin gpio_analog_sel[10] is outside die area.
[GRT-0036] Pin gpio_analog_sel[11] is outside die area.
[GRT-0036] Pin gpio_analog_sel[12] is outside die area.
[GRT-0036] Pin gpio_analog_sel[13] is outside die area.
[GRT-0036] Pin gpio_analog_sel[14] is outside die area.
[GRT-0036] Pin gpio_analog_sel[15] is outside die area.
[GRT-0036] Pin gpio_analog_sel[16] is outside die area.
[GRT-0036] Pin gpio_analog_sel[17] is outside die area.
[GRT-0036] Pin gpio_analog_sel[18] is outside die area.
[GRT-0036] Pin gpio_analog_sel[19] is outside die area.
[GRT-0036] Pin gpio_analog_sel[1] is outside die area.
[GRT-0036] Pin gpio_analog_sel[20] is outside die area.
[GRT-0036] Pin gpio_analog_sel[21] is outside die area.
[GRT-0036] Pin gpio_analog_sel[22] is outside die area.
[GRT-0036] Pin gpio_analog_sel[23] is outside die area.
[GRT-0036] Pin gpio_analog_sel[24] is outside die area.
[GRT-0036] Pin gpio_analog_sel[25] is outside die area.
[GRT-0036] Pin gpio_analog_sel[26] is outside die area.
[GRT-0036] Pin gpio_analog_sel[27] is outside die area.
[GRT-0036] Pin gpio_analog_sel[28] is outside die area.
[GRT-0036] Pin gpio_analog_sel[29] is outside die area.
[GRT-0036] Pin gpio_analog_sel[2] is outside die area.
[GRT-0036] Pin gpio_analog_sel[30] is outside die area.
[GRT-0036] Pin gpio_analog_sel[31] is outside die area.
[GRT-0036] Pin gpio_analog_sel[32] is outside die area.
[GRT-0036] Pin gpio_analog_sel[33] is outside die area.
[GRT-0036] Pin gpio_analog_sel[34] is outside die area.
[GRT-0036] Pin gpio_analog_sel[35] is outside die area.
[GRT-0036] Pin gpio_analog_sel[36] is outside die area.
[GRT-0036] Pin gpio_analog_sel[37] is outside die area.
[GRT-0036] Pin gpio_analog_sel[38] is outside die area.
[GRT-0036] Pin gpio_analog_sel[39] is outside die area.
[GRT-0036] Pin gpio_analog_sel[3] is outside die area.
[GRT-0036] Pin gpio_analog_sel[40] is outside die area.
[GRT-0036] Pin gpio_analog_sel[41] is outside die area.
[GRT-0036] Pin gpio_analog_sel[42] is outside die area.
[GRT-0036] Pin gpio_analog_sel[43] is outside die area.
[GRT-0036] Pin gpio_analog_sel[4] is outside die area.
[GRT-0036] Pin gpio_analog_sel[5] is outside die area.
[GRT-0036] Pin gpio_analog_sel[6] is outside die area.
[GRT-0036] Pin gpio_analog_sel[7] is outside die area.
[GRT-0036] Pin gpio_analog_sel[8] is outside die area.
[GRT-0036] Pin gpio_analog_sel[9] is outside die area.
[GRT-0036] Pin gpio_dm2[0] is outside die area.
[GRT-0036] Pin gpio_dm0[10] is outside die area.
[GRT-0036] Pin gpio_dm0[11] is outside die area.
[GRT-0036] Pin gpio_dm0[12] is outside die area.
[GRT-0036] Pin gpio_dm0[13] is outside die area.
[GRT-0036] Pin gpio_dm0[14] is outside die area.
[GRT-0036] Pin gpio_dm0[15] is outside die area.
[GRT-0036] Pin gpio_dm0[16] is outside die area.
[GRT-0036] Pin gpio_dm0[17] is outside die area.
[GRT-0036] Pin gpio_dm0[18] is outside die area.
[GRT-0036] Pin gpio_dm0[19] is outside die area.
[GRT-0036] Pin gpio_dm0[1] is outside die area.
[GRT-0036] Pin gpio_dm0[20] is outside die area.
[GRT-0036] Pin gpio_dm0[21] is outside die area.
[GRT-0036] Pin gpio_dm0[22] is outside die area.
[GRT-0036] Pin gpio_dm0[23] is outside die area.
[GRT-0036] Pin gpio_dm0[24] is outside die area.
[GRT-0036] Pin gpio_dm0[25] is outside die area.
[GRT-0036] Pin gpio_dm0[26] is outside die area.
[GRT-0036] Pin gpio_dm0[27] is outside die area.
[GRT-0036] Pin gpio_dm0[28] is outside die area.
[GRT-0036] Pin gpio_dm0[29] is outside die area.
[GRT-0036] Pin gpio_dm0[2] is outside die area.
[GRT-0036] Pin gpio_dm0[30] is outside die area.
[GRT-0036] Pin gpio_dm0[31] is outside die area.
[GRT-0036] Pin gpio_dm0[32] is outside die area.
[GRT-0036] Pin gpio_dm0[33] is outside die area.
[GRT-0036] Pin gpio_dm0[34] is outside die area.
[GRT-0036] Pin gpio_dm0[35] is outside die area.
[GRT-0036] Pin gpio_dm0[36] is outside die area.
[GRT-0036] Pin gpio_dm0[37] is outside die area.
[GRT-0036] Pin gpio_dm0[38] is outside die area.
[GRT-0036] Pin gpio_dm0[39] is outside die area.
[GRT-0036] Pin gpio_dm0[3] is outside die area.
[GRT-0036] Pin gpio_dm0[40] is outside die area.
[GRT-0036] Pin gpio_dm0[41] is outside die area.
[GRT-0036] Pin gpio_dm0[42] is outside die area.
[GRT-0036] Pin gpio_dm0[43] is outside die area.
[GRT-0036] Pin gpio_dm0[4] is outside die area.
[GRT-0036] Pin gpio_dm0[5] is outside die area.
[GRT-0036] Pin gpio_dm0[6] is outside die area.
[GRT-0036] Pin gpio_dm0[7] is outside die area.
[GRT-0036] Pin gpio_dm0[8] is outside die area.
[GRT-0036] Pin gpio_dm0[9] is outside die area.
[GRT-0036] Pin gpio_dm1[10] is outside die area.
[GRT-0036] Pin gpio_dm1[11] is outside die area.
[GRT-0036] Pin gpio_dm1[12] is outside die area.
[GRT-0036] Pin gpio_dm1[13] is outside die area.
[GRT-0036] Pin gpio_dm1[14] is outside die area.
[GRT-0036] Pin gpio_dm1[15] is outside die area.
[GRT-0036] Pin gpio_dm1[16] is outside die area.
[GRT-0036] Pin gpio_dm1[17] is outside die area.
[GRT-0036] Pin gpio_dm1[18] is outside die area.
[GRT-0036] Pin gpio_dm1[19] is outside die area.
[GRT-0036] Pin gpio_dm1[1] is outside die area.
[GRT-0036] Pin gpio_dm1[20] is outside die area.
[GRT-0036] Pin gpio_dm1[21] is outside die area.
[GRT-0036] Pin gpio_dm1[22] is outside die area.
[GRT-0036] Pin gpio_dm1[23] is outside die area.
[GRT-0036] Pin gpio_dm1[24] is outside die area.
[GRT-0036] Pin gpio_dm1[25] is outside die area.
[GRT-0036] Pin gpio_dm1[26] is outside die area.
[GRT-0036] Pin gpio_dm1[27] is outside die area.
[GRT-0036] Pin gpio_dm1[28] is outside die area.
[GRT-0036] Pin gpio_dm1[29] is outside die area.
[GRT-0036] Pin gpio_dm1[2] is outside die area.
[GRT-0036] Pin gpio_dm1[30] is outside die area.
[GRT-0036] Pin gpio_dm1[31] is outside die area.
[GRT-0036] Pin gpio_dm1[32] is outside die area.
[GRT-0036] Pin gpio_dm1[33] is outside die area.
[GRT-0036] Pin gpio_dm1[34] is outside die area.
[GRT-0036] Pin gpio_dm1[35] is outside die area.
[GRT-0036] Pin gpio_dm1[36] is outside die area.
[GRT-0036] Pin gpio_dm1[37] is outside die area.
[GRT-0036] Pin gpio_dm1[38] is outside die area.
[GRT-0036] Pin gpio_dm1[39] is outside die area.
[GRT-0036] Pin gpio_dm1[3] is outside die area.
[GRT-0036] Pin gpio_dm1[40] is outside die area.
[GRT-0036] Pin gpio_dm1[41] is outside die area.
[GRT-0036] Pin gpio_dm1[42] is outside die area.
[GRT-0036] Pin gpio_dm1[43] is outside die area.
[GRT-0036] Pin gpio_dm1[4] is outside die area.
[GRT-0036] Pin gpio_dm1[5] is outside die area.
[GRT-0036] Pin gpio_dm1[6] is outside die area.
[GRT-0036] Pin gpio_dm1[7] is outside die area.
[GRT-0036] Pin gpio_dm1[8] is outside die area.
[GRT-0036] Pin gpio_dm1[9] is outside die area.
[GRT-0036] Pin gpio_holdover[0] is outside die area.
[GRT-0036] Pin gpio_dm2[10] is outside die area.
[GRT-0036] Pin gpio_dm2[11] is outside die area.
[GRT-0036] Pin gpio_dm2[12] is outside die area.
[GRT-0036] Pin gpio_dm2[13] is outside die area.
[GRT-0036] Pin gpio_dm2[14] is outside die area.
[GRT-0036] Pin gpio_dm2[15] is outside die area.
[GRT-0036] Pin gpio_dm2[16] is outside die area.
[GRT-0036] Pin gpio_dm2[17] is outside die area.
[GRT-0036] Pin gpio_dm2[18] is outside die area.
[GRT-0036] Pin gpio_dm2[19] is outside die area.
[GRT-0036] Pin gpio_dm2[1] is outside die area.
[GRT-0036] Pin gpio_dm2[20] is outside die area.
[GRT-0036] Pin gpio_dm2[21] is outside die area.
[GRT-0036] Pin gpio_dm2[22] is outside die area.
[GRT-0036] Pin gpio_dm2[23] is outside die area.
[GRT-0036] Pin gpio_dm2[24] is outside die area.
[GRT-0036] Pin gpio_dm2[25] is outside die area.
[GRT-0036] Pin gpio_dm2[26] is outside die area.
[GRT-0036] Pin gpio_dm2[27] is outside die area.
[GRT-0036] Pin gpio_dm2[28] is outside die area.
[GRT-0036] Pin gpio_dm2[29] is outside die area.
[GRT-0036] Pin gpio_dm2[2] is outside die area.
[GRT-0036] Pin gpio_dm2[30] is outside die area.
[GRT-0036] Pin gpio_dm2[31] is outside die area.
[GRT-0036] Pin gpio_dm2[32] is outside die area.
[GRT-0036] Pin gpio_dm2[33] is outside die area.
[GRT-0036] Pin gpio_dm2[34] is outside die area.
[GRT-0036] Pin gpio_dm2[35] is outside die area.
[GRT-0036] Pin gpio_dm2[36] is outside die area.
[GRT-0036] Pin gpio_dm2[37] is outside die area.
[GRT-0036] Pin gpio_dm2[38] is outside die area.
[GRT-0036] Pin gpio_dm2[39] is outside die area.
[GRT-0036] Pin gpio_dm2[3] is outside die area.
[GRT-0036] Pin gpio_dm2[40] is outside die area.
[GRT-0036] Pin gpio_dm2[41] is outside die area.
[GRT-0036] Pin gpio_dm2[42] is outside die area.
[GRT-0036] Pin gpio_dm2[43] is outside die area.
[GRT-0036] Pin gpio_dm2[4] is outside die area.
[GRT-0036] Pin gpio_dm2[5] is outside die area.
[GRT-0036] Pin gpio_dm2[6] is outside die area.
[GRT-0036] Pin gpio_dm2[7] is outside die area.
[GRT-0036] Pin gpio_dm2[8] is outside die area.
[GRT-0036] Pin gpio_dm2[9] is outside die area.
[GRT-0036] Pin gpio_ib_mode_sel[0] is outside die area.
[GRT-0036] Pin gpio_holdover[10] is outside die area.
[GRT-0036] Pin gpio_holdover[11] is outside die area.
[GRT-0036] Pin gpio_holdover[12] is outside die area.
[GRT-0036] Pin gpio_holdover[13] is outside die area.
[GRT-0036] Pin gpio_holdover[14] is outside die area.
[GRT-0036] Pin gpio_holdover[15] is outside die area.
[GRT-0036] Pin gpio_holdover[16] is outside die area.
[GRT-0036] Pin gpio_holdover[17] is outside die area.
[GRT-0036] Pin gpio_holdover[18] is outside die area.
[GRT-0036] Pin gpio_holdover[19] is outside die area.
[GRT-0036] Pin gpio_holdover[1] is outside die area.
[GRT-0036] Pin gpio_holdover[20] is outside die area.
[GRT-0036] Pin gpio_holdover[21] is outside die area.
[GRT-0036] Pin gpio_holdover[22] is outside die area.
[GRT-0036] Pin gpio_holdover[23] is outside die area.
[GRT-0036] Pin gpio_holdover[24] is outside die area.
[GRT-0036] Pin gpio_holdover[25] is outside die area.
[GRT-0036] Pin gpio_holdover[26] is outside die area.
[GRT-0036] Pin gpio_holdover[27] is outside die area.
[GRT-0036] Pin gpio_holdover[28] is outside die area.
[GRT-0036] Pin gpio_holdover[29] is outside die area.
[GRT-0036] Pin gpio_holdover[2] is outside die area.
[GRT-0036] Pin gpio_holdover[30] is outside die area.
[GRT-0036] Pin gpio_holdover[31] is outside die area.
[GRT-0036] Pin gpio_holdover[32] is outside die area.
[GRT-0036] Pin gpio_holdover[33] is outside die area.
[GRT-0036] Pin gpio_holdover[34] is outside die area.
[GRT-0036] Pin gpio_holdover[35] is outside die area.
[GRT-0036] Pin gpio_holdover[36] is outside die area.
[GRT-0036] Pin gpio_holdover[37] is outside die area.
[GRT-0036] Pin gpio_holdover[38] is outside die area.
[GRT-0036] Pin gpio_holdover[39] is outside die area.
[GRT-0036] Pin gpio_holdover[3] is outside die area.
[GRT-0036] Pin gpio_holdover[40] is outside die area.
[GRT-0036] Pin gpio_holdover[41] is outside die area.
[GRT-0036] Pin gpio_holdover[42] is outside die area.
[GRT-0036] Pin gpio_holdover[43] is outside die area.
[GRT-0036] Pin gpio_holdover[4] is outside die area.
[GRT-0036] Pin gpio_holdover[5] is outside die area.
[GRT-0036] Pin gpio_holdover[6] is outside die area.
[GRT-0036] Pin gpio_holdover[7] is outside die area.
[GRT-0036] Pin gpio_holdover[8] is outside die area.
[GRT-0036] Pin gpio_holdover[9] is outside die area.
[GRT-0036] Pin gpio_inp_dis[0] is outside die area.
[GRT-0036] Pin gpio_ib_mode_sel[10] is outside die area.
[GRT-0036] Pin gpio_ib_mode_sel[11] is outside die area.
[GRT-0036] Pin gpio_ib_mode_sel[12] is outside die area.
[GRT-0036] Pin gpio_ib_mode_sel[13] is outside die area.
[GRT-0036] Pin gpio_ib_mode_sel[14] is outside die area.
[GRT-0036] Pin gpio_ib_mode_sel[15] is outside die area.
[GRT-0036] Pin gpio_ib_mode_sel[16] is outside die area.
[GRT-0036] Pin gpio_ib_mode_sel[17] is outside die area.
[GRT-0036] Pin gpio_ib_mode_sel[18] is outside die area.
[GRT-0036] Pin gpio_ib_mode_sel[19] is outside die area.
[GRT-0036] Pin gpio_ib_mode_sel[1] is outside die area.
[GRT-0036] Pin gpio_ib_mode_sel[20] is outside die area.
[GRT-0036] Pin gpio_ib_mode_sel[21] is outside die area.
[GRT-0036] Pin gpio_ib_mode_sel[22] is outside die area.
[GRT-0036] Pin gpio_ib_mode_sel[23] is outside die area.
[GRT-0036] Pin gpio_ib_mode_sel[24] is outside die area.
[GRT-0036] Pin gpio_ib_mode_sel[25] is outside die area.
[GRT-0036] Pin gpio_ib_mode_sel[26] is outside die area.
[GRT-0036] Pin gpio_ib_mode_sel[27] is outside die area.
[GRT-0036] Pin gpio_ib_mode_sel[28] is outside die area.
[GRT-0036] Pin gpio_ib_mode_sel[29] is outside die area.
[GRT-0036] Pin gpio_ib_mode_sel[2] is outside die area.
[GRT-0036] Pin gpio_ib_mode_sel[30] is outside die area.
[GRT-0036] Pin gpio_ib_mode_sel[31] is outside die area.
[GRT-0036] Pin gpio_ib_mode_sel[32] is outside die area.
[GRT-0036] Pin gpio_ib_mode_sel[33] is outside die area.
[GRT-0036] Pin gpio_ib_mode_sel[34] is outside die area.
[GRT-0036] Pin gpio_ib_mode_sel[35] is outside die area.
[GRT-0036] Pin gpio_ib_mode_sel[36] is outside die area.
[GRT-0036] Pin gpio_ib_mode_sel[37] is outside die area.
[GRT-0036] Pin gpio_ib_mode_sel[38] is outside die area.
[GRT-0036] Pin gpio_ib_mode_sel[39] is outside die area.
[GRT-0036] Pin gpio_ib_mode_sel[3] is outside die area.
[GRT-0036] Pin gpio_ib_mode_sel[40] is outside die area.
[GRT-0036] Pin gpio_ib_mode_sel[41] is outside die area.
[GRT-0036] Pin gpio_ib_mode_sel[42] is outside die area.
[GRT-0036] Pin gpio_ib_mode_sel[43] is outside die area.
[GRT-0036] Pin gpio_ib_mode_sel[4] is outside die area.
[GRT-0036] Pin gpio_ib_mode_sel[5] is outside die area.
[GRT-0036] Pin gpio_ib_mode_sel[6] is outside die area.
[GRT-0036] Pin gpio_ib_mode_sel[7] is outside die area.
[GRT-0036] Pin gpio_ib_mode_sel[8] is outside die area.
[GRT-0036] Pin gpio_ib_mode_sel[9] is outside die area.
[GRT-0036] Pin gpio_in[0] is outside die area.
[GRT-0036] Pin gpio_in[10] is outside die area.
[GRT-0036] Pin gpio_in[11] is outside die area.
[GRT-0036] Pin gpio_in[12] is outside die area.
[GRT-0036] Pin gpio_in[13] is outside die area.
[GRT-0036] Pin gpio_in[14] is outside die area.
[GRT-0036] Pin gpio_in[15] is outside die area.
[GRT-0036] Pin gpio_in[16] is outside die area.
[GRT-0036] Pin gpio_in[17] is outside die area.
[GRT-0036] Pin gpio_in[18] is outside die area.
[GRT-0036] Pin gpio_in[19] is outside die area.
[GRT-0036] Pin gpio_in[1] is outside die area.
[GRT-0036] Pin gpio_in[20] is outside die area.
[GRT-0036] Pin gpio_in[21] is outside die area.
[GRT-0036] Pin gpio_in[22] is outside die area.
[GRT-0036] Pin gpio_in[23] is outside die area.
[GRT-0036] Pin gpio_in[24] is outside die area.
[GRT-0036] Pin gpio_in[25] is outside die area.
[GRT-0036] Pin gpio_in[26] is outside die area.
[GRT-0036] Pin gpio_in[27] is outside die area.
[GRT-0036] Pin gpio_in[28] is outside die area.
[GRT-0036] Pin gpio_in[29] is outside die area.
[GRT-0036] Pin gpio_in[2] is outside die area.
[GRT-0036] Pin gpio_in[30] is outside die area.
[GRT-0036] Pin gpio_in[31] is outside die area.
[GRT-0036] Pin gpio_in[32] is outside die area.
[GRT-0036] Pin gpio_in[33] is outside die area.
[GRT-0036] Pin gpio_in[34] is outside die area.
[GRT-0036] Pin gpio_in[35] is outside die area.
[GRT-0036] Pin gpio_in[36] is outside die area.
[GRT-0036] Pin gpio_in[37] is outside die area.
[GRT-0036] Pin gpio_in[38] is outside die area.
[GRT-0036] Pin gpio_in[39] is outside die area.
[GRT-0036] Pin gpio_in[3] is outside die area.
[GRT-0036] Pin gpio_in[40] is outside die area.
[GRT-0036] Pin gpio_in[41] is outside die area.
[GRT-0036] Pin gpio_in[42] is outside die area.
[GRT-0036] Pin gpio_in[43] is outside die area.
[GRT-0036] Pin gpio_in[4] is outside die area.
[GRT-0036] Pin gpio_in[5] is outside die area.
[GRT-0036] Pin gpio_in[6] is outside die area.
[GRT-0036] Pin gpio_in[7] is outside die area.
[GRT-0036] Pin gpio_in[8] is outside die area.
[GRT-0036] Pin gpio_in[9] is outside die area.
[GRT-0036] Pin gpio_in_h[0] is outside die area.
[GRT-0036] Pin gpio_in_h[10] is outside die area.
[GRT-0036] Pin gpio_in_h[11] is outside die area.
[GRT-0036] Pin gpio_in_h[12] is outside die area.
[GRT-0036] Pin gpio_in_h[13] is outside die area.
[GRT-0036] Pin gpio_in_h[14] is outside die area.
[GRT-0036] Pin gpio_in_h[15] is outside die area.
[GRT-0036] Pin gpio_in_h[16] is outside die area.
[GRT-0036] Pin gpio_in_h[17] is outside die area.
[GRT-0036] Pin gpio_in_h[18] is outside die area.
[GRT-0036] Pin gpio_in_h[19] is outside die area.
[GRT-0036] Pin gpio_in_h[1] is outside die area.
[GRT-0036] Pin gpio_in_h[20] is outside die area.
[GRT-0036] Pin gpio_in_h[21] is outside die area.
[GRT-0036] Pin gpio_in_h[22] is outside die area.
[GRT-0036] Pin gpio_in_h[23] is outside die area.
[GRT-0036] Pin gpio_in_h[24] is outside die area.
[GRT-0036] Pin gpio_in_h[25] is outside die area.
[GRT-0036] Pin gpio_in_h[26] is outside die area.
[GRT-0036] Pin gpio_in_h[27] is outside die area.
[GRT-0036] Pin gpio_in_h[28] is outside die area.
[GRT-0036] Pin gpio_in_h[29] is outside die area.
[GRT-0036] Pin gpio_in_h[2] is outside die area.
[GRT-0036] Pin gpio_in_h[30] is outside die area.
[GRT-0036] Pin gpio_in_h[31] is outside die area.
[GRT-0036] Pin gpio_in_h[32] is outside die area.
[GRT-0036] Pin gpio_in_h[33] is outside die area.
[GRT-0036] Pin gpio_in_h[34] is outside die area.
[GRT-0036] Pin gpio_in_h[35] is outside die area.
[GRT-0036] Pin gpio_in_h[36] is outside die area.
[GRT-0036] Pin gpio_in_h[37] is outside die area.
[GRT-0036] Pin gpio_in_h[38] is outside die area.
[GRT-0036] Pin gpio_in_h[39] is outside die area.
[GRT-0036] Pin gpio_in_h[3] is outside die area.
[GRT-0036] Pin gpio_in_h[40] is outside die area.
[GRT-0036] Pin gpio_in_h[41] is outside die area.
[GRT-0036] Pin gpio_in_h[42] is outside die area.
[GRT-0036] Pin gpio_in_h[43] is outside die area.
[GRT-0036] Pin gpio_in_h[4] is outside die area.
[GRT-0036] Pin gpio_in_h[5] is outside die area.
[GRT-0036] Pin gpio_in_h[6] is outside die area.
[GRT-0036] Pin gpio_in_h[7] is outside die area.
[GRT-0036] Pin gpio_in_h[8] is outside die area.
[GRT-0036] Pin gpio_in_h[9] is outside die area.
[GRT-0036] Pin gpio_oeb[0] is outside die area.
[GRT-0036] Pin gpio_inp_dis[10] is outside die area.
[GRT-0036] Pin gpio_inp_dis[11] is outside die area.
[GRT-0036] Pin gpio_inp_dis[12] is outside die area.
[GRT-0036] Pin gpio_inp_dis[13] is outside die area.
[GRT-0036] Pin gpio_inp_dis[14] is outside die area.
[GRT-0036] Pin gpio_inp_dis[15] is outside die area.
[GRT-0036] Pin gpio_inp_dis[16] is outside die area.
[GRT-0036] Pin gpio_inp_dis[17] is outside die area.
[GRT-0036] Pin gpio_inp_dis[18] is outside die area.
[GRT-0036] Pin gpio_inp_dis[19] is outside die area.
[GRT-0036] Pin gpio_inp_dis[1] is outside die area.
[GRT-0036] Pin gpio_inp_dis[20] is outside die area.
[GRT-0036] Pin gpio_inp_dis[21] is outside die area.
[GRT-0036] Pin gpio_inp_dis[22] is outside die area.
[GRT-0036] Pin gpio_inp_dis[23] is outside die area.
[GRT-0036] Pin gpio_inp_dis[24] is outside die area.
[GRT-0036] Pin gpio_inp_dis[25] is outside die area.
[GRT-0036] Pin gpio_inp_dis[26] is outside die area.
[GRT-0036] Pin gpio_inp_dis[27] is outside die area.
[GRT-0036] Pin gpio_inp_dis[28] is outside die area.
[GRT-0036] Pin gpio_inp_dis[29] is outside die area.
[GRT-0036] Pin gpio_inp_dis[2] is outside die area.
[GRT-0036] Pin gpio_inp_dis[30] is outside die area.
[GRT-0036] Pin gpio_inp_dis[31] is outside die area.
[GRT-0036] Pin gpio_inp_dis[32] is outside die area.
[GRT-0036] Pin gpio_inp_dis[33] is outside die area.
[GRT-0036] Pin gpio_inp_dis[34] is outside die area.
[GRT-0036] Pin gpio_inp_dis[35] is outside die area.
[GRT-0036] Pin gpio_inp_dis[36] is outside die area.
[GRT-0036] Pin gpio_inp_dis[37] is outside die area.
[GRT-0036] Pin gpio_inp_dis[38] is outside die area.
[GRT-0036] Pin gpio_inp_dis[39] is outside die area.
[GRT-0036] Pin gpio_inp_dis[3] is outside die area.
[GRT-0036] Pin gpio_inp_dis[40] is outside die area.
[GRT-0036] Pin gpio_inp_dis[41] is outside die area.
[GRT-0036] Pin gpio_inp_dis[42] is outside die area.
[GRT-0036] Pin gpio_inp_dis[43] is outside die area.
[GRT-0036] Pin gpio_inp_dis[4] is outside die area.
[GRT-0036] Pin gpio_inp_dis[5] is outside die area.
[GRT-0036] Pin gpio_inp_dis[6] is outside die area.
[GRT-0036] Pin gpio_inp_dis[7] is outside die area.
[GRT-0036] Pin gpio_inp_dis[8] is outside die area.
[GRT-0036] Pin gpio_inp_dis[9] is outside die area.
[GRT-0036] Pin gpio_loopback_one[0] is outside die area.
[GRT-0036] Pin gpio_loopback_one[10] is outside die area.
[GRT-0036] Pin gpio_loopback_one[11] is outside die area.
[GRT-0036] Pin gpio_loopback_one[12] is outside die area.
[GRT-0036] Pin gpio_loopback_one[13] is outside die area.
[GRT-0036] Pin gpio_loopback_one[14] is outside die area.
[GRT-0036] Pin gpio_loopback_one[15] is outside die area.
[GRT-0036] Pin gpio_loopback_one[16] is outside die area.
[GRT-0036] Pin gpio_loopback_one[17] is outside die area.
[GRT-0036] Pin gpio_loopback_one[18] is outside die area.
[GRT-0036] Pin gpio_loopback_one[19] is outside die area.
[GRT-0036] Pin gpio_loopback_one[1] is outside die area.
[GRT-0036] Pin gpio_loopback_one[20] is outside die area.
[GRT-0036] Pin gpio_loopback_one[21] is outside die area.
[GRT-0036] Pin gpio_loopback_one[22] is outside die area.
[GRT-0036] Pin gpio_loopback_one[23] is outside die area.
[GRT-0036] Pin gpio_loopback_one[24] is outside die area.
[GRT-0036] Pin gpio_loopback_one[25] is outside die area.
[GRT-0036] Pin gpio_loopback_one[26] is outside die area.
[GRT-0036] Pin gpio_loopback_one[27] is outside die area.
[GRT-0036] Pin gpio_loopback_one[28] is outside die area.
[GRT-0036] Pin gpio_loopback_one[29] is outside die area.
[GRT-0036] Pin gpio_loopback_one[2] is outside die area.
[GRT-0036] Pin gpio_loopback_one[30] is outside die area.
[GRT-0036] Pin gpio_loopback_one[31] is outside die area.
[GRT-0036] Pin gpio_loopback_one[32] is outside die area.
[GRT-0036] Pin gpio_loopback_one[33] is outside die area.
[GRT-0036] Pin gpio_loopback_one[34] is outside die area.
[GRT-0036] Pin gpio_loopback_one[35] is outside die area.
[GRT-0036] Pin gpio_loopback_one[36] is outside die area.
[GRT-0036] Pin gpio_loopback_one[37] is outside die area.
[GRT-0036] Pin gpio_loopback_one[38] is outside die area.
[GRT-0036] Pin gpio_loopback_one[39] is outside die area.
[GRT-0036] Pin gpio_loopback_one[3] is outside die area.
[GRT-0036] Pin gpio_loopback_one[40] is outside die area.
[GRT-0036] Pin gpio_loopback_one[41] is outside die area.
[GRT-0036] Pin gpio_loopback_one[42] is outside die area.
[GRT-0036] Pin gpio_loopback_one[43] is outside die area.
[GRT-0036] Pin gpio_loopback_one[4] is outside die area.
[GRT-0036] Pin gpio_loopback_one[5] is outside die area.
[GRT-0036] Pin gpio_loopback_one[6] is outside die area.
[GRT-0036] Pin gpio_loopback_one[7] is outside die area.
[GRT-0036] Pin gpio_loopback_one[8] is outside die area.
[GRT-0036] Pin gpio_loopback_one[9] is outside die area.
[GRT-0036] Pin gpio_loopback_zero[0] is outside die area.
[GRT-0036] Pin gpio_loopback_zero[10] is outside die area.
[GRT-0036] Pin gpio_loopback_zero[11] is outside die area.
[GRT-0036] Pin gpio_loopback_zero[12] is outside die area.
[GRT-0036] Pin gpio_loopback_zero[13] is outside die area.
[GRT-0036] Pin gpio_loopback_zero[14] is outside die area.
[GRT-0036] Pin gpio_loopback_zero[15] is outside die area.
[GRT-0036] Pin gpio_loopback_zero[16] is outside die area.
[GRT-0036] Pin gpio_loopback_zero[17] is outside die area.
[GRT-0036] Pin gpio_loopback_zero[18] is outside die area.
[GRT-0036] Pin gpio_loopback_zero[19] is outside die area.
[GRT-0036] Pin gpio_loopback_zero[1] is outside die area.
[GRT-0036] Pin gpio_loopback_zero[20] is outside die area.
[GRT-0036] Pin gpio_loopback_zero[21] is outside die area.
[GRT-0036] Pin gpio_loopback_zero[22] is outside die area.
[GRT-0036] Pin gpio_loopback_zero[23] is outside die area.
[GRT-0036] Pin gpio_loopback_zero[24] is outside die area.
[GRT-0036] Pin gpio_loopback_zero[25] is outside die area.
[GRT-0036] Pin gpio_loopback_zero[26] is outside die area.
[GRT-0036] Pin gpio_loopback_zero[27] is outside die area.
[GRT-0036] Pin gpio_loopback_zero[28] is outside die area.
[GRT-0036] Pin gpio_loopback_zero[29] is outside die area.
[GRT-0036] Pin gpio_loopback_zero[2] is outside die area.
[GRT-0036] Pin gpio_loopback_zero[30] is outside die area.
[GRT-0036] Pin gpio_loopback_zero[31] is outside die area.
[GRT-0036] Pin gpio_loopback_zero[32] is outside die area.
[GRT-0036] Pin gpio_loopback_zero[33] is outside die area.
[GRT-0036] Pin gpio_loopback_zero[34] is outside die area.
[GRT-0036] Pin gpio_loopback_zero[35] is outside die area.
[GRT-0036] Pin gpio_loopback_zero[36] is outside die area.
[GRT-0036] Pin gpio_loopback_zero[37] is outside die area.
[GRT-0036] Pin gpio_loopback_zero[38] is outside die area.
[GRT-0036] Pin gpio_loopback_zero[39] is outside die area.
[GRT-0036] Pin gpio_loopback_zero[3] is outside die area.
[GRT-0036] Pin gpio_loopback_zero[40] is outside die area.
[GRT-0036] Pin gpio_loopback_zero[41] is outside die area.
[GRT-0036] Pin gpio_loopback_zero[42] is outside die area.
[GRT-0036] Pin gpio_loopback_zero[43] is outside die area.
[GRT-0036] Pin gpio_loopback_zero[4] is outside die area.
[GRT-0036] Pin gpio_loopback_zero[5] is outside die area.
[GRT-0036] Pin gpio_loopback_zero[6] is outside die area.
[GRT-0036] Pin gpio_loopback_zero[7] is outside die area.
[GRT-0036] Pin gpio_loopback_zero[8] is outside die area.
[GRT-0036] Pin gpio_loopback_zero[9] is outside die area.
[GRT-0036] Pin gpio_out[29] is outside die area.
[GRT-0036] Pin gpio_oeb[10] is outside die area.
[GRT-0036] Pin gpio_oeb[11] is outside die area.
[GRT-0036] Pin gpio_oeb[12] is outside die area.
[GRT-0036] Pin gpio_oeb[13] is outside die area.
[GRT-0036] Pin gpio_oeb[14] is outside die area.
[GRT-0036] Pin gpio_oeb[15] is outside die area.
[GRT-0036] Pin gpio_oeb[16] is outside die area.
[GRT-0036] Pin gpio_oeb[17] is outside die area.
[GRT-0036] Pin gpio_oeb[18] is outside die area.
[GRT-0036] Pin gpio_oeb[19] is outside die area.
[GRT-0036] Pin gpio_oeb[1] is outside die area.
[GRT-0036] Pin gpio_oeb[20] is outside die area.
[GRT-0036] Pin gpio_oeb[21] is outside die area.
[GRT-0036] Pin gpio_oeb[22] is outside die area.
[GRT-0036] Pin gpio_oeb[23] is outside die area.
[GRT-0036] Pin gpio_oeb[24] is outside die area.
[GRT-0036] Pin gpio_oeb[25] is outside die area.
[GRT-0036] Pin gpio_oeb[26] is outside die area.
[GRT-0036] Pin gpio_oeb[27] is outside die area.
[GRT-0036] Pin gpio_oeb[28] is outside die area.
[GRT-0036] Pin gpio_oeb[29] is outside die area.
[GRT-0036] Pin gpio_oeb[2] is outside die area.
[GRT-0036] Pin gpio_oeb[30] is outside die area.
[GRT-0036] Pin gpio_oeb[31] is outside die area.
[GRT-0036] Pin gpio_oeb[32] is outside die area.
[GRT-0036] Pin gpio_oeb[33] is outside die area.
[GRT-0036] Pin gpio_oeb[34] is outside die area.
[GRT-0036] Pin gpio_oeb[35] is outside die area.
[GRT-0036] Pin gpio_oeb[36] is outside die area.
[GRT-0036] Pin gpio_oeb[37] is outside die area.
[GRT-0036] Pin gpio_oeb[38] is outside die area.
[GRT-0036] Pin gpio_oeb[39] is outside die area.
[GRT-0036] Pin gpio_oeb[3] is outside die area.
[GRT-0036] Pin gpio_oeb[40] is outside die area.
[GRT-0036] Pin gpio_oeb[41] is outside die area.
[GRT-0036] Pin gpio_oeb[42] is outside die area.
[GRT-0036] Pin gpio_oeb[43] is outside die area.
[GRT-0036] Pin gpio_oeb[4] is outside die area.
[GRT-0036] Pin gpio_oeb[5] is outside die area.
[GRT-0036] Pin gpio_oeb[6] is outside die area.
[GRT-0036] Pin gpio_oeb[7] is outside die area.
[GRT-0036] Pin gpio_oeb[8] is outside die area.
[GRT-0036] Pin gpio_oeb[9] is outside die area.
[GRT-0036] Pin gpio_out[0] is outside die area.
[GRT-0036] Pin gpio_out[10] is outside die area.
[GRT-0036] Pin gpio_out[11] is outside die area.
[GRT-0036] Pin gpio_out[12] is outside die area.
[GRT-0036] Pin gpio_out[13] is outside die area.
[GRT-0036] Pin gpio_out[14] is outside die area.
[GRT-0036] Pin gpio_out[15] is outside die area.
[GRT-0036] Pin gpio_out[16] is outside die area.
[GRT-0036] Pin gpio_out[17] is outside die area.
[GRT-0036] Pin gpio_out[18] is outside die area.
[GRT-0036] Pin gpio_out[19] is outside die area.
[GRT-0036] Pin gpio_out[1] is outside die area.
[GRT-0036] Pin gpio_out[20] is outside die area.
[GRT-0036] Pin gpio_out[21] is outside die area.
[GRT-0036] Pin gpio_out[22] is outside die area.
[GRT-0036] Pin gpio_out[23] is outside die area.
[GRT-0036] Pin gpio_out[24] is outside die area.
[GRT-0036] Pin gpio_out[25] is outside die area.
[GRT-0036] Pin gpio_out[26] is outside die area.
[GRT-0036] Pin gpio_out[27] is outside die area.
[GRT-0036] Pin gpio_out[28] is outside die area.
[GRT-0036] Pin gpio_slow_sel[0] is outside die area.
[GRT-0036] Pin gpio_out[2] is outside die area.
[GRT-0036] Pin gpio_out[30] is outside die area.
[GRT-0036] Pin gpio_out[31] is outside die area.
[GRT-0036] Pin gpio_out[32] is outside die area.
[GRT-0036] Pin gpio_out[33] is outside die area.
[GRT-0036] Pin gpio_out[34] is outside die area.
[GRT-0036] Pin gpio_out[35] is outside die area.
[GRT-0036] Pin gpio_out[36] is outside die area.
[GRT-0036] Pin gpio_out[37] is outside die area.
[GRT-0036] Pin gpio_out[38] is outside die area.
[GRT-0036] Pin gpio_out[39] is outside die area.
[GRT-0036] Pin gpio_out[3] is outside die area.
[GRT-0036] Pin gpio_out[40] is outside die area.
[GRT-0036] Pin gpio_out[41] is outside die area.
[GRT-0036] Pin gpio_out[42] is outside die area.
[GRT-0036] Pin gpio_out[43] is outside die area.
[GRT-0036] Pin gpio_out[4] is outside die area.
[GRT-0036] Pin gpio_out[5] is outside die area.
[GRT-0036] Pin gpio_out[6] is outside die area.
[GRT-0036] Pin gpio_out[7] is outside die area.
[GRT-0036] Pin gpio_out[8] is outside die area.
[GRT-0036] Pin gpio_out[9] is outside die area.
[GRT-0036] Pin gpio_vtrip_sel[0] is outside die area.
[GRT-0036] Pin gpio_slow_sel[10] is outside die area.
[GRT-0036] Pin gpio_slow_sel[11] is outside die area.
[GRT-0036] Pin gpio_slow_sel[12] is outside die area.
[GRT-0036] Pin gpio_slow_sel[13] is outside die area.
[GRT-0036] Pin gpio_slow_sel[14] is outside die area.
[GRT-0036] Pin gpio_slow_sel[15] is outside die area.
[GRT-0036] Pin gpio_slow_sel[16] is outside die area.
[GRT-0036] Pin gpio_slow_sel[17] is outside die area.
[GRT-0036] Pin gpio_slow_sel[18] is outside die area.
[GRT-0036] Pin gpio_slow_sel[19] is outside die area.
[GRT-0036] Pin gpio_slow_sel[1] is outside die area.
[GRT-0036] Pin gpio_slow_sel[20] is outside die area.
[GRT-0036] Pin gpio_slow_sel[21] is outside die area.
[GRT-0036] Pin gpio_slow_sel[22] is outside die area.
[GRT-0036] Pin gpio_slow_sel[23] is outside die area.
[GRT-0036] Pin gpio_slow_sel[24] is outside die area.
[GRT-0036] Pin gpio_slow_sel[25] is outside die area.
[GRT-0036] Pin gpio_slow_sel[26] is outside die area.
[GRT-0036] Pin gpio_slow_sel[27] is outside die area.
[GRT-0036] Pin gpio_slow_sel[28] is outside die area.
[GRT-0036] Pin gpio_slow_sel[29] is outside die area.
[GRT-0036] Pin gpio_slow_sel[2] is outside die area.
[GRT-0036] Pin gpio_slow_sel[30] is outside die area.
[GRT-0036] Pin gpio_slow_sel[31] is outside die area.
[GRT-0036] Pin gpio_slow_sel[32] is outside die area.
[GRT-0036] Pin gpio_slow_sel[33] is outside die area.
[GRT-0036] Pin gpio_slow_sel[34] is outside die area.
[GRT-0036] Pin gpio_slow_sel[35] is outside die area.
[GRT-0036] Pin gpio_slow_sel[36] is outside die area.
[GRT-0036] Pin gpio_slow_sel[37] is outside die area.
[GRT-0036] Pin gpio_slow_sel[38] is outside die area.
[GRT-0036] Pin gpio_slow_sel[39] is outside die area.
[GRT-0036] Pin gpio_slow_sel[3] is outside die area.
[GRT-0036] Pin gpio_slow_sel[40] is outside die area.
[GRT-0036] Pin gpio_slow_sel[41] is outside die area.
[GRT-0036] Pin gpio_slow_sel[42] is outside die area.
[GRT-0036] Pin gpio_slow_sel[43] is outside die area.
[GRT-0036] Pin gpio_slow_sel[4] is outside die area.
[GRT-0036] Pin gpio_slow_sel[5] is outside die area.
[GRT-0036] Pin gpio_slow_sel[6] is outside die area.
[GRT-0036] Pin gpio_slow_sel[7] is outside die area.
[GRT-0036] Pin gpio_slow_sel[8] is outside die area.
[GRT-0036] Pin gpio_slow_sel[9] is outside die area.
[GRT-0036] Pin gpio_vtrip_sel[10] is outside die area.
[GRT-0036] Pin gpio_vtrip_sel[11] is outside die area.
[GRT-0036] Pin gpio_vtrip_sel[12] is outside die area.
[GRT-0036] Pin gpio_vtrip_sel[13] is outside die area.
[GRT-0036] Pin gpio_vtrip_sel[14] is outside die area.
[GRT-0036] Pin gpio_vtrip_sel[15] is outside die area.
[GRT-0036] Pin gpio_vtrip_sel[16] is outside die area.
[GRT-0036] Pin gpio_vtrip_sel[17] is outside die area.
[GRT-0036] Pin gpio_vtrip_sel[18] is outside die area.
[GRT-0036] Pin gpio_vtrip_sel[19] is outside die area.
[GRT-0036] Pin gpio_vtrip_sel[1] is outside die area.
[GRT-0036] Pin gpio_vtrip_sel[20] is outside die area.
[GRT-0036] Pin gpio_vtrip_sel[21] is outside die area.
[GRT-0036] Pin gpio_vtrip_sel[22] is outside die area.
[GRT-0036] Pin gpio_vtrip_sel[23] is outside die area.
[GRT-0036] Pin gpio_vtrip_sel[24] is outside die area.
[GRT-0036] Pin gpio_vtrip_sel[25] is outside die area.
[GRT-0036] Pin gpio_vtrip_sel[26] is outside die area.
[GRT-0036] Pin gpio_vtrip_sel[27] is outside die area.
[GRT-0036] Pin gpio_vtrip_sel[28] is outside die area.
[GRT-0036] Pin gpio_vtrip_sel[29] is outside die area.
[GRT-0036] Pin gpio_vtrip_sel[2] is outside die area.
[GRT-0036] Pin gpio_vtrip_sel[30] is outside die area.
[GRT-0036] Pin gpio_vtrip_sel[31] is outside die area.
[GRT-0036] Pin gpio_vtrip_sel[32] is outside die area.
[GRT-0036] Pin gpio_vtrip_sel[33] is outside die area.
[GRT-0036] Pin gpio_vtrip_sel[34] is outside die area.
[GRT-0036] Pin gpio_vtrip_sel[35] is outside die area.
[GRT-0036] Pin gpio_vtrip_sel[36] is outside die area.
[GRT-0036] Pin gpio_vtrip_sel[37] is outside die area.
[GRT-0036] Pin gpio_vtrip_sel[38] is outside die area.
[GRT-0036] Pin gpio_vtrip_sel[39] is outside die area.
[GRT-0036] Pin gpio_vtrip_sel[3] is outside die area.
[GRT-0036] Pin gpio_vtrip_sel[40] is outside die area.
[GRT-0036] Pin gpio_vtrip_sel[41] is outside die area.
[GRT-0036] Pin gpio_vtrip_sel[42] is outside die area.
[GRT-0036] Pin gpio_vtrip_sel[43] is outside die area.
[GRT-0036] Pin gpio_vtrip_sel[4] is outside die area.
[GRT-0036] Pin gpio_vtrip_sel[5] is outside die area.
[GRT-0036] Pin gpio_vtrip_sel[6] is outside die area.
[GRT-0036] Pin gpio_vtrip_sel[7] is outside die area.
[GRT-0036] Pin gpio_vtrip_sel[8] is outside die area.
[GRT-0036] Pin gpio_vtrip_sel[9] is outside die area.
[GRT-0036] Pin mask_rev[0] is outside die area.
[GRT-0036] Pin mask_rev[10] is outside die area.
[GRT-0036] Pin mask_rev[11] is outside die area.
[GRT-0036] Pin mask_rev[12] is outside die area.
[GRT-0036] Pin mask_rev[13] is outside die area.
[GRT-0036] Pin mask_rev[14] is outside die area.
[GRT-0036] Pin mask_rev[15] is outside die area.
[GRT-0036] Pin mask_rev[16] is outside die area.
[GRT-0036] Pin mask_rev[17] is outside die area.
[GRT-0036] Pin mask_rev[18] is outside die area.
[GRT-0036] Pin mask_rev[19] is outside die area.
[GRT-0036] Pin mask_rev[1] is outside die area.
[GRT-0036] Pin mask_rev[20] is outside die area.
[GRT-0036] Pin mask_rev[21] is outside die area.
[GRT-0036] Pin mask_rev[22] is outside die area.
[GRT-0036] Pin mask_rev[23] is outside die area.
[GRT-0036] Pin mask_rev[24] is outside die area.
[GRT-0036] Pin mask_rev[25] is outside die area.
[GRT-0036] Pin mask_rev[26] is outside die area.
[GRT-0036] Pin mask_rev[27] is outside die area.
[GRT-0036] Pin mask_rev[28] is outside die area.
[GRT-0036] Pin mask_rev[29] is outside die area.
[GRT-0036] Pin mask_rev[2] is outside die area.
[GRT-0036] Pin mask_rev[30] is outside die area.
[GRT-0036] Pin mask_rev[31] is outside die area.
[GRT-0036] Pin mask_rev[3] is outside die area.
[GRT-0036] Pin mask_rev[4] is outside die area.
[GRT-0036] Pin mask_rev[5] is outside die area.
[GRT-0036] Pin mask_rev[6] is outside die area.
[GRT-0036] Pin mask_rev[7] is outside die area.
[GRT-0036] Pin mask_rev[8] is outside die area.
[GRT-0036] Pin mask_rev[9] is outside die area.
[GRT-0036] Pin por_l is outside die area.
[GRT-0036] Pin porb_h is outside die area.
[GRT-0036] Pin porb_l is outside die area.
[GRT-0036] Pin resetb_h is outside die area.
[GRT-0036] Pin resetb_l is outside die area.
[GRT-0036] Pin gpio_analog_en[0] is outside die area.
[GRT-0115] Global routing finished with overflow.
[GRT-0036] Pin gpio_dm1[0] is outside die area.
[GRT-0036] Pin gpio_analog_en[1] is outside die area.
[GRT-0036] Pin gpio_analog_en[24] is outside die area.
[GRT-0036] Pin gpio_analog_en[25] is outside die area.
[GRT-0036] Pin gpio_analog_en[26] is outside die area.
[GRT-0036] Pin gpio_analog_en[27] is outside die area.
[GRT-0036] Pin gpio_analog_en[28] is outside die area.
[GRT-0036] Pin gpio_analog_en[29] is outside die area.
[GRT-0036] Pin gpio_analog_en[30] is outside die area.
[GRT-0036] Pin gpio_analog_en[31] is outside die area.
[GRT-0036] Pin gpio_analog_en[32] is outside die area.
[GRT-0036] Pin gpio_analog_en[33] is outside die area.
[GRT-0036] Pin gpio_analog_en[34] is outside die area.
[GRT-0036] Pin gpio_analog_en[35] is outside die area.
[GRT-0036] Pin gpio_analog_en[36] is outside die area.
[GRT-0036] Pin gpio_analog_en[37] is outside die area.
[GRT-0036] Pin gpio_analog_en[38] is outside die area.
[GRT-0036] Pin gpio_analog_en[39] is outside die area.
[GRT-0036] Pin gpio_analog_en[3] is outside die area.
[GRT-0036] Pin gpio_analog_en[40] is outside die area.
[GRT-0036] Pin gpio_analog_en[41] is outside die area.
[GRT-0036] Pin gpio_analog_en[42] is outside die area.
[GRT-0036] Pin gpio_analog_en[43] is outside die area.
[GRT-0036] Pin gpio_analog_en[6] is outside die area.
[GRT-0036] Pin gpio_analog_pol[14] is outside die area.
[GRT-0036] Pin gpio_analog_pol[24] is outside die area.
[GRT-0036] Pin gpio_analog_pol[25] is outside die area.
[GRT-0036] Pin gpio_analog_pol[26] is outside die area.
[GRT-0036] Pin gpio_analog_pol[27] is outside die area.
[GRT-0036] Pin gpio_analog_pol[28] is outside die area.
[GRT-0036] Pin gpio_analog_pol[29] is outside die area.
[GRT-0036] Pin gpio_analog_pol[30] is outside die area.
[GRT-0036] Pin gpio_analog_pol[31] is outside die area.
[GRT-0036] Pin gpio_analog_pol[32] is outside die area.
[GRT-0036] Pin gpio_analog_pol[33] is outside die area.
[GRT-0036] Pin gpio_analog_pol[34] is outside die area.
[GRT-0036] Pin gpio_analog_pol[35] is outside die area.
[GRT-0036] Pin gpio_analog_pol[36] is outside die area.
[GRT-0036] Pin gpio_analog_pol[37] is outside die area.
[GRT-0036] Pin gpio_analog_pol[38] is outside die area.
[GRT-0036] Pin gpio_analog_pol[39] is outside die area.
[GRT-0036] Pin gpio_analog_pol[40] is outside die area.
[GRT-0036] Pin gpio_analog_pol[42] is outside die area.
[GRT-0036] Pin gpio_analog_sel[1] is outside die area.
[GRT-0036] Pin gpio_analog_sel[24] is outside die area.
[GRT-0036] Pin gpio_analog_sel[25] is outside die area.
[GRT-0036] Pin gpio_analog_sel[26] is outside die area.
[GRT-0036] Pin gpio_analog_sel[27] is outside die area.
[GRT-0036] Pin gpio_analog_sel[28] is outside die area.
[GRT-0036] Pin gpio_analog_sel[29] is outside die area.
[GRT-0036] Pin gpio_analog_sel[30] is outside die area.
[GRT-0036] Pin gpio_analog_sel[31] is outside die area.
[GRT-0036] Pin gpio_analog_sel[32] is outside die area.
[GRT-0036] Pin gpio_analog_sel[33] is outside die area.
[GRT-0036] Pin gpio_analog_sel[34] is outside die area.
[GRT-0036] Pin gpio_analog_sel[35] is outside die area.
[GRT-0036] Pin gpio_analog_sel[36] is outside die area.
[GRT-0036] Pin gpio_analog_sel[37] is outside die area.
[GRT-0036] Pin gpio_analog_sel[39] is outside die area.
[GRT-0036] Pin gpio_analog_sel[3] is outside die area.
[GRT-0036] Pin gpio_dm0[24] is outside die area.
[GRT-0036] Pin gpio_dm0[25] is outside die area.
[GRT-0036] Pin gpio_dm0[26] is outside die area.
[GRT-0036] Pin gpio_dm0[27] is outside die area.
[GRT-0036] Pin gpio_dm0[28] is outside die area.
[GRT-0036] Pin gpio_dm0[29] is outside die area.
[GRT-0036] Pin gpio_dm0[2] is outside die area.
[GRT-0036] Pin gpio_dm0[30] is outside die area.
[GRT-0036] Pin gpio_dm0[31] is outside die area.
[GRT-0036] Pin gpio_dm0[32] is outside die area.
[GRT-0036] Pin gpio_dm0[33] is outside die area.
[GRT-0036] Pin gpio_dm0[34] is outside die area.
[GRT-0036] Pin gpio_dm0[35] is outside die area.
[GRT-0036] Pin gpio_dm0[36] is outside die area.
[GRT-0036] Pin gpio_dm0[37] is outside die area.
[GRT-0036] Pin gpio_dm0[38] is outside die area.
[GRT-0036] Pin gpio_dm0[39] is outside die area.
[GRT-0036] Pin gpio_dm0[40] is outside die area.
[GRT-0036] Pin gpio_dm0[41] is outside die area.
[GRT-0036] Pin gpio_dm0[4] is outside die area.
[GRT-0036] Pin gpio_dm1[24] is outside die area.
[GRT-0036] Pin gpio_dm1[25] is outside die area.
[GRT-0036] Pin gpio_dm1[26] is outside die area.
[GRT-0036] Pin gpio_dm1[27] is outside die area.
[GRT-0036] Pin gpio_dm1[28] is outside die area.
[GRT-0036] Pin gpio_dm1[29] is outside die area.
[GRT-0036] Pin gpio_dm1[30] is outside die area.
[GRT-0036] Pin gpio_dm1[31] is outside die area.
[GRT-0036] Pin gpio_dm1[32] is outside die area.
[GRT-0036] Pin gpio_dm1[33] is outside die area.
[GRT-0036] Pin gpio_dm1[34] is outside die area.
[GRT-0036] Pin gpio_dm1[35] is outside die area.
[GRT-0036] Pin gpio_dm1[36] is outside die area.
[GRT-0036] Pin gpio_dm1[37] is outside die area.
[GRT-0036] Pin gpio_dm1[38] is outside die area.
[GRT-0036] Pin gpio_dm1[39] is outside die area.
[GRT-0036] Pin gpio_dm1[40] is outside die area.
[GRT-0036] Pin gpio_dm1[41] is outside die area.
[GRT-0036] Pin gpio_dm1[42] is outside die area.
[GRT-0036] Pin gpio_dm1[43] is outside die area.
[GRT-0036] Pin gpio_dm2[24] is outside die area.
[GRT-0036] Pin gpio_dm2[25] is outside die area.
[GRT-0036] Pin gpio_dm2[26] is outside die area.
[GRT-0036] Pin gpio_dm2[27] is outside die area.
[GRT-0036] Pin gpio_dm2[28] is outside die area.
[GRT-0036] Pin gpio_dm2[29] is outside die area.
[GRT-0036] Pin gpio_dm2[2] is outside die area.
[GRT-0036] Pin gpio_dm2[30] is outside die area.
[GRT-0036] Pin gpio_dm2[31] is outside die area.
[GRT-0036] Pin gpio_dm2[32] is outside die area.
[GRT-0036] Pin gpio_dm2[33] is outside die area.
[GRT-0036] Pin gpio_dm2[34] is outside die area.
[GRT-0036] Pin gpio_dm2[35] is outside die area.
[GRT-0036] Pin gpio_dm2[36] is outside die area.
[GRT-0036] Pin gpio_dm2[37] is outside die area.
[GRT-0036] Pin gpio_dm2[39] is outside die area.
[GRT-0036] Pin gpio_dm2[40] is outside die area.
[GRT-0036] Pin gpio_dm2[42] is outside die area.
[GRT-0036] Pin gpio_dm2[43] is outside die area.
[GRT-0036] Pin gpio_dm2[4] is outside die area.
[GRT-0036] Pin gpio_holdover[19] is outside die area.
[GRT-0036] Pin gpio_holdover[20] is outside die area.
[GRT-0036] Pin gpio_holdover[21] is outside die area.
[GRT-0036] Pin gpio_holdover[22] is outside die area.
[GRT-0036] Pin gpio_holdover[24] is outside die area.
[GRT-0036] Pin gpio_holdover[25] is outside die area.
[GRT-0036] Pin gpio_holdover[26] is outside die area.
[GRT-0036] message limit reached, this message will no longer print
[GRT-0115] Global routing finished with overflow.
Running 'OpenROAD.CheckAntennas' at 'openframe_project_wrapper/runs/26_06_14_15_00/42-openroad-repairantennas/2-openroad-checkantennas'…
Logging subprocess to [repr.filename]'openframe_project_wrapper/runs/26_06_14_15_00/42-openroad-repairantennas/2-openroad-checkantennas/openroad-checkantennas.log'[/repr.filename]…
Running 'OpenROAD.ResizerTimingPostGRT' at 'openframe_project_wrapper/runs/26_06_14_15_00/43-openroad-resizertimingpostgrt'…
No libs found for macro classic_fabric_chipfoundry_small at corner nom_tt_025C_1v80. The module will be black-boxed.
No libs found for macro classic_fabric_chipfoundry_large at corner nom_tt_025C_1v80. The module will be black-boxed.
No libs found for macro vccd1_connection at corner nom_tt_025C_1v80. The module will be black-boxed.
No libs found for macro vssd1_connection at corner nom_tt_025C_1v80. The module will be black-boxed.
No libs found for macro classic_fabric_chipfoundry_small at corner nom_ss_100C_1v60. The module will be black-boxed.
No libs found for macro classic_fabric_chipfoundry_large at corner nom_ss_100C_1v60. The module will be black-boxed.
No libs found for macro vccd1_connection at corner nom_ss_100C_1v60. The module will be black-boxed.
No libs found for macro vssd1_connection at corner nom_ss_100C_1v60. The module will be black-boxed.
No libs found for macro classic_fabric_chipfoundry_small at corner nom_ff_n40C_1v95. The module will be black-boxed.
No libs found for macro classic_fabric_chipfoundry_large at corner nom_ff_n40C_1v95. The module will be black-boxed.
No libs found for macro vccd1_connection at corner nom_ff_n40C_1v95. The module will be black-boxed.
No libs found for macro vssd1_connection at corner nom_ff_n40C_1v95. The module will be black-boxed.
No libs found for macro classic_fabric_chipfoundry_small at corner min_tt_025C_1v80. The module will be black-boxed.
No libs found for macro classic_fabric_chipfoundry_large at corner min_tt_025C_1v80. The module will be black-boxed.
No libs found for macro vccd1_connection at corner min_tt_025C_1v80. The module will be black-boxed.
No libs found for macro vssd1_connection at corner min_tt_025C_1v80. The module will be black-boxed.
No libs found for macro classic_fabric_chipfoundry_small at corner min_ss_100C_1v60. The module will be black-boxed.
No libs found for macro classic_fabric_chipfoundry_large at corner min_ss_100C_1v60. The module will be black-boxed.
No libs found for macro vccd1_connection at corner min_ss_100C_1v60. The module will be black-boxed.
No libs found for macro vssd1_connection at corner min_ss_100C_1v60. The module will be black-boxed.
No libs found for macro classic_fabric_chipfoundry_small at corner min_ff_n40C_1v95. The module will be black-boxed.
No libs found for macro classic_fabric_chipfoundry_large at corner min_ff_n40C_1v95. The module will be black-boxed.
No libs found for macro vccd1_connection at corner min_ff_n40C_1v95. The module will be black-boxed.
No libs found for macro vssd1_connection at corner min_ff_n40C_1v95. The module will be black-boxed.
No libs found for macro classic_fabric_chipfoundry_small at corner max_tt_025C_1v80. The module will be black-boxed.
No libs found for macro classic_fabric_chipfoundry_large at corner max_tt_025C_1v80. The module will be black-boxed.
No libs found for macro vccd1_connection at corner max_tt_025C_1v80. The module will be black-boxed.
No libs found for macro vssd1_connection at corner max_tt_025C_1v80. The module will be black-boxed.
No libs found for macro classic_fabric_chipfoundry_small at corner max_ss_100C_1v60. The module will be black-boxed.
No libs found for macro classic_fabric_chipfoundry_large at corner max_ss_100C_1v60. The module will be black-boxed.
No libs found for macro vccd1_connection at corner max_ss_100C_1v60. The module will be black-boxed.
No libs found for macro vssd1_connection at corner max_ss_100C_1v60. The module will be black-boxed.
No libs found for macro classic_fabric_chipfoundry_small at corner max_ff_n40C_1v95. The module will be black-boxed.
No libs found for macro classic_fabric_chipfoundry_large at corner max_ff_n40C_1v95. The module will be black-boxed.
No libs found for macro vccd1_connection at corner max_ff_n40C_1v95. The module will be black-boxed.
No libs found for macro vssd1_connection at corner max_ff_n40C_1v95. The module will be black-boxed.
Logging subprocess to [repr.filename]'openframe_project_wrapper/runs/26_06_14_15_00/43-openroad-resizertimingpostgrt/openroad-resizertimingpostgrt.log'[/repr.filename]…
[GRT-0036] Pin gpio_dm1[0] is outside die area.
[GRT-0036] Pin analog_io[0] is outside die area.
[GRT-0036] Pin analog_io[10] is outside die area.
[GRT-0036] Pin analog_io[11] is outside die area.
[GRT-0036] Pin analog_io[12] is outside die area.
[GRT-0036] Pin analog_io[13] is outside die area.
[GRT-0036] Pin analog_io[14] is outside die area.
[GRT-0036] Pin analog_io[15] is outside die area.
[GRT-0036] Pin analog_io[16] is outside die area.
[GRT-0036] Pin analog_io[17] is outside die area.
[GRT-0036] Pin analog_io[18] is outside die area.
[GRT-0036] Pin analog_io[19] is outside die area.
[GRT-0036] Pin analog_io[1] is outside die area.
[GRT-0036] Pin analog_io[20] is outside die area.
[GRT-0036] Pin analog_io[21] is outside die area.
[GRT-0036] Pin analog_io[22] is outside die area.
[GRT-0036] Pin analog_io[23] is outside die area.
[GRT-0036] Pin analog_io[24] is outside die area.
[GRT-0036] Pin analog_io[25] is outside die area.
[GRT-0036] Pin analog_io[26] is outside die area.
[GRT-0036] Pin analog_io[27] is outside die area.
[GRT-0036] Pin analog_io[28] is outside die area.
[GRT-0036] Pin analog_io[29] is outside die area.
[GRT-0036] Pin analog_io[2] is outside die area.
[GRT-0036] Pin analog_io[30] is outside die area.
[GRT-0036] Pin analog_io[31] is outside die area.
[GRT-0036] Pin analog_io[32] is outside die area.
[GRT-0036] Pin analog_io[33] is outside die area.
[GRT-0036] Pin analog_io[34] is outside die area.
[GRT-0036] Pin analog_io[35] is outside die area.
[GRT-0036] Pin analog_io[36] is outside die area.
[GRT-0036] Pin analog_io[37] is outside die area.
[GRT-0036] Pin analog_io[38] is outside die area.
[GRT-0036] Pin analog_io[39] is outside die area.
[GRT-0036] Pin analog_io[3] is outside die area.
[GRT-0036] Pin analog_io[40] is outside die area.
[GRT-0036] Pin analog_io[41] is outside die area.
[GRT-0036] Pin analog_io[42] is outside die area.
[GRT-0036] Pin analog_io[43] is outside die area.
[GRT-0036] Pin analog_io[4] is outside die area.
[GRT-0036] Pin analog_io[5] is outside die area.
[GRT-0036] Pin analog_io[6] is outside die area.
[GRT-0036] Pin analog_io[7] is outside die area.
[GRT-0036] Pin analog_io[8] is outside die area.
[GRT-0036] Pin analog_io[9] is outside die area.
[GRT-0036] Pin analog_noesd_io[0] is outside die area.
[GRT-0036] Pin analog_noesd_io[10] is outside die area.
[GRT-0036] Pin analog_noesd_io[11] is outside die area.
[GRT-0036] Pin analog_noesd_io[12] is outside die area.
[GRT-0036] Pin analog_noesd_io[13] is outside die area.
[GRT-0036] Pin analog_noesd_io[14] is outside die area.
[GRT-0036] Pin analog_noesd_io[15] is outside die area.
[GRT-0036] Pin analog_noesd_io[16] is outside die area.
[GRT-0036] Pin analog_noesd_io[17] is outside die area.
[GRT-0036] Pin analog_noesd_io[18] is outside die area.
[GRT-0036] Pin analog_noesd_io[19] is outside die area.
[GRT-0036] Pin analog_noesd_io[1] is outside die area.
[GRT-0036] Pin analog_noesd_io[20] is outside die area.
[GRT-0036] Pin analog_noesd_io[21] is outside die area.
[GRT-0036] Pin analog_noesd_io[22] is outside die area.
[GRT-0036] Pin analog_noesd_io[23] is outside die area.
[GRT-0036] Pin analog_noesd_io[24] is outside die area.
[GRT-0036] Pin analog_noesd_io[25] is outside die area.
[GRT-0036] Pin analog_noesd_io[26] is outside die area.
[GRT-0036] Pin analog_noesd_io[27] is outside die area.
[GRT-0036] Pin analog_noesd_io[28] is outside die area.
[GRT-0036] Pin analog_noesd_io[29] is outside die area.
[GRT-0036] Pin analog_noesd_io[2] is outside die area.
[GRT-0036] Pin analog_noesd_io[30] is outside die area.
[GRT-0036] Pin analog_noesd_io[31] is outside die area.
[GRT-0036] Pin analog_noesd_io[32] is outside die area.
[GRT-0036] Pin analog_noesd_io[33] is outside die area.
[GRT-0036] Pin analog_noesd_io[34] is outside die area.
[GRT-0036] Pin analog_noesd_io[35] is outside die area.
[GRT-0036] Pin analog_noesd_io[36] is outside die area.
[GRT-0036] Pin analog_noesd_io[37] is outside die area.
[GRT-0036] Pin analog_noesd_io[38] is outside die area.
[GRT-0036] Pin analog_noesd_io[39] is outside die area.
[GRT-0036] Pin analog_noesd_io[3] is outside die area.
[GRT-0036] Pin analog_noesd_io[40] is outside die area.
[GRT-0036] Pin analog_noesd_io[41] is outside die area.
[GRT-0036] Pin analog_noesd_io[42] is outside die area.
[GRT-0036] Pin analog_noesd_io[43] is outside die area.
[GRT-0036] Pin analog_noesd_io[4] is outside die area.
[GRT-0036] Pin analog_noesd_io[5] is outside die area.
[GRT-0036] Pin analog_noesd_io[6] is outside die area.
[GRT-0036] Pin analog_noesd_io[7] is outside die area.
[GRT-0036] Pin analog_noesd_io[8] is outside die area.
[GRT-0036] Pin analog_noesd_io[9] is outside die area.
[GRT-0036] Pin gpio_analog_pol[0] is outside die area.
[GRT-0036] Pin gpio_analog_en[10] is outside die area.
[GRT-0036] Pin gpio_analog_en[11] is outside die area.
[GRT-0036] Pin gpio_analog_en[12] is outside die area.
[GRT-0036] Pin gpio_analog_en[13] is outside die area.
[GRT-0036] Pin gpio_analog_en[14] is outside die area.
[GRT-0036] Pin gpio_analog_en[15] is outside die area.
[GRT-0036] Pin gpio_analog_en[16] is outside die area.
[GRT-0036] Pin gpio_analog_en[17] is outside die area.
[GRT-0036] Pin gpio_analog_en[18] is outside die area.
[GRT-0036] Pin gpio_analog_en[19] is outside die area.
[GRT-0036] Pin gpio_analog_en[1] is outside die area.
[GRT-0036] Pin gpio_analog_en[20] is outside die area.
[GRT-0036] Pin gpio_analog_en[21] is outside die area.
[GRT-0036] Pin gpio_analog_en[22] is outside die area.
[GRT-0036] Pin gpio_analog_en[23] is outside die area.
[GRT-0036] Pin gpio_analog_en[24] is outside die area.
[GRT-0036] Pin gpio_analog_en[25] is outside die area.
[GRT-0036] Pin gpio_analog_en[26] is outside die area.
[GRT-0036] Pin gpio_analog_en[27] is outside die area.
[GRT-0036] Pin gpio_analog_en[28] is outside die area.
[GRT-0036] Pin gpio_analog_en[29] is outside die area.
[GRT-0036] Pin gpio_analog_en[2] is outside die area.
[GRT-0036] Pin gpio_analog_en[30] is outside die area.
[GRT-0036] Pin gpio_analog_en[31] is outside die area.
[GRT-0036] Pin gpio_analog_en[32] is outside die area.
[GRT-0036] Pin gpio_analog_en[33] is outside die area.
[GRT-0036] Pin gpio_analog_en[34] is outside die area.
[GRT-0036] Pin gpio_analog_en[35] is outside die area.
[GRT-0036] Pin gpio_analog_en[36] is outside die area.
[GRT-0036] Pin gpio_analog_en[37] is outside die area.
[GRT-0036] Pin gpio_analog_en[38] is outside die area.
[GRT-0036] Pin gpio_analog_en[39] is outside die area.
[GRT-0036] Pin gpio_analog_en[3] is outside die area.
[GRT-0036] Pin gpio_analog_en[40] is outside die area.
[GRT-0036] Pin gpio_analog_en[41] is outside die area.
[GRT-0036] Pin gpio_analog_en[42] is outside die area.
[GRT-0036] Pin gpio_analog_en[43] is outside die area.
[GRT-0036] Pin gpio_analog_en[4] is outside die area.
[GRT-0036] Pin gpio_analog_en[5] is outside die area.
[GRT-0036] Pin gpio_analog_en[6] is outside die area.
[GRT-0036] Pin gpio_analog_en[7] is outside die area.
[GRT-0036] Pin gpio_analog_en[8] is outside die area.
[GRT-0036] Pin gpio_analog_en[9] is outside die area.
[GRT-0036] Pin gpio_analog_sel[0] is outside die area.
[GRT-0036] Pin gpio_analog_pol[10] is outside die area.
[GRT-0036] Pin gpio_analog_pol[11] is outside die area.
[GRT-0036] Pin gpio_analog_pol[12] is outside die area.
[GRT-0036] Pin gpio_analog_pol[13] is outside die area.
[GRT-0036] Pin gpio_analog_pol[14] is outside die area.
[GRT-0036] Pin gpio_analog_pol[15] is outside die area.
[GRT-0036] Pin gpio_analog_pol[16] is outside die area.
[GRT-0036] Pin gpio_analog_pol[17] is outside die area.
[GRT-0036] Pin gpio_analog_pol[18] is outside die area.
[GRT-0036] Pin gpio_analog_pol[19] is outside die area.
[GRT-0036] Pin gpio_analog_pol[1] is outside die area.
[GRT-0036] Pin gpio_analog_pol[20] is outside die area.
[GRT-0036] Pin gpio_analog_pol[21] is outside die area.
[GRT-0036] Pin gpio_analog_pol[22] is outside die area.
[GRT-0036] Pin gpio_analog_pol[23] is outside die area.
[GRT-0036] Pin gpio_analog_pol[24] is outside die area.
[GRT-0036] Pin gpio_analog_pol[25] is outside die area.
[GRT-0036] Pin gpio_analog_pol[26] is outside die area.
[GRT-0036] Pin gpio_analog_pol[27] is outside die area.
[GRT-0036] Pin gpio_analog_pol[28] is outside die area.
[GRT-0036] Pin gpio_analog_pol[29] is outside die area.
[GRT-0036] Pin gpio_analog_pol[2] is outside die area.
[GRT-0036] Pin gpio_analog_pol[30] is outside die area.
[GRT-0036] Pin gpio_analog_pol[31] is outside die area.
[GRT-0036] Pin gpio_analog_pol[32] is outside die area.
[GRT-0036] Pin gpio_analog_pol[33] is outside die area.
[GRT-0036] Pin gpio_analog_pol[34] is outside die area.
[GRT-0036] Pin gpio_analog_pol[35] is outside die area.
[GRT-0036] Pin gpio_analog_pol[36] is outside die area.
[GRT-0036] Pin gpio_analog_pol[37] is outside die area.
[GRT-0036] Pin gpio_analog_pol[38] is outside die area.
[GRT-0036] Pin gpio_analog_pol[39] is outside die area.
[GRT-0036] Pin gpio_analog_pol[3] is outside die area.
[GRT-0036] Pin gpio_analog_pol[40] is outside die area.
[GRT-0036] Pin gpio_analog_pol[41] is outside die area.
[GRT-0036] Pin gpio_analog_pol[42] is outside die area.
[GRT-0036] Pin gpio_analog_pol[43] is outside die area.
[GRT-0036] Pin gpio_analog_pol[4] is outside die area.
[GRT-0036] Pin gpio_analog_pol[5] is outside die area.
[GRT-0036] Pin gpio_analog_pol[6] is outside die area.
[GRT-0036] Pin gpio_analog_pol[7] is outside die area.
[GRT-0036] Pin gpio_analog_pol[8] is outside die area.
[GRT-0036] Pin gpio_analog_pol[9] is outside die area.
[GRT-0036] Pin gpio_dm0[0] is outside die area.
[GRT-0036] Pin gpio_analog_sel[10] is outside die area.
[GRT-0036] Pin gpio_analog_sel[11] is outside die area.
[GRT-0036] Pin gpio_analog_sel[12] is outside die area.
[GRT-0036] Pin gpio_analog_sel[13] is outside die area.
[GRT-0036] Pin gpio_analog_sel[14] is outside die area.
[GRT-0036] Pin gpio_analog_sel[15] is outside die area.
[GRT-0036] Pin gpio_analog_sel[16] is outside die area.
[GRT-0036] Pin gpio_analog_sel[17] is outside die area.
[GRT-0036] Pin gpio_analog_sel[18] is outside die area.
[GRT-0036] Pin gpio_analog_sel[19] is outside die area.
[GRT-0036] Pin gpio_analog_sel[1] is outside die area.
[GRT-0036] Pin gpio_analog_sel[20] is outside die area.
[GRT-0036] Pin gpio_analog_sel[21] is outside die area.
[GRT-0036] Pin gpio_analog_sel[22] is outside die area.
[GRT-0036] Pin gpio_analog_sel[23] is outside die area.
[GRT-0036] Pin gpio_analog_sel[24] is outside die area.
[GRT-0036] Pin gpio_analog_sel[25] is outside die area.
[GRT-0036] Pin gpio_analog_sel[26] is outside die area.
[GRT-0036] Pin gpio_analog_sel[27] is outside die area.
[GRT-0036] Pin gpio_analog_sel[28] is outside die area.
[GRT-0036] Pin gpio_analog_sel[29] is outside die area.
[GRT-0036] Pin gpio_analog_sel[2] is outside die area.
[GRT-0036] Pin gpio_analog_sel[30] is outside die area.
[GRT-0036] Pin gpio_analog_sel[31] is outside die area.
[GRT-0036] Pin gpio_analog_sel[32] is outside die area.
[GRT-0036] Pin gpio_analog_sel[33] is outside die area.
[GRT-0036] Pin gpio_analog_sel[34] is outside die area.
[GRT-0036] Pin gpio_analog_sel[35] is outside die area.
[GRT-0036] Pin gpio_analog_sel[36] is outside die area.
[GRT-0036] Pin gpio_analog_sel[37] is outside die area.
[GRT-0036] Pin gpio_analog_sel[38] is outside die area.
[GRT-0036] Pin gpio_analog_sel[39] is outside die area.
[GRT-0036] Pin gpio_analog_sel[3] is outside die area.
[GRT-0036] Pin gpio_analog_sel[40] is outside die area.
[GRT-0036] Pin gpio_analog_sel[41] is outside die area.
[GRT-0036] Pin gpio_analog_sel[42] is outside die area.
[GRT-0036] Pin gpio_analog_sel[43] is outside die area.
[GRT-0036] Pin gpio_analog_sel[4] is outside die area.
[GRT-0036] Pin gpio_analog_sel[5] is outside die area.
[GRT-0036] Pin gpio_analog_sel[6] is outside die area.
[GRT-0036] Pin gpio_analog_sel[7] is outside die area.
[GRT-0036] Pin gpio_analog_sel[8] is outside die area.
[GRT-0036] Pin gpio_analog_sel[9] is outside die area.
[GRT-0036] Pin gpio_dm2[0] is outside die area.
[GRT-0036] Pin gpio_dm0[10] is outside die area.
[GRT-0036] Pin gpio_dm0[11] is outside die area.
[GRT-0036] Pin gpio_dm0[12] is outside die area.
[GRT-0036] Pin gpio_dm0[13] is outside die area.
[GRT-0036] Pin gpio_dm0[14] is outside die area.
[GRT-0036] Pin gpio_dm0[15] is outside die area.
[GRT-0036] Pin gpio_dm0[16] is outside die area.
[GRT-0036] Pin gpio_dm0[17] is outside die area.
[GRT-0036] Pin gpio_dm0[18] is outside die area.
[GRT-0036] Pin gpio_dm0[19] is outside die area.
[GRT-0036] Pin gpio_dm0[1] is outside die area.
[GRT-0036] Pin gpio_dm0[20] is outside die area.
[GRT-0036] Pin gpio_dm0[21] is outside die area.
[GRT-0036] Pin gpio_dm0[22] is outside die area.
[GRT-0036] Pin gpio_dm0[23] is outside die area.
[GRT-0036] Pin gpio_dm0[24] is outside die area.
[GRT-0036] Pin gpio_dm0[25] is outside die area.
[GRT-0036] Pin gpio_dm0[26] is outside die area.
[GRT-0036] Pin gpio_dm0[27] is outside die area.
[GRT-0036] Pin gpio_dm0[28] is outside die area.
[GRT-0036] Pin gpio_dm0[29] is outside die area.
[GRT-0036] Pin gpio_dm0[2] is outside die area.
[GRT-0036] Pin gpio_dm0[30] is outside die area.
[GRT-0036] Pin gpio_dm0[31] is outside die area.
[GRT-0036] Pin gpio_dm0[32] is outside die area.
[GRT-0036] Pin gpio_dm0[33] is outside die area.
[GRT-0036] Pin gpio_dm0[34] is outside die area.
[GRT-0036] Pin gpio_dm0[35] is outside die area.
[GRT-0036] Pin gpio_dm0[36] is outside die area.
[GRT-0036] Pin gpio_dm0[37] is outside die area.
[GRT-0036] Pin gpio_dm0[38] is outside die area.
[GRT-0036] Pin gpio_dm0[39] is outside die area.
[GRT-0036] Pin gpio_dm0[3] is outside die area.
[GRT-0036] Pin gpio_dm0[40] is outside die area.
[GRT-0036] Pin gpio_dm0[41] is outside die area.
[GRT-0036] Pin gpio_dm0[42] is outside die area.
[GRT-0036] Pin gpio_dm0[43] is outside die area.
[GRT-0036] Pin gpio_dm0[4] is outside die area.
[GRT-0036] Pin gpio_dm0[5] is outside die area.
[GRT-0036] Pin gpio_dm0[6] is outside die area.
[GRT-0036] Pin gpio_dm0[7] is outside die area.
[GRT-0036] Pin gpio_dm0[8] is outside die area.
[GRT-0036] Pin gpio_dm0[9] is outside die area.
[GRT-0036] Pin gpio_dm1[10] is outside die area.
[GRT-0036] Pin gpio_dm1[11] is outside die area.
[GRT-0036] Pin gpio_dm1[12] is outside die area.
[GRT-0036] Pin gpio_dm1[13] is outside die area.
[GRT-0036] Pin gpio_dm1[14] is outside die area.
[GRT-0036] Pin gpio_dm1[15] is outside die area.
[GRT-0036] Pin gpio_dm1[16] is outside die area.
[GRT-0036] Pin gpio_dm1[17] is outside die area.
[GRT-0036] Pin gpio_dm1[18] is outside die area.
[GRT-0036] Pin gpio_dm1[19] is outside die area.
[GRT-0036] Pin gpio_dm1[1] is outside die area.
[GRT-0036] Pin gpio_dm1[20] is outside die area.
[GRT-0036] Pin gpio_dm1[21] is outside die area.
[GRT-0036] Pin gpio_dm1[22] is outside die area.
[GRT-0036] Pin gpio_dm1[23] is outside die area.
[GRT-0036] Pin gpio_dm1[24] is outside die area.
[GRT-0036] Pin gpio_dm1[25] is outside die area.
[GRT-0036] Pin gpio_dm1[26] is outside die area.
[GRT-0036] Pin gpio_dm1[27] is outside die area.
[GRT-0036] Pin gpio_dm1[28] is outside die area.
[GRT-0036] Pin gpio_dm1[29] is outside die area.
[GRT-0036] Pin gpio_dm1[2] is outside die area.
[GRT-0036] Pin gpio_dm1[30] is outside die area.
[GRT-0036] Pin gpio_dm1[31] is outside die area.
[GRT-0036] Pin gpio_dm1[32] is outside die area.
[GRT-0036] Pin gpio_dm1[33] is outside die area.
[GRT-0036] Pin gpio_dm1[34] is outside die area.
[GRT-0036] Pin gpio_dm1[35] is outside die area.
[GRT-0036] Pin gpio_dm1[36] is outside die area.
[GRT-0036] Pin gpio_dm1[37] is outside die area.
[GRT-0036] Pin gpio_dm1[38] is outside die area.
[GRT-0036] Pin gpio_dm1[39] is outside die area.
[GRT-0036] Pin gpio_dm1[3] is outside die area.
[GRT-0036] Pin gpio_dm1[40] is outside die area.
[GRT-0036] Pin gpio_dm1[41] is outside die area.
[GRT-0036] Pin gpio_dm1[42] is outside die area.
[GRT-0036] Pin gpio_dm1[43] is outside die area.
[GRT-0036] Pin gpio_dm1[4] is outside die area.
[GRT-0036] Pin gpio_dm1[5] is outside die area.
[GRT-0036] Pin gpio_dm1[6] is outside die area.
[GRT-0036] Pin gpio_dm1[7] is outside die area.
[GRT-0036] Pin gpio_dm1[8] is outside die area.
[GRT-0036] Pin gpio_dm1[9] is outside die area.
[GRT-0036] Pin gpio_holdover[0] is outside die area.
[GRT-0036] Pin gpio_dm2[10] is outside die area.
[GRT-0036] Pin gpio_dm2[11] is outside die area.
[GRT-0036] Pin gpio_dm2[12] is outside die area.
[GRT-0036] Pin gpio_dm2[13] is outside die area.
[GRT-0036] Pin gpio_dm2[14] is outside die area.
[GRT-0036] Pin gpio_dm2[15] is outside die area.
[GRT-0036] Pin gpio_dm2[16] is outside die area.
[GRT-0036] Pin gpio_dm2[17] is outside die area.
[GRT-0036] Pin gpio_dm2[18] is outside die area.
[GRT-0036] Pin gpio_dm2[19] is outside die area.
[GRT-0036] Pin gpio_dm2[1] is outside die area.
[GRT-0036] Pin gpio_dm2[20] is outside die area.
[GRT-0036] Pin gpio_dm2[21] is outside die area.
[GRT-0036] Pin gpio_dm2[22] is outside die area.
[GRT-0036] Pin gpio_dm2[23] is outside die area.
[GRT-0036] Pin gpio_dm2[24] is outside die area.
[GRT-0036] Pin gpio_dm2[25] is outside die area.
[GRT-0036] Pin gpio_dm2[26] is outside die area.
[GRT-0036] Pin gpio_dm2[27] is outside die area.
[GRT-0036] Pin gpio_dm2[28] is outside die area.
[GRT-0036] Pin gpio_dm2[29] is outside die area.
[GRT-0036] Pin gpio_dm2[2] is outside die area.
[GRT-0036] Pin gpio_dm2[30] is outside die area.
[GRT-0036] Pin gpio_dm2[31] is outside die area.
[GRT-0036] Pin gpio_dm2[32] is outside die area.
[GRT-0036] Pin gpio_dm2[33] is outside die area.
[GRT-0036] Pin gpio_dm2[34] is outside die area.
[GRT-0036] Pin gpio_dm2[35] is outside die area.
[GRT-0036] Pin gpio_dm2[36] is outside die area.
[GRT-0036] Pin gpio_dm2[37] is outside die area.
[GRT-0036] Pin gpio_dm2[38] is outside die area.
[GRT-0036] Pin gpio_dm2[39] is outside die area.
[GRT-0036] Pin gpio_dm2[3] is outside die area.
[GRT-0036] Pin gpio_dm2[40] is outside die area.
[GRT-0036] Pin gpio_dm2[41] is outside die area.
[GRT-0036] Pin gpio_dm2[42] is outside die area.
[GRT-0036] Pin gpio_dm2[43] is outside die area.
[GRT-0036] Pin gpio_dm2[4] is outside die area.
[GRT-0036] Pin gpio_dm2[5] is outside die area.
[GRT-0036] Pin gpio_dm2[6] is outside die area.
[GRT-0036] Pin gpio_dm2[7] is outside die area.
[GRT-0036] Pin gpio_dm2[8] is outside die area.
[GRT-0036] Pin gpio_dm2[9] is outside die area.
[GRT-0036] Pin gpio_ib_mode_sel[0] is outside die area.
[GRT-0036] Pin gpio_holdover[10] is outside die area.
[GRT-0036] Pin gpio_holdover[11] is outside die area.
[GRT-0036] Pin gpio_holdover[12] is outside die area.
[GRT-0036] Pin gpio_holdover[13] is outside die area.
[GRT-0036] Pin gpio_holdover[14] is outside die area.
[GRT-0036] Pin gpio_holdover[15] is outside die area.
[GRT-0036] Pin gpio_holdover[16] is outside die area.
[GRT-0036] Pin gpio_holdover[17] is outside die area.
[GRT-0036] Pin gpio_holdover[18] is outside die area.
[GRT-0036] Pin gpio_holdover[19] is outside die area.
[GRT-0036] Pin gpio_holdover[1] is outside die area.
[GRT-0036] Pin gpio_holdover[20] is outside die area.
[GRT-0036] Pin gpio_holdover[21] is outside die area.
[GRT-0036] Pin gpio_holdover[22] is outside die area.
[GRT-0036] Pin gpio_holdover[23] is outside die area.
[GRT-0036] Pin gpio_holdover[24] is outside die area.
[GRT-0036] Pin gpio_holdover[25] is outside die area.
[GRT-0036] Pin gpio_holdover[26] is outside die area.
[GRT-0036] Pin gpio_holdover[27] is outside die area.
[GRT-0036] Pin gpio_holdover[28] is outside die area.
[GRT-0036] Pin gpio_holdover[29] is outside die area.
[GRT-0036] Pin gpio_holdover[2] is outside die area.
[GRT-0036] Pin gpio_holdover[30] is outside die area.
[GRT-0036] Pin gpio_holdover[31] is outside die area.
[GRT-0036] Pin gpio_holdover[32] is outside die area.
[GRT-0036] Pin gpio_holdover[33] is outside die area.
[GRT-0036] Pin gpio_holdover[34] is outside die area.
[GRT-0036] Pin gpio_holdover[35] is outside die area.
[GRT-0036] Pin gpio_holdover[36] is outside die area.
[GRT-0036] Pin gpio_holdover[37] is outside die area.
[GRT-0036] Pin gpio_holdover[38] is outside die area.
[GRT-0036] Pin gpio_holdover[39] is outside die area.
[GRT-0036] Pin gpio_holdover[3] is outside die area.
[GRT-0036] Pin gpio_holdover[40] is outside die area.
[GRT-0036] Pin gpio_holdover[41] is outside die area.
[GRT-0036] Pin gpio_holdover[42] is outside die area.
[GRT-0036] Pin gpio_holdover[43] is outside die area.
[GRT-0036] Pin gpio_holdover[4] is outside die area.
[GRT-0036] Pin gpio_holdover[5] is outside die area.
[GRT-0036] Pin gpio_holdover[6] is outside die area.
[GRT-0036] Pin gpio_holdover[7] is outside die area.
[GRT-0036] Pin gpio_holdover[8] is outside die area.
[GRT-0036] Pin gpio_holdover[9] is outside die area.
[GRT-0036] Pin gpio_inp_dis[0] is outside die area.
[GRT-0036] Pin gpio_ib_mode_sel[10] is outside die area.
[GRT-0036] Pin gpio_ib_mode_sel[11] is outside die area.
[GRT-0036] Pin gpio_ib_mode_sel[12] is outside die area.
[GRT-0036] Pin gpio_ib_mode_sel[13] is outside die area.
[GRT-0036] Pin gpio_ib_mode_sel[14] is outside die area.
[GRT-0036] Pin gpio_ib_mode_sel[15] is outside die area.
[GRT-0036] Pin gpio_ib_mode_sel[16] is outside die area.
[GRT-0036] Pin gpio_ib_mode_sel[17] is outside die area.
[GRT-0036] Pin gpio_ib_mode_sel[18] is outside die area.
[GRT-0036] Pin gpio_ib_mode_sel[19] is outside die area.
[GRT-0036] Pin gpio_ib_mode_sel[1] is outside die area.
[GRT-0036] Pin gpio_ib_mode_sel[20] is outside die area.
[GRT-0036] Pin gpio_ib_mode_sel[21] is outside die area.
[GRT-0036] Pin gpio_ib_mode_sel[22] is outside die area.
[GRT-0036] Pin gpio_ib_mode_sel[23] is outside die area.
[GRT-0036] Pin gpio_ib_mode_sel[24] is outside die area.
[GRT-0036] Pin gpio_ib_mode_sel[25] is outside die area.
[GRT-0036] Pin gpio_ib_mode_sel[26] is outside die area.
[GRT-0036] Pin gpio_ib_mode_sel[27] is outside die area.
[GRT-0036] Pin gpio_ib_mode_sel[28] is outside die area.
[GRT-0036] Pin gpio_ib_mode_sel[29] is outside die area.
[GRT-0036] Pin gpio_ib_mode_sel[2] is outside die area.
[GRT-0036] Pin gpio_ib_mode_sel[30] is outside die area.
[GRT-0036] Pin gpio_ib_mode_sel[31] is outside die area.
[GRT-0036] Pin gpio_ib_mode_sel[32] is outside die area.
[GRT-0036] Pin gpio_ib_mode_sel[33] is outside die area.
[GRT-0036] Pin gpio_ib_mode_sel[34] is outside die area.
[GRT-0036] Pin gpio_ib_mode_sel[35] is outside die area.
[GRT-0036] Pin gpio_ib_mode_sel[36] is outside die area.
[GRT-0036] Pin gpio_ib_mode_sel[37] is outside die area.
[GRT-0036] Pin gpio_ib_mode_sel[38] is outside die area.
[GRT-0036] Pin gpio_ib_mode_sel[39] is outside die area.
[GRT-0036] Pin gpio_ib_mode_sel[3] is outside die area.
[GRT-0036] Pin gpio_ib_mode_sel[40] is outside die area.
[GRT-0036] Pin gpio_ib_mode_sel[41] is outside die area.
[GRT-0036] Pin gpio_ib_mode_sel[42] is outside die area.
[GRT-0036] Pin gpio_ib_mode_sel[43] is outside die area.
[GRT-0036] Pin gpio_ib_mode_sel[4] is outside die area.
[GRT-0036] Pin gpio_ib_mode_sel[5] is outside die area.
[GRT-0036] Pin gpio_ib_mode_sel[6] is outside die area.
[GRT-0036] Pin gpio_ib_mode_sel[7] is outside die area.
[GRT-0036] Pin gpio_ib_mode_sel[8] is outside die area.
[GRT-0036] Pin gpio_ib_mode_sel[9] is outside die area.
[GRT-0036] Pin gpio_in[0] is outside die area.
[GRT-0036] Pin gpio_in[10] is outside die area.
[GRT-0036] Pin gpio_in[11] is outside die area.
[GRT-0036] Pin gpio_in[12] is outside die area.
[GRT-0036] Pin gpio_in[13] is outside die area.
[GRT-0036] Pin gpio_in[14] is outside die area.
[GRT-0036] Pin gpio_in[15] is outside die area.
[GRT-0036] Pin gpio_in[16] is outside die area.
[GRT-0036] Pin gpio_in[17] is outside die area.
[GRT-0036] Pin gpio_in[18] is outside die area.
[GRT-0036] Pin gpio_in[19] is outside die area.
[GRT-0036] Pin gpio_in[1] is outside die area.
[GRT-0036] Pin gpio_in[20] is outside die area.
[GRT-0036] Pin gpio_in[21] is outside die area.
[GRT-0036] Pin gpio_in[22] is outside die area.
[GRT-0036] Pin gpio_in[23] is outside die area.
[GRT-0036] Pin gpio_in[24] is outside die area.
[GRT-0036] Pin gpio_in[25] is outside die area.
[GRT-0036] Pin gpio_in[26] is outside die area.
[GRT-0036] Pin gpio_in[27] is outside die area.
[GRT-0036] Pin gpio_in[28] is outside die area.
[GRT-0036] Pin gpio_in[29] is outside die area.
[GRT-0036] Pin gpio_in[2] is outside die area.
[GRT-0036] Pin gpio_in[30] is outside die area.
[GRT-0036] Pin gpio_in[31] is outside die area.
[GRT-0036] Pin gpio_in[32] is outside die area.
[GRT-0036] Pin gpio_in[33] is outside die area.
[GRT-0036] Pin gpio_in[34] is outside die area.
[GRT-0036] Pin gpio_in[35] is outside die area.
[GRT-0036] Pin gpio_in[36] is outside die area.
[GRT-0036] Pin gpio_in[37] is outside die area.
[GRT-0036] Pin gpio_in[38] is outside die area.
[GRT-0036] Pin gpio_in[39] is outside die area.
[GRT-0036] Pin gpio_in[3] is outside die area.
[GRT-0036] Pin gpio_in[40] is outside die area.
[GRT-0036] Pin gpio_in[41] is outside die area.
[GRT-0036] Pin gpio_in[42] is outside die area.
[GRT-0036] Pin gpio_in[43] is outside die area.
[GRT-0036] Pin gpio_in[4] is outside die area.
[GRT-0036] Pin gpio_in[5] is outside die area.
[GRT-0036] Pin gpio_in[6] is outside die area.
[GRT-0036] Pin gpio_in[7] is outside die area.
[GRT-0036] Pin gpio_in[8] is outside die area.
[GRT-0036] Pin gpio_in[9] is outside die area.
[GRT-0036] Pin gpio_in_h[0] is outside die area.
[GRT-0036] Pin gpio_in_h[10] is outside die area.
[GRT-0036] Pin gpio_in_h[11] is outside die area.
[GRT-0036] Pin gpio_in_h[12] is outside die area.
[GRT-0036] Pin gpio_in_h[13] is outside die area.
[GRT-0036] Pin gpio_in_h[14] is outside die area.
[GRT-0036] Pin gpio_in_h[15] is outside die area.
[GRT-0036] Pin gpio_in_h[16] is outside die area.
[GRT-0036] Pin gpio_in_h[17] is outside die area.
[GRT-0036] Pin gpio_in_h[18] is outside die area.
[GRT-0036] Pin gpio_in_h[19] is outside die area.
[GRT-0036] Pin gpio_in_h[1] is outside die area.
[GRT-0036] Pin gpio_in_h[20] is outside die area.
[GRT-0036] Pin gpio_in_h[21] is outside die area.
[GRT-0036] Pin gpio_in_h[22] is outside die area.
[GRT-0036] Pin gpio_in_h[23] is outside die area.
[GRT-0036] Pin gpio_in_h[24] is outside die area.
[GRT-0036] Pin gpio_in_h[25] is outside die area.
[GRT-0036] Pin gpio_in_h[26] is outside die area.
[GRT-0036] Pin gpio_in_h[27] is outside die area.
[GRT-0036] Pin gpio_in_h[28] is outside die area.
[GRT-0036] Pin gpio_in_h[29] is outside die area.
[GRT-0036] Pin gpio_in_h[2] is outside die area.
[GRT-0036] Pin gpio_in_h[30] is outside die area.
[GRT-0036] Pin gpio_in_h[31] is outside die area.
[GRT-0036] Pin gpio_in_h[32] is outside die area.
[GRT-0036] Pin gpio_in_h[33] is outside die area.
[GRT-0036] Pin gpio_in_h[34] is outside die area.
[GRT-0036] Pin gpio_in_h[35] is outside die area.
[GRT-0036] Pin gpio_in_h[36] is outside die area.
[GRT-0036] Pin gpio_in_h[37] is outside die area.
[GRT-0036] Pin gpio_in_h[38] is outside die area.
[GRT-0036] Pin gpio_in_h[39] is outside die area.
[GRT-0036] Pin gpio_in_h[3] is outside die area.
[GRT-0036] Pin gpio_in_h[40] is outside die area.
[GRT-0036] Pin gpio_in_h[41] is outside die area.
[GRT-0036] Pin gpio_in_h[42] is outside die area.
[GRT-0036] Pin gpio_in_h[43] is outside die area.
[GRT-0036] Pin gpio_in_h[4] is outside die area.
[GRT-0036] Pin gpio_in_h[5] is outside die area.
[GRT-0036] Pin gpio_in_h[6] is outside die area.
[GRT-0036] Pin gpio_in_h[7] is outside die area.
[GRT-0036] Pin gpio_in_h[8] is outside die area.
[GRT-0036] Pin gpio_in_h[9] is outside die area.
[GRT-0036] Pin gpio_oeb[0] is outside die area.
[GRT-0036] Pin gpio_inp_dis[10] is outside die area.
[GRT-0036] Pin gpio_inp_dis[11] is outside die area.
[GRT-0036] Pin gpio_inp_dis[12] is outside die area.
[GRT-0036] Pin gpio_inp_dis[13] is outside die area.
[GRT-0036] Pin gpio_inp_dis[14] is outside die area.
[GRT-0036] Pin gpio_inp_dis[15] is outside die area.
[GRT-0036] Pin gpio_inp_dis[16] is outside die area.
[GRT-0036] Pin gpio_inp_dis[17] is outside die area.
[GRT-0036] Pin gpio_inp_dis[18] is outside die area.
[GRT-0036] Pin gpio_inp_dis[19] is outside die area.
[GRT-0036] Pin gpio_inp_dis[1] is outside die area.
[GRT-0036] Pin gpio_inp_dis[20] is outside die area.
[GRT-0036] Pin gpio_inp_dis[21] is outside die area.
[GRT-0036] Pin gpio_inp_dis[22] is outside die area.
[GRT-0036] Pin gpio_inp_dis[23] is outside die area.
[GRT-0036] Pin gpio_inp_dis[24] is outside die area.
[GRT-0036] Pin gpio_inp_dis[25] is outside die area.
[GRT-0036] Pin gpio_inp_dis[26] is outside die area.
[GRT-0036] Pin gpio_inp_dis[27] is outside die area.
[GRT-0036] Pin gpio_inp_dis[28] is outside die area.
[GRT-0036] Pin gpio_inp_dis[29] is outside die area.
[GRT-0036] Pin gpio_inp_dis[2] is outside die area.
[GRT-0036] Pin gpio_inp_dis[30] is outside die area.
[GRT-0036] Pin gpio_inp_dis[31] is outside die area.
[GRT-0036] Pin gpio_inp_dis[32] is outside die area.
[GRT-0036] Pin gpio_inp_dis[33] is outside die area.
[GRT-0036] Pin gpio_inp_dis[34] is outside die area.
[GRT-0036] Pin gpio_inp_dis[35] is outside die area.
[GRT-0036] Pin gpio_inp_dis[36] is outside die area.
[GRT-0036] Pin gpio_inp_dis[37] is outside die area.
[GRT-0036] Pin gpio_inp_dis[38] is outside die area.
[GRT-0036] Pin gpio_inp_dis[39] is outside die area.
[GRT-0036] Pin gpio_inp_dis[3] is outside die area.
[GRT-0036] Pin gpio_inp_dis[40] is outside die area.
[GRT-0036] Pin gpio_inp_dis[41] is outside die area.
[GRT-0036] Pin gpio_inp_dis[42] is outside die area.
[GRT-0036] Pin gpio_inp_dis[43] is outside die area.
[GRT-0036] Pin gpio_inp_dis[4] is outside die area.
[GRT-0036] Pin gpio_inp_dis[5] is outside die area.
[GRT-0036] Pin gpio_inp_dis[6] is outside die area.
[GRT-0036] Pin gpio_inp_dis[7] is outside die area.
[GRT-0036] Pin gpio_inp_dis[8] is outside die area.
[GRT-0036] Pin gpio_inp_dis[9] is outside die area.
[GRT-0036] Pin gpio_loopback_one[0] is outside die area.
[GRT-0036] Pin gpio_loopback_one[10] is outside die area.
[GRT-0036] Pin gpio_loopback_one[11] is outside die area.
[GRT-0036] Pin gpio_loopback_one[12] is outside die area.
[GRT-0036] Pin gpio_loopback_one[13] is outside die area.
[GRT-0036] Pin gpio_loopback_one[14] is outside die area.
[GRT-0036] Pin gpio_loopback_one[15] is outside die area.
[GRT-0036] Pin gpio_loopback_one[16] is outside die area.
[GRT-0036] Pin gpio_loopback_one[17] is outside die area.
[GRT-0036] Pin gpio_loopback_one[18] is outside die area.
[GRT-0036] Pin gpio_loopback_one[19] is outside die area.
[GRT-0036] Pin gpio_loopback_one[1] is outside die area.
[GRT-0036] Pin gpio_loopback_one[20] is outside die area.
[GRT-0036] Pin gpio_loopback_one[21] is outside die area.
[GRT-0036] Pin gpio_loopback_one[22] is outside die area.
[GRT-0036] Pin gpio_loopback_one[23] is outside die area.
[GRT-0036] Pin gpio_loopback_one[24] is outside die area.
[GRT-0036] Pin gpio_loopback_one[25] is outside die area.
[GRT-0036] Pin gpio_loopback_one[26] is outside die area.
[GRT-0036] Pin gpio_loopback_one[27] is outside die area.
[GRT-0036] Pin gpio_loopback_one[28] is outside die area.
[GRT-0036] Pin gpio_loopback_one[29] is outside die area.
[GRT-0036] Pin gpio_loopback_one[2] is outside die area.
[GRT-0036] Pin gpio_loopback_one[30] is outside die area.
[GRT-0036] Pin gpio_loopback_one[31] is outside die area.
[GRT-0036] Pin gpio_loopback_one[32] is outside die area.
[GRT-0036] Pin gpio_loopback_one[33] is outside die area.
[GRT-0036] Pin gpio_loopback_one[34] is outside die area.
[GRT-0036] Pin gpio_loopback_one[35] is outside die area.
[GRT-0036] Pin gpio_loopback_one[36] is outside die area.
[GRT-0036] Pin gpio_loopback_one[37] is outside die area.
[GRT-0036] Pin gpio_loopback_one[38] is outside die area.
[GRT-0036] Pin gpio_loopback_one[39] is outside die area.
[GRT-0036] Pin gpio_loopback_one[3] is outside die area.
[GRT-0036] Pin gpio_loopback_one[40] is outside die area.
[GRT-0036] Pin gpio_loopback_one[41] is outside die area.
[GRT-0036] Pin gpio_loopback_one[42] is outside die area.
[GRT-0036] Pin gpio_loopback_one[43] is outside die area.
[GRT-0036] Pin gpio_loopback_one[4] is outside die area.
[GRT-0036] Pin gpio_loopback_one[5] is outside die area.
[GRT-0036] Pin gpio_loopback_one[6] is outside die area.
[GRT-0036] Pin gpio_loopback_one[7] is outside die area.
[GRT-0036] Pin gpio_loopback_one[8] is outside die area.
[GRT-0036] Pin gpio_loopback_one[9] is outside die area.
[GRT-0036] Pin gpio_loopback_zero[0] is outside die area.
[GRT-0036] Pin gpio_loopback_zero[10] is outside die area.
[GRT-0036] Pin gpio_loopback_zero[11] is outside die area.
[GRT-0036] Pin gpio_loopback_zero[12] is outside die area.
[GRT-0036] Pin gpio_loopback_zero[13] is outside die area.
[GRT-0036] Pin gpio_loopback_zero[14] is outside die area.
[GRT-0036] Pin gpio_loopback_zero[15] is outside die area.
[GRT-0036] Pin gpio_loopback_zero[16] is outside die area.
[GRT-0036] Pin gpio_loopback_zero[17] is outside die area.
[GRT-0036] Pin gpio_loopback_zero[18] is outside die area.
[GRT-0036] Pin gpio_loopback_zero[19] is outside die area.
[GRT-0036] Pin gpio_loopback_zero[1] is outside die area.
[GRT-0036] Pin gpio_loopback_zero[20] is outside die area.
[GRT-0036] Pin gpio_loopback_zero[21] is outside die area.
[GRT-0036] Pin gpio_loopback_zero[22] is outside die area.
[GRT-0036] Pin gpio_loopback_zero[23] is outside die area.
[GRT-0036] Pin gpio_loopback_zero[24] is outside die area.
[GRT-0036] Pin gpio_loopback_zero[25] is outside die area.
[GRT-0036] Pin gpio_loopback_zero[26] is outside die area.
[GRT-0036] Pin gpio_loopback_zero[27] is outside die area.
[GRT-0036] Pin gpio_loopback_zero[28] is outside die area.
[GRT-0036] Pin gpio_loopback_zero[29] is outside die area.
[GRT-0036] Pin gpio_loopback_zero[2] is outside die area.
[GRT-0036] Pin gpio_loopback_zero[30] is outside die area.
[GRT-0036] Pin gpio_loopback_zero[31] is outside die area.
[GRT-0036] Pin gpio_loopback_zero[32] is outside die area.
[GRT-0036] Pin gpio_loopback_zero[33] is outside die area.
[GRT-0036] Pin gpio_loopback_zero[34] is outside die area.
[GRT-0036] Pin gpio_loopback_zero[35] is outside die area.
[GRT-0036] Pin gpio_loopback_zero[36] is outside die area.
[GRT-0036] Pin gpio_loopback_zero[37] is outside die area.
[GRT-0036] Pin gpio_loopback_zero[38] is outside die area.
[GRT-0036] Pin gpio_loopback_zero[39] is outside die area.
[GRT-0036] Pin gpio_loopback_zero[3] is outside die area.
[GRT-0036] Pin gpio_loopback_zero[40] is outside die area.
[GRT-0036] Pin gpio_loopback_zero[41] is outside die area.
[GRT-0036] Pin gpio_loopback_zero[42] is outside die area.
[GRT-0036] Pin gpio_loopback_zero[43] is outside die area.
[GRT-0036] Pin gpio_loopback_zero[4] is outside die area.
[GRT-0036] Pin gpio_loopback_zero[5] is outside die area.
[GRT-0036] Pin gpio_loopback_zero[6] is outside die area.
[GRT-0036] Pin gpio_loopback_zero[7] is outside die area.
[GRT-0036] Pin gpio_loopback_zero[8] is outside die area.
[GRT-0036] Pin gpio_loopback_zero[9] is outside die area.
[GRT-0036] Pin gpio_out[29] is outside die area.
[GRT-0036] Pin gpio_oeb[10] is outside die area.
[GRT-0036] Pin gpio_oeb[11] is outside die area.
[GRT-0036] Pin gpio_oeb[12] is outside die area.
[GRT-0036] Pin gpio_oeb[13] is outside die area.
[GRT-0036] Pin gpio_oeb[14] is outside die area.
[GRT-0036] Pin gpio_oeb[15] is outside die area.
[GRT-0036] Pin gpio_oeb[16] is outside die area.
[GRT-0036] Pin gpio_oeb[17] is outside die area.
[GRT-0036] Pin gpio_oeb[18] is outside die area.
[GRT-0036] Pin gpio_oeb[19] is outside die area.
[GRT-0036] Pin gpio_oeb[1] is outside die area.
[GRT-0036] Pin gpio_oeb[20] is outside die area.
[GRT-0036] Pin gpio_oeb[21] is outside die area.
[GRT-0036] Pin gpio_oeb[22] is outside die area.
[GRT-0036] Pin gpio_oeb[23] is outside die area.
[GRT-0036] Pin gpio_oeb[24] is outside die area.
[GRT-0036] Pin gpio_oeb[25] is outside die area.
[GRT-0036] Pin gpio_oeb[26] is outside die area.
[GRT-0036] Pin gpio_oeb[27] is outside die area.
[GRT-0036] Pin gpio_oeb[28] is outside die area.
[GRT-0036] Pin gpio_oeb[29] is outside die area.
[GRT-0036] Pin gpio_oeb[2] is outside die area.
[GRT-0036] Pin gpio_oeb[30] is outside die area.
[GRT-0036] Pin gpio_oeb[31] is outside die area.
[GRT-0036] Pin gpio_oeb[32] is outside die area.
[GRT-0036] Pin gpio_oeb[33] is outside die area.
[GRT-0036] Pin gpio_oeb[34] is outside die area.
[GRT-0036] Pin gpio_oeb[35] is outside die area.
[GRT-0036] Pin gpio_oeb[36] is outside die area.
[GRT-0036] Pin gpio_oeb[37] is outside die area.
[GRT-0036] Pin gpio_oeb[38] is outside die area.
[GRT-0036] Pin gpio_oeb[39] is outside die area.
[GRT-0036] Pin gpio_oeb[3] is outside die area.
[GRT-0036] Pin gpio_oeb[40] is outside die area.
[GRT-0036] Pin gpio_oeb[41] is outside die area.
[GRT-0036] Pin gpio_oeb[42] is outside die area.
[GRT-0036] Pin gpio_oeb[43] is outside die area.
[GRT-0036] Pin gpio_oeb[4] is outside die area.
[GRT-0036] Pin gpio_oeb[5] is outside die area.
[GRT-0036] Pin gpio_oeb[6] is outside die area.
[GRT-0036] Pin gpio_oeb[7] is outside die area.
[GRT-0036] Pin gpio_oeb[8] is outside die area.
[GRT-0036] Pin gpio_oeb[9] is outside die area.
[GRT-0036] Pin gpio_out[0] is outside die area.
[GRT-0036] Pin gpio_out[10] is outside die area.
[GRT-0036] Pin gpio_out[11] is outside die area.
[GRT-0036] Pin gpio_out[12] is outside die area.
[GRT-0036] Pin gpio_out[13] is outside die area.
[GRT-0036] Pin gpio_out[14] is outside die area.
[GRT-0036] Pin gpio_out[15] is outside die area.
[GRT-0036] Pin gpio_out[16] is outside die area.
[GRT-0036] Pin gpio_out[17] is outside die area.
[GRT-0036] Pin gpio_out[18] is outside die area.
[GRT-0036] Pin gpio_out[19] is outside die area.
[GRT-0036] Pin gpio_out[1] is outside die area.
[GRT-0036] Pin gpio_out[20] is outside die area.
[GRT-0036] Pin gpio_out[21] is outside die area.
[GRT-0036] Pin gpio_out[22] is outside die area.
[GRT-0036] Pin gpio_out[23] is outside die area.
[GRT-0036] Pin gpio_out[24] is outside die area.
[GRT-0036] Pin gpio_out[25] is outside die area.
[GRT-0036] Pin gpio_out[26] is outside die area.
[GRT-0036] Pin gpio_out[27] is outside die area.
[GRT-0036] Pin gpio_out[28] is outside die area.
[GRT-0036] Pin gpio_slow_sel[0] is outside die area.
[GRT-0036] Pin gpio_out[2] is outside die area.
[GRT-0036] Pin gpio_out[30] is outside die area.
[GRT-0036] Pin gpio_out[31] is outside die area.
[GRT-0036] Pin gpio_out[32] is outside die area.
[GRT-0036] Pin gpio_out[33] is outside die area.
[GRT-0036] Pin gpio_out[34] is outside die area.
[GRT-0036] Pin gpio_out[35] is outside die area.
[GRT-0036] Pin gpio_out[36] is outside die area.
[GRT-0036] Pin gpio_out[37] is outside die area.
[GRT-0036] Pin gpio_out[38] is outside die area.
[GRT-0036] Pin gpio_out[39] is outside die area.
[GRT-0036] Pin gpio_out[3] is outside die area.
[GRT-0036] Pin gpio_out[40] is outside die area.
[GRT-0036] Pin gpio_out[41] is outside die area.
[GRT-0036] Pin gpio_out[42] is outside die area.
[GRT-0036] Pin gpio_out[43] is outside die area.
[GRT-0036] Pin gpio_out[4] is outside die area.
[GRT-0036] Pin gpio_out[5] is outside die area.
[GRT-0036] Pin gpio_out[6] is outside die area.
[GRT-0036] Pin gpio_out[7] is outside die area.
[GRT-0036] Pin gpio_out[8] is outside die area.
[GRT-0036] Pin gpio_out[9] is outside die area.
[GRT-0036] Pin gpio_vtrip_sel[0] is outside die area.
[GRT-0036] Pin gpio_slow_sel[10] is outside die area.
[GRT-0036] Pin gpio_slow_sel[11] is outside die area.
[GRT-0036] Pin gpio_slow_sel[12] is outside die area.
[GRT-0036] Pin gpio_slow_sel[13] is outside die area.
[GRT-0036] Pin gpio_slow_sel[14] is outside die area.
[GRT-0036] Pin gpio_slow_sel[15] is outside die area.
[GRT-0036] Pin gpio_slow_sel[16] is outside die area.
[GRT-0036] Pin gpio_slow_sel[17] is outside die area.
[GRT-0036] Pin gpio_slow_sel[18] is outside die area.
[GRT-0036] Pin gpio_slow_sel[19] is outside die area.
[GRT-0036] Pin gpio_slow_sel[1] is outside die area.
[GRT-0036] Pin gpio_slow_sel[20] is outside die area.
[GRT-0036] Pin gpio_slow_sel[21] is outside die area.
[GRT-0036] Pin gpio_slow_sel[22] is outside die area.
[GRT-0036] Pin gpio_slow_sel[23] is outside die area.
[GRT-0036] Pin gpio_slow_sel[24] is outside die area.
[GRT-0036] Pin gpio_slow_sel[25] is outside die area.
[GRT-0036] Pin gpio_slow_sel[26] is outside die area.
[GRT-0036] Pin gpio_slow_sel[27] is outside die area.
[GRT-0036] Pin gpio_slow_sel[28] is outside die area.
[GRT-0036] Pin gpio_slow_sel[29] is outside die area.
[GRT-0036] Pin gpio_slow_sel[2] is outside die area.
[GRT-0036] Pin gpio_slow_sel[30] is outside die area.
[GRT-0036] Pin gpio_slow_sel[31] is outside die area.
[GRT-0036] Pin gpio_slow_sel[32] is outside die area.
[GRT-0036] Pin gpio_slow_sel[33] is outside die area.
[GRT-0036] Pin gpio_slow_sel[34] is outside die area.
[GRT-0036] Pin gpio_slow_sel[35] is outside die area.
[GRT-0036] Pin gpio_slow_sel[36] is outside die area.
[GRT-0036] Pin gpio_slow_sel[37] is outside die area.
[GRT-0036] Pin gpio_slow_sel[38] is outside die area.
[GRT-0036] Pin gpio_slow_sel[39] is outside die area.
[GRT-0036] Pin gpio_slow_sel[3] is outside die area.
[GRT-0036] Pin gpio_slow_sel[40] is outside die area.
[GRT-0036] Pin gpio_slow_sel[41] is outside die area.
[GRT-0036] Pin gpio_slow_sel[42] is outside die area.
[GRT-0036] Pin gpio_slow_sel[43] is outside die area.
[GRT-0036] Pin gpio_slow_sel[4] is outside die area.
[GRT-0036] Pin gpio_slow_sel[5] is outside die area.
[GRT-0036] Pin gpio_slow_sel[6] is outside die area.
[GRT-0036] Pin gpio_slow_sel[7] is outside die area.
[GRT-0036] Pin gpio_slow_sel[8] is outside die area.
[GRT-0036] Pin gpio_slow_sel[9] is outside die area.
[GRT-0036] Pin gpio_vtrip_sel[10] is outside die area.
[GRT-0036] Pin gpio_vtrip_sel[11] is outside die area.
[GRT-0036] Pin gpio_vtrip_sel[12] is outside die area.
[GRT-0036] Pin gpio_vtrip_sel[13] is outside die area.
[GRT-0036] Pin gpio_vtrip_sel[14] is outside die area.
[GRT-0036] Pin gpio_vtrip_sel[15] is outside die area.
[GRT-0036] Pin gpio_vtrip_sel[16] is outside die area.
[GRT-0036] Pin gpio_vtrip_sel[17] is outside die area.
[GRT-0036] Pin gpio_vtrip_sel[18] is outside die area.
[GRT-0036] Pin gpio_vtrip_sel[19] is outside die area.
[GRT-0036] Pin gpio_vtrip_sel[1] is outside die area.
[GRT-0036] Pin gpio_vtrip_sel[20] is outside die area.
[GRT-0036] Pin gpio_vtrip_sel[21] is outside die area.
[GRT-0036] Pin gpio_vtrip_sel[22] is outside die area.
[GRT-0036] Pin gpio_vtrip_sel[23] is outside die area.
[GRT-0036] Pin gpio_vtrip_sel[24] is outside die area.
[GRT-0036] Pin gpio_vtrip_sel[25] is outside die area.
[GRT-0036] Pin gpio_vtrip_sel[26] is outside die area.
[GRT-0036] Pin gpio_vtrip_sel[27] is outside die area.
[GRT-0036] Pin gpio_vtrip_sel[28] is outside die area.
[GRT-0036] Pin gpio_vtrip_sel[29] is outside die area.
[GRT-0036] Pin gpio_vtrip_sel[2] is outside die area.
[GRT-0036] Pin gpio_vtrip_sel[30] is outside die area.
[GRT-0036] Pin gpio_vtrip_sel[31] is outside die area.
[GRT-0036] Pin gpio_vtrip_sel[32] is outside die area.
[GRT-0036] Pin gpio_vtrip_sel[33] is outside die area.
[GRT-0036] Pin gpio_vtrip_sel[34] is outside die area.
[GRT-0036] Pin gpio_vtrip_sel[35] is outside die area.
[GRT-0036] Pin gpio_vtrip_sel[36] is outside die area.
[GRT-0036] Pin gpio_vtrip_sel[37] is outside die area.
[GRT-0036] Pin gpio_vtrip_sel[38] is outside die area.
[GRT-0036] Pin gpio_vtrip_sel[39] is outside die area.
[GRT-0036] Pin gpio_vtrip_sel[3] is outside die area.
[GRT-0036] Pin gpio_vtrip_sel[40] is outside die area.
[GRT-0036] Pin gpio_vtrip_sel[41] is outside die area.
[GRT-0036] Pin gpio_vtrip_sel[42] is outside die area.
[GRT-0036] Pin gpio_vtrip_sel[43] is outside die area.
[GRT-0036] Pin gpio_vtrip_sel[4] is outside die area.
[GRT-0036] Pin gpio_vtrip_sel[5] is outside die area.
[GRT-0036] Pin gpio_vtrip_sel[6] is outside die area.
[GRT-0036] Pin gpio_vtrip_sel[7] is outside die area.
[GRT-0036] Pin gpio_vtrip_sel[8] is outside die area.
[GRT-0036] Pin gpio_vtrip_sel[9] is outside die area.
[GRT-0036] Pin mask_rev[0] is outside die area.
[GRT-0036] Pin mask_rev[10] is outside die area.
[GRT-0036] Pin mask_rev[11] is outside die area.
[GRT-0036] Pin mask_rev[12] is outside die area.
[GRT-0036] Pin mask_rev[13] is outside die area.
[GRT-0036] Pin mask_rev[14] is outside die area.
[GRT-0036] Pin mask_rev[15] is outside die area.
[GRT-0036] Pin mask_rev[16] is outside die area.
[GRT-0036] Pin mask_rev[17] is outside die area.
[GRT-0036] Pin mask_rev[18] is outside die area.
[GRT-0036] Pin mask_rev[19] is outside die area.
[GRT-0036] Pin mask_rev[1] is outside die area.
[GRT-0036] Pin mask_rev[20] is outside die area.
[GRT-0036] Pin mask_rev[21] is outside die area.
[GRT-0036] Pin mask_rev[22] is outside die area.
[GRT-0036] Pin mask_rev[23] is outside die area.
[GRT-0036] Pin mask_rev[24] is outside die area.
[GRT-0036] Pin mask_rev[25] is outside die area.
[GRT-0036] Pin mask_rev[26] is outside die area.
[GRT-0036] Pin mask_rev[27] is outside die area.
[GRT-0036] Pin mask_rev[28] is outside die area.
[GRT-0036] Pin mask_rev[29] is outside die area.
[GRT-0036] Pin mask_rev[2] is outside die area.
[GRT-0036] Pin mask_rev[30] is outside die area.
[GRT-0036] Pin mask_rev[31] is outside die area.
[GRT-0036] Pin mask_rev[3] is outside die area.
[GRT-0036] Pin mask_rev[4] is outside die area.
[GRT-0036] Pin mask_rev[5] is outside die area.
[GRT-0036] Pin mask_rev[6] is outside die area.
[GRT-0036] Pin mask_rev[7] is outside die area.
[GRT-0036] Pin mask_rev[8] is outside die area.
[GRT-0036] Pin mask_rev[9] is outside die area.
[GRT-0036] Pin por_l is outside die area.
[GRT-0036] Pin porb_h is outside die area.
[GRT-0036] Pin porb_l is outside die area.
[GRT-0036] Pin resetb_h is outside die area.
[GRT-0036] Pin resetb_l is outside die area.
[GRT-0036] Pin gpio_analog_en[0] is outside die area.
[GRT-0115] Global routing finished with overflow.
[GRT-0036] Pin gpio_dm1[0] is outside die area.
[GRT-0036] Pin analog_io[0] is outside die area.
[GRT-0036] Pin analog_io[10] is outside die area.
[GRT-0036] Pin analog_io[11] is outside die area.
[GRT-0036] Pin analog_io[12] is outside die area.
[GRT-0036] Pin analog_io[13] is outside die area.
[GRT-0036] Pin analog_io[14] is outside die area.
[GRT-0036] Pin analog_io[15] is outside die area.
[GRT-0036] Pin analog_io[16] is outside die area.
[GRT-0036] Pin analog_io[17] is outside die area.
[GRT-0036] Pin analog_io[18] is outside die area.
[GRT-0036] Pin analog_io[19] is outside die area.
[GRT-0036] Pin analog_io[1] is outside die area.
[GRT-0036] Pin analog_io[20] is outside die area.
[GRT-0036] Pin analog_io[21] is outside die area.
[GRT-0036] Pin analog_io[22] is outside die area.
[GRT-0036] Pin analog_io[23] is outside die area.
[GRT-0036] Pin analog_io[24] is outside die area.
[GRT-0036] Pin analog_io[25] is outside die area.
[GRT-0036] Pin analog_io[26] is outside die area.
[GRT-0036] Pin analog_io[27] is outside die area.
[GRT-0036] Pin analog_io[28] is outside die area.
[GRT-0036] Pin analog_io[29] is outside die area.
[GRT-0036] Pin analog_io[2] is outside die area.
[GRT-0036] Pin analog_io[30] is outside die area.
[GRT-0036] Pin analog_io[31] is outside die area.
[GRT-0036] Pin analog_io[32] is outside die area.
[GRT-0036] Pin analog_io[33] is outside die area.
[GRT-0036] Pin analog_io[34] is outside die area.
[GRT-0036] Pin analog_io[35] is outside die area.
[GRT-0036] Pin analog_io[36] is outside die area.
[GRT-0036] Pin analog_io[37] is outside die area.
[GRT-0036] Pin analog_io[38] is outside die area.
[GRT-0036] Pin analog_io[39] is outside die area.
[GRT-0036] Pin analog_io[3] is outside die area.
[GRT-0036] Pin analog_io[40] is outside die area.
[GRT-0036] Pin analog_io[41] is outside die area.
[GRT-0036] Pin analog_io[42] is outside die area.
[GRT-0036] Pin analog_io[43] is outside die area.
[GRT-0036] Pin analog_io[4] is outside die area.
[GRT-0036] Pin analog_io[5] is outside die area.
[GRT-0036] Pin analog_io[6] is outside die area.
[GRT-0036] Pin analog_io[7] is outside die area.
[GRT-0036] Pin analog_io[8] is outside die area.
[GRT-0036] Pin analog_io[9] is outside die area.
[GRT-0036] Pin analog_noesd_io[0] is outside die area.
[GRT-0036] Pin analog_noesd_io[10] is outside die area.
[GRT-0036] Pin analog_noesd_io[11] is outside die area.
[GRT-0036] Pin analog_noesd_io[12] is outside die area.
[GRT-0036] Pin analog_noesd_io[13] is outside die area.
[GRT-0036] Pin analog_noesd_io[14] is outside die area.
[GRT-0036] Pin analog_noesd_io[15] is outside die area.
[GRT-0036] Pin analog_noesd_io[16] is outside die area.
[GRT-0036] Pin analog_noesd_io[17] is outside die area.
[GRT-0036] Pin analog_noesd_io[18] is outside die area.
[GRT-0036] Pin analog_noesd_io[19] is outside die area.
[GRT-0036] Pin analog_noesd_io[1] is outside die area.
[GRT-0036] Pin analog_noesd_io[20] is outside die area.
[GRT-0036] Pin analog_noesd_io[21] is outside die area.
[GRT-0036] Pin analog_noesd_io[22] is outside die area.
[GRT-0036] Pin analog_noesd_io[23] is outside die area.
[GRT-0036] Pin analog_noesd_io[24] is outside die area.
[GRT-0036] Pin analog_noesd_io[25] is outside die area.
[GRT-0036] Pin analog_noesd_io[26] is outside die area.
[GRT-0036] Pin analog_noesd_io[27] is outside die area.
[GRT-0036] Pin analog_noesd_io[28] is outside die area.
[GRT-0036] Pin analog_noesd_io[29] is outside die area.
[GRT-0036] Pin analog_noesd_io[2] is outside die area.
[GRT-0036] Pin analog_noesd_io[30] is outside die area.
[GRT-0036] Pin analog_noesd_io[31] is outside die area.
[GRT-0036] Pin analog_noesd_io[32] is outside die area.
[GRT-0036] Pin analog_noesd_io[33] is outside die area.
[GRT-0036] Pin analog_noesd_io[34] is outside die area.
[GRT-0036] Pin analog_noesd_io[35] is outside die area.
[GRT-0036] Pin analog_noesd_io[36] is outside die area.
[GRT-0036] Pin analog_noesd_io[37] is outside die area.
[GRT-0036] Pin analog_noesd_io[38] is outside die area.
[GRT-0036] Pin analog_noesd_io[39] is outside die area.
[GRT-0036] Pin analog_noesd_io[3] is outside die area.
[GRT-0036] Pin analog_noesd_io[40] is outside die area.
[GRT-0036] Pin analog_noesd_io[41] is outside die area.
[GRT-0036] Pin analog_noesd_io[42] is outside die area.
[GRT-0036] Pin analog_noesd_io[43] is outside die area.
[GRT-0036] Pin analog_noesd_io[4] is outside die area.
[GRT-0036] Pin analog_noesd_io[5] is outside die area.
[GRT-0036] Pin analog_noesd_io[6] is outside die area.
[GRT-0036] Pin analog_noesd_io[7] is outside die area.
[GRT-0036] Pin analog_noesd_io[8] is outside die area.
[GRT-0036] Pin analog_noesd_io[9] is outside die area.
[GRT-0036] Pin gpio_analog_pol[0] is outside die area.
[GRT-0036] Pin gpio_analog_en[10] is outside die area.
[GRT-0036] Pin gpio_analog_en[11] is outside die area.
[GRT-0036] Pin gpio_analog_en[12] is outside die area.
[GRT-0036] Pin gpio_analog_en[13] is outside die area.
[GRT-0036] Pin gpio_analog_en[14] is outside die area.
[GRT-0036] Pin gpio_analog_en[15] is outside die area.
[GRT-0036] Pin gpio_analog_en[16] is outside die area.
[GRT-0036] Pin gpio_analog_en[17] is outside die area.
[GRT-0036] Pin gpio_analog_en[18] is outside die area.
[GRT-0036] Pin gpio_analog_en[19] is outside die area.
[GRT-0036] Pin gpio_analog_en[1] is outside die area.
[GRT-0036] Pin gpio_analog_en[20] is outside die area.
[GRT-0036] Pin gpio_analog_en[21] is outside die area.
[GRT-0036] Pin gpio_analog_en[22] is outside die area.
[GRT-0036] Pin gpio_analog_en[23] is outside die area.
[GRT-0036] Pin gpio_analog_en[24] is outside die area.
[GRT-0036] Pin gpio_analog_en[25] is outside die area.
[GRT-0036] Pin gpio_analog_en[26] is outside die area.
[GRT-0036] Pin gpio_analog_en[27] is outside die area.
[GRT-0036] Pin gpio_analog_en[28] is outside die area.
[GRT-0036] Pin gpio_analog_en[29] is outside die area.
[GRT-0036] Pin gpio_analog_en[2] is outside die area.
[GRT-0036] Pin gpio_analog_en[30] is outside die area.
[GRT-0036] Pin gpio_analog_en[31] is outside die area.
[GRT-0036] Pin gpio_analog_en[32] is outside die area.
[GRT-0036] Pin gpio_analog_en[33] is outside die area.
[GRT-0036] Pin gpio_analog_en[34] is outside die area.
[GRT-0036] Pin gpio_analog_en[35] is outside die area.
[GRT-0036] Pin gpio_analog_en[36] is outside die area.
[GRT-0036] Pin gpio_analog_en[37] is outside die area.
[GRT-0036] Pin gpio_analog_en[38] is outside die area.
[GRT-0036] Pin gpio_analog_en[39] is outside die area.
[GRT-0036] Pin gpio_analog_en[3] is outside die area.
[GRT-0036] Pin gpio_analog_en[40] is outside die area.
[GRT-0036] Pin gpio_analog_en[41] is outside die area.
[GRT-0036] Pin gpio_analog_en[42] is outside die area.
[GRT-0036] Pin gpio_analog_en[43] is outside die area.
[GRT-0036] message limit reached, this message will no longer print
[GRT-0115] Global routing finished with overflow.
Running 'OpenROAD.STAMidPNR-3' at 'openframe_project_wrapper/runs/26_06_14_15_00/44-openroad-stamidpnr-3'…
Logging subprocess to [repr.filename]'openframe_project_wrapper/runs/26_06_14_15_00/44-openroad-stamidpnr-3/openroad-stamidpnr-3.log'[/repr.filename]…
[GRT-0026] Missing route to pin gpio_dm1[0].
[GRT-0026] Missing route to pin gpio_analog_pol[0].
[GRT-0026] Missing route to pin gpio_analog_en[10].
[GRT-0026] Missing route to pin gpio_analog_en[11].
[GRT-0026] Missing route to pin gpio_analog_en[12].
[GRT-0026] Missing route to pin gpio_analog_en[13].
[GRT-0026] Missing route to pin gpio_analog_en[14].
[GRT-0026] Missing route to pin gpio_analog_en[1].
[GRT-0026] Missing route to pin gpio_analog_en[2].
[GRT-0026] Missing route to pin gpio_analog_en[3].
[GRT-0026] Missing route to pin gpio_analog_en[4].
[GRT-0026] Missing route to pin gpio_analog_en[5].
[GRT-0026] Missing route to pin gpio_analog_en[6].
[GRT-0026] Missing route to pin gpio_analog_en[7].
[GRT-0026] Missing route to pin gpio_analog_en[8].
[GRT-0026] Missing route to pin gpio_analog_en[9].
[GRT-0026] Missing route to pin gpio_analog_sel[0].
[GRT-0026] Missing route to pin gpio_analog_pol[10].
[GRT-0026] Missing route to pin gpio_analog_pol[11].
[GRT-0026] Missing route to pin gpio_analog_pol[12].
[GRT-0026] Missing route to pin gpio_analog_pol[13].
[GRT-0026] Missing route to pin gpio_analog_pol[14].
[GRT-0026] Missing route to pin gpio_analog_pol[1].
[GRT-0026] Missing route to pin gpio_analog_pol[2].
[GRT-0026] Missing route to pin gpio_analog_pol[3].
[GRT-0026] Missing route to pin gpio_analog_pol[4].
[GRT-0026] Missing route to pin gpio_analog_pol[5].
[GRT-0026] Missing route to pin gpio_analog_pol[6].
[GRT-0026] Missing route to pin gpio_analog_pol[7].
[GRT-0026] Missing route to pin gpio_analog_pol[8].
[GRT-0026] Missing route to pin gpio_analog_pol[9].
[GRT-0026] Missing route to pin gpio_dm0[0].
[GRT-0026] Missing route to pin gpio_analog_sel[10].
[GRT-0026] Missing route to pin gpio_analog_sel[11].
[GRT-0026] Missing route to pin gpio_analog_sel[12].
[GRT-0026] Missing route to pin gpio_analog_sel[13].
[GRT-0026] Missing route to pin gpio_analog_sel[14].
[GRT-0026] Missing route to pin gpio_analog_sel[1].
[GRT-0026] Missing route to pin gpio_analog_sel[2].
[GRT-0026] Missing route to pin gpio_analog_sel[3].
[GRT-0026] Missing route to pin gpio_analog_sel[4].
[GRT-0026] Missing route to pin gpio_analog_sel[5].
[GRT-0026] Missing route to pin gpio_analog_sel[6].
[GRT-0026] Missing route to pin gpio_analog_sel[7].
[GRT-0026] Missing route to pin gpio_analog_sel[8].
[GRT-0026] Missing route to pin gpio_analog_sel[9].
[GRT-0026] Missing route to pin gpio_dm2[0].
[GRT-0026] Missing route to pin gpio_dm0[10].
[GRT-0026] Missing route to pin gpio_dm0[11].
[GRT-0026] Missing route to pin gpio_dm0[12].
[GRT-0026] Missing route to pin gpio_dm0[13].
[GRT-0026] Missing route to pin gpio_dm0[14].
[GRT-0026] Missing route to pin gpio_dm0[1].
[GRT-0026] Missing route to pin gpio_dm0[3].
[GRT-0026] Missing route to pin gpio_dm0[4].
[GRT-0026] Missing route to pin gpio_dm0[5].
[GRT-0026] Missing route to pin gpio_dm0[6].
[GRT-0026] Missing route to pin gpio_dm0[7].
[GRT-0026] Missing route to pin gpio_dm0[8].
[GRT-0026] Missing route to pin gpio_dm0[9].
[GRT-0026] Missing route to pin gpio_dm1[10].
[GRT-0026] Missing route to pin gpio_dm1[11].
[GRT-0026] Missing route to pin gpio_dm1[12].
[GRT-0026] Missing route to pin gpio_dm1[13].
[GRT-0026] Missing route to pin gpio_dm1[14].
[GRT-0026] Missing route to pin gpio_dm1[1].
[GRT-0026] Missing route to pin gpio_dm1[2].
[GRT-0026] Missing route to pin gpio_dm1[3].
[GRT-0026] Missing route to pin gpio_dm1[4].
[GRT-0026] Missing route to pin gpio_dm1[5].
[GRT-0026] Missing route to pin gpio_dm1[6].
[GRT-0026] Missing route to pin gpio_dm1[7].
[GRT-0026] Missing route to pin gpio_dm1[8].
[GRT-0026] Missing route to pin gpio_dm1[9].
[GRT-0026] Missing route to pin gpio_holdover[0].
[GRT-0026] Missing route to pin gpio_dm2[10].
[GRT-0026] Missing route to pin gpio_dm2[11].
[GRT-0026] Missing route to pin gpio_dm2[12].
[GRT-0026] Missing route to pin gpio_dm2[13].
[GRT-0026] Missing route to pin gpio_dm2[14].
[GRT-0026] Missing route to pin gpio_dm2[1].
[GRT-0026] Missing route to pin gpio_dm2[2].
[GRT-0026] Missing route to pin gpio_dm2[3].
[GRT-0026] Missing route to pin gpio_dm2[4].
[GRT-0026] Missing route to pin gpio_dm2[5].
[GRT-0026] Missing route to pin gpio_dm2[6].
[GRT-0026] Missing route to pin gpio_dm2[7].
[GRT-0026] Missing route to pin gpio_dm2[8].
[GRT-0026] Missing route to pin gpio_dm2[9].
[GRT-0026] Missing route to pin gpio_ib_mode_sel[0].
[GRT-0026] Missing route to pin gpio_holdover[10].
[GRT-0026] Missing route to pin gpio_holdover[11].
[GRT-0026] Missing route to pin gpio_holdover[12].
[GRT-0026] Missing route to pin gpio_holdover[13].
[GRT-0026] Missing route to pin gpio_holdover[14].
[GRT-0026] Missing route to pin gpio_holdover[1].
[GRT-0026] Missing route to pin gpio_holdover[2].
[GRT-0026] Missing route to pin gpio_holdover[3].
[GRT-0026] Missing route to pin gpio_holdover[4].
[GRT-0026] Missing route to pin gpio_holdover[5].
[GRT-0026] Missing route to pin gpio_holdover[6].
[GRT-0026] Missing route to pin gpio_holdover[7].
[GRT-0026] Missing route to pin gpio_holdover[8].
[GRT-0026] Missing route to pin gpio_holdover[9].
[GRT-0026] Missing route to pin gpio_inp_dis[0].
[GRT-0026] Missing route to pin gpio_ib_mode_sel[10].
[GRT-0026] Missing route to pin gpio_ib_mode_sel[11].
[GRT-0026] Missing route to pin gpio_ib_mode_sel[12].
[GRT-0026] Missing route to pin gpio_ib_mode_sel[13].
[GRT-0026] Missing route to pin gpio_ib_mode_sel[14].
[GRT-0026] Missing route to pin gpio_ib_mode_sel[1].
[GRT-0026] Missing route to pin gpio_ib_mode_sel[2].
[GRT-0026] Missing route to pin gpio_ib_mode_sel[3].
[GRT-0026] Missing route to pin gpio_ib_mode_sel[4].
[GRT-0026] Missing route to pin gpio_ib_mode_sel[5].
[GRT-0026] Missing route to pin gpio_ib_mode_sel[6].
[GRT-0026] Missing route to pin gpio_ib_mode_sel[7].
[GRT-0026] Missing route to pin gpio_ib_mode_sel[8].
[GRT-0026] Missing route to pin gpio_ib_mode_sel[9].
[GRT-0026] Missing route to pin gpio_in[0].
[GRT-0026] Missing route to pin gpio_in[10].
[GRT-0026] Missing route to pin gpio_in[11].
[GRT-0026] Missing route to pin gpio_in[12].
[GRT-0026] Missing route to pin gpio_in[13].
[GRT-0026] Missing route to pin gpio_in[1].
[GRT-0026] Missing route to pin gpio_in[2].
[GRT-0026] Missing route to pin gpio_in[3].
[GRT-0026] Missing route to pin gpio_in[4].
[GRT-0026] Missing route to pin gpio_in[5].
[GRT-0026] Missing route to pin gpio_in[6].
[GRT-0026] Missing route to pin gpio_in[7].
[GRT-0026] Missing route to pin gpio_in[8].
[GRT-0026] Missing route to pin gpio_in[9].
[GRT-0026] Missing route to pin gpio_oeb[0].
[GRT-0026] Missing route to pin gpio_inp_dis[10].
[GRT-0026] Missing route to pin gpio_inp_dis[11].
[GRT-0026] Missing route to pin gpio_inp_dis[12].
[GRT-0026] Missing route to pin gpio_inp_dis[13].
[GRT-0026] Missing route to pin gpio_inp_dis[14].
[GRT-0026] Missing route to pin gpio_inp_dis[1].
[GRT-0026] Missing route to pin gpio_inp_dis[2].
[GRT-0026] Missing route to pin gpio_inp_dis[3].
[GRT-0026] Missing route to pin gpio_inp_dis[4].
[GRT-0026] Missing route to pin gpio_inp_dis[5].
[GRT-0026] Missing route to pin gpio_inp_dis[6].
[GRT-0026] Missing route to pin gpio_inp_dis[7].
[GRT-0026] Missing route to pin gpio_inp_dis[8].
[GRT-0026] Missing route to pin gpio_inp_dis[9].
[GRT-0026] Missing route to pin gpio_loopback_one[10].
[GRT-0026] Missing route to pin gpio_loopback_one[11].
[GRT-0026] Missing route to pin gpio_loopback_one[12].
[GRT-0026] Missing route to pin gpio_loopback_one[13].
[GRT-0026] Missing route to pin gpio_loopback_one[14].
[GRT-0026] Missing route to pin gpio_loopback_one[1].
[GRT-0026] Missing route to pin gpio_loopback_one[2].
[GRT-0026] Missing route to pin gpio_loopback_one[3].
[GRT-0026] Missing route to pin gpio_loopback_one[4].
[GRT-0026] Missing route to pin gpio_loopback_one[5].
[GRT-0026] Missing route to pin gpio_loopback_one[6].
[GRT-0026] Missing route to pin gpio_loopback_one[7].
[GRT-0026] Missing route to pin gpio_loopback_one[8].
[GRT-0026] Missing route to pin gpio_loopback_one[9].
[GRT-0026] Missing route to pin gpio_loopback_zero[10].
[GRT-0026] Missing route to pin gpio_loopback_zero[11].
[GRT-0026] Missing route to pin gpio_loopback_zero[12].
[GRT-0026] Missing route to pin gpio_loopback_zero[14].
[GRT-0026] Missing route to pin gpio_loopback_zero[1].
[GRT-0026] Missing route to pin gpio_loopback_zero[2].
[GRT-0026] Missing route to pin gpio_loopback_zero[3].
[GRT-0026] Missing route to pin gpio_loopback_zero[5].
[GRT-0026] Missing route to pin gpio_loopback_zero[6].
[GRT-0026] Missing route to pin gpio_loopback_zero[7].
[GRT-0026] Missing route to pin gpio_loopback_zero[8].
[GRT-0026] Missing route to pin gpio_loopback_zero[9].
[GRT-0026] Missing route to pin gpio_oeb[10].
[GRT-0026] Missing route to pin gpio_oeb[11].
[GRT-0026] Missing route to pin gpio_oeb[12].
[GRT-0026] Missing route to pin gpio_oeb[13].
[GRT-0026] Missing route to pin gpio_oeb[14].
[GRT-0026] Missing route to pin gpio_oeb[1].
[GRT-0026] Missing route to pin gpio_oeb[2].
[GRT-0026] Missing route to pin gpio_oeb[3].
[GRT-0026] Missing route to pin gpio_oeb[4].
[GRT-0026] Missing route to pin gpio_oeb[5].
[GRT-0026] Missing route to pin gpio_oeb[6].
[GRT-0026] Missing route to pin gpio_oeb[7].
[GRT-0026] Missing route to pin gpio_oeb[8].
[GRT-0026] Missing route to pin gpio_oeb[9].
[GRT-0026] Missing route to pin gpio_out[0].
[GRT-0026] Missing route to pin gpio_out[10].
[GRT-0026] Missing route to pin gpio_out[11].
[GRT-0026] Missing route to pin gpio_out[12].
[GRT-0026] Missing route to pin gpio_out[13].
[GRT-0026] Missing route to pin gpio_out[14].
[GRT-0026] Missing route to pin gpio_out[1].
[GRT-0026] Missing route to pin gpio_slow_sel[0].
[GRT-0026] Missing route to pin gpio_out[2].
[GRT-0026] Missing route to pin gpio_out[3].
[GRT-0026] Missing route to pin gpio_out[4].
[GRT-0026] Missing route to pin gpio_out[5].
[GRT-0026] Missing route to pin gpio_out[6].
[GRT-0026] Missing route to pin gpio_out[7].
[GRT-0026] Missing route to pin gpio_out[8].
[GRT-0026] Missing route to pin gpio_out[9].
[GRT-0026] Missing route to pin gpio_vtrip_sel[0].
[GRT-0026] Missing route to pin gpio_slow_sel[10].
[GRT-0026] Missing route to pin gpio_slow_sel[11].
[GRT-0026] Missing route to pin gpio_slow_sel[12].
[GRT-0026] Missing route to pin gpio_slow_sel[13].
[GRT-0026] Missing route to pin gpio_slow_sel[14].
[GRT-0026] Missing route to pin gpio_slow_sel[1].
[GRT-0026] Missing route to pin gpio_slow_sel[2].
[GRT-0026] Missing route to pin gpio_slow_sel[3].
[GRT-0026] Missing route to pin gpio_slow_sel[4].
[GRT-0026] Missing route to pin gpio_slow_sel[5].
[GRT-0026] Missing route to pin gpio_slow_sel[6].
[GRT-0026] Missing route to pin gpio_slow_sel[7].
[GRT-0026] Missing route to pin gpio_slow_sel[8].
[GRT-0026] Missing route to pin gpio_slow_sel[9].
[GRT-0026] Missing route to pin gpio_vtrip_sel[10].
[GRT-0026] Missing route to pin gpio_vtrip_sel[11].
[GRT-0026] Missing route to pin gpio_vtrip_sel[12].
[GRT-0026] Missing route to pin gpio_vtrip_sel[13].
[GRT-0026] Missing route to pin gpio_vtrip_sel[14].
[GRT-0026] Missing route to pin gpio_vtrip_sel[1].
[GRT-0026] Missing route to pin gpio_vtrip_sel[2].
[GRT-0026] Missing route to pin gpio_vtrip_sel[3].
[GRT-0026] Missing route to pin gpio_vtrip_sel[4].
[GRT-0026] Missing route to pin gpio_vtrip_sel[5].
[GRT-0026] Missing route to pin gpio_vtrip_sel[6].
[GRT-0026] Missing route to pin gpio_vtrip_sel[7].
[GRT-0026] Missing route to pin gpio_vtrip_sel[8].
[GRT-0026] Missing route to pin gpio_vtrip_sel[9].
[GRT-0026] Missing route to pin gpio_analog_en[0].
Running 'OpenROAD.DetailedRouting' at 'openframe_project_wrapper/runs/26_06_14_15_00/45-openroad-detailedrouting'…
Running TritonRoute with 16 threads…
Logging subprocess to [repr.filename]'openframe_project_wrapper/runs/26_06_14_15_00/45-openroad-detailedrouting/openroad-detailedrouting.log'[/repr.filename]…
[DRT-0349] LEF58_ENCLOSURE with no CUTCLASS is not supported. Skipping for layer mcon
[DRT-0349] LEF58_ENCLOSURE with no CUTCLASS is not supported. Skipping for layer mcon
[DRT-0349] LEF58_ENCLOSURE with no CUTCLASS is not supported. Skipping for layer via
[DRT-0349] LEF58_ENCLOSURE with no CUTCLASS is not supported. Skipping for layer via
[DRT-0349] LEF58_ENCLOSURE with no CUTCLASS is not supported. Skipping for layer via2
[DRT-0349] LEF58_ENCLOSURE with no CUTCLASS is not supported. Skipping for layer via2
[DRT-0349] LEF58_ENCLOSURE with no CUTCLASS is not supported. Skipping for layer via3
[DRT-0349] LEF58_ENCLOSURE with no CUTCLASS is not supported. Skipping for layer via3
[DRT-0349] LEF58_ENCLOSURE with no CUTCLASS is not supported. Skipping for layer via4
[DRT-0349] LEF58_ENCLOSURE with no CUTCLASS is not supported. Skipping for layer via4
[DRT-0421] Term gpio_analog_en[15] has no pins on routing grid
[DRT-0421] Term gpio_analog_en[20] has no pins on routing grid
[DRT-0421] Term gpio_analog_en[21] has no pins on routing grid
[DRT-0421] Term gpio_analog_en[24] has no pins on routing grid
[DRT-0421] Term gpio_analog_en[26] has no pins on routing grid
[DRT-0421] Term gpio_analog_en[29] has no pins on routing grid
[DRT-0421] Term gpio_analog_en[33] has no pins on routing grid
[DRT-0421] Term gpio_analog_en[34] has no pins on routing grid
[DRT-0421] Term gpio_analog_en[36] has no pins on routing grid
[DRT-0421] Term gpio_analog_en[37] has no pins on routing grid
[DRT-0421] Term gpio_analog_pol[15] has no pins on routing grid
[DRT-0421] Term gpio_analog_pol[20] has no pins on routing grid
[DRT-0421] Term gpio_analog_pol[21] has no pins on routing grid
[DRT-0421] Term gpio_analog_pol[25] has no pins on routing grid
[DRT-0421] Term gpio_analog_pol[27] has no pins on routing grid
[DRT-0421] Term gpio_analog_pol[28] has no pins on routing grid
[DRT-0421] Term gpio_analog_pol[30] has no pins on routing grid
[DRT-0421] Term gpio_analog_pol[31] has no pins on routing grid
[DRT-0421] Term gpio_analog_pol[32] has no pins on routing grid
[DRT-0421] Term gpio_analog_pol[35] has no pins on routing grid
[DRT-0421] Term gpio_analog_sel[15] has no pins on routing grid
[DRT-0421] Term gpio_analog_sel[20] has no pins on routing grid
[DRT-0421] Term gpio_analog_sel[21] has no pins on routing grid
[DRT-0421] Term gpio_analog_sel[25] has no pins on routing grid
[DRT-0421] Term gpio_analog_sel[26] has no pins on routing grid
[DRT-0421] Term gpio_analog_sel[28] has no pins on routing grid
[DRT-0421] Term gpio_analog_sel[29] has no pins on routing grid
[DRT-0421] Term gpio_analog_sel[31] has no pins on routing grid
[DRT-0421] Term gpio_analog_sel[33] has no pins on routing grid
[DRT-0421] Term gpio_analog_sel[36] has no pins on routing grid
[DRT-0421] Term gpio_dm0[15] has no pins on routing grid
[DRT-0421] Term gpio_dm0[20] has no pins on routing grid
[DRT-0421] Term gpio_dm0[21] has no pins on routing grid
[DRT-0421] Term gpio_dm0[25] has no pins on routing grid
[DRT-0421] Term gpio_dm0[26] has no pins on routing grid
[DRT-0421] Term gpio_dm0[28] has no pins on routing grid
[DRT-0421] Term gpio_dm0[31] has no pins on routing grid
[DRT-0421] Term gpio_dm0[33] has no pins on routing grid
[DRT-0421] Term gpio_dm0[35] has no pins on routing grid
[DRT-0421] Term gpio_dm0[36] has no pins on routing grid
[DRT-0421] Term gpio_dm1[15] has no pins on routing grid
[DRT-0421] Term gpio_dm1[20] has no pins on routing grid
[DRT-0421] Term gpio_dm1[21] has no pins on routing grid
[DRT-0421] Term gpio_dm1[24] has no pins on routing grid
[DRT-0421] Term gpio_dm1[27] has no pins on routing grid
[DRT-0421] Term gpio_dm1[29] has no pins on routing grid
[DRT-0421] Term gpio_dm1[30] has no pins on routing grid
[DRT-0421] Term gpio_dm1[34] has no pins on routing grid
[DRT-0421] Term gpio_dm1[37] has no pins on routing grid
[DRT-0421] Term gpio_dm2[15] has no pins on routing grid
[DRT-0421] Term gpio_dm2[20] has no pins on routing grid
[DRT-0421] Term gpio_dm2[21] has no pins on routing grid
[DRT-0421] Term gpio_dm2[25] has no pins on routing grid
[DRT-0421] Term gpio_dm2[28] has no pins on routing grid
[DRT-0421] Term gpio_dm2[30] has no pins on routing grid
[DRT-0421] Term gpio_dm2[31] has no pins on routing grid
[DRT-0421] Term gpio_dm2[32] has no pins on routing grid
[DRT-0421] Term gpio_dm2[35] has no pins on routing grid
[DRT-0421] Term gpio_holdover[15] has no pins on routing grid
[DRT-0421] Term gpio_holdover[20] has no pins on routing grid
[DRT-0421] Term gpio_holdover[21] has no pins on routing grid
[DRT-0421] Term gpio_holdover[24] has no pins on routing grid
[DRT-0421] Term gpio_holdover[27] has no pins on routing grid
[DRT-0421] Term gpio_holdover[30] has no pins on routing grid
[DRT-0421] Term gpio_holdover[32] has no pins on routing grid
[DRT-0421] Term gpio_holdover[34] has no pins on routing grid
[DRT-0421] Term gpio_holdover[37] has no pins on routing grid
[DRT-0421] Term gpio_ib_mode_sel[15] has no pins on routing grid
[DRT-0421] Term gpio_ib_mode_sel[20] has no pins on routing grid
[DRT-0421] Term gpio_ib_mode_sel[21] has no pins on routing grid
[DRT-0421] Term gpio_ib_mode_sel[25] has no pins on routing grid
[DRT-0421] Term gpio_ib_mode_sel[28] has no pins on routing grid
[DRT-0421] Term gpio_ib_mode_sel[31] has no pins on routing grid
[DRT-0421] Term gpio_ib_mode_sel[32] has no pins on routing grid
[DRT-0421] Term gpio_ib_mode_sel[33] has no pins on routing grid
[DRT-0421] Term gpio_ib_mode_sel[35] has no pins on routing grid
[DRT-0421] Term gpio_in[15] has no pins on routing grid
[DRT-0421] Term gpio_in[20] has no pins on routing grid
[DRT-0421] Term gpio_in[21] has no pins on routing grid
[DRT-0421] Term gpio_in[24] has no pins on routing grid
[DRT-0421] Term gpio_in[26] has no pins on routing grid
[DRT-0421] Term gpio_in[27] has no pins on routing grid
[DRT-0421] Term gpio_in[29] has no pins on routing grid
[DRT-0421] Term gpio_in[30] has no pins on routing grid
[DRT-0421] Term gpio_in[34] has no pins on routing grid
[DRT-0421] Term gpio_in[37] has no pins on routing grid
[DRT-0421] Term gpio_in_h[15] has no pins on routing grid
[DRT-0421] Term gpio_in_h[20] has no pins on routing grid
[DRT-0421] Term gpio_in_h[21] has no pins on routing grid
[DRT-0421] Term gpio_in_h[25] has no pins on routing grid
[DRT-0421] Term gpio_in_h[27] has no pins on routing grid
[DRT-0421] Term gpio_in_h[30] has no pins on routing grid
[DRT-0421] Term gpio_in_h[32] has no pins on routing grid
[DRT-0421] Term gpio_in_h[34] has no pins on routing grid
[DRT-0421] Term gpio_in_h[35] has no pins on routing grid
[DRT-0421] Term gpio_in_h[37] has no pins on routing grid
[DRT-0421] Term gpio_inp_dis[15] has no pins on routing grid
[DRT-0421] Term gpio_inp_dis[20] has no pins on routing grid
[DRT-0421] Term gpio_inp_dis[21] has no pins on routing grid
[DRT-0421] Term gpio_inp_dis[25] has no pins on routing grid
[DRT-0421] Term gpio_inp_dis[28] has no pins on routing grid
[DRT-0421] Term gpio_inp_dis[30] has no pins on routing grid
[DRT-0421] Term gpio_inp_dis[31] has no pins on routing grid
[DRT-0421] Term gpio_inp_dis[32] has no pins on routing grid
[DRT-0421] Term gpio_inp_dis[35] has no pins on routing grid
[DRT-0421] Term gpio_loopback_one[19] has no pins on routing grid
[DRT-0421] Term gpio_loopback_one[21] has no pins on routing grid
[DRT-0421] Term gpio_loopback_one[23] has no pins on routing grid
[DRT-0422] No routing tracks pass through the center of Term gpio_loopback_one[24].
[DRT-0422] No routing tracks pass through the center of Term gpio_loopback_one[25].
[DRT-0422] No routing tracks pass through the center of Term gpio_loopback_one[26].
[DRT-0422] No routing tracks pass through the center of Term gpio_loopback_one[27].
[DRT-0421] Term gpio_loopback_one[28] has no pins on routing grid
[DRT-0421] Term gpio_loopback_one[29] has no pins on routing grid
[DRT-0421] Term gpio_loopback_one[30] has no pins on routing grid
[DRT-0422] No routing tracks pass through the center of Term gpio_loopback_one[31].
[DRT-0421] Term gpio_loopback_one[32] has no pins on routing grid
[DRT-0421] Term gpio_loopback_one[33] has no pins on routing grid
[DRT-0421] Term gpio_loopback_one[34] has no pins on routing grid
[DRT-0422] No routing tracks pass through the center of Term gpio_loopback_one[35].
[DRT-0422] No routing tracks pass through the center of Term gpio_loopback_one[36].
[DRT-0421] Term gpio_loopback_one[37] has no pins on routing grid
[DRT-0421] Term gpio_loopback_zero[16] has no pins on routing grid
[DRT-0421] Term gpio_loopback_zero[18] has no pins on routing grid
[DRT-0421] Term gpio_loopback_zero[24] has no pins on routing grid
[DRT-0421] Term gpio_loopback_zero[25] has no pins on routing grid
[DRT-0421] Term gpio_loopback_zero[26] has no pins on routing grid
[DRT-0422] No routing tracks pass through the center of Term gpio_loopback_zero[27].
[DRT-0422] No routing tracks pass through the center of Term gpio_loopback_zero[28].
[DRT-0422] No routing tracks pass through the center of Term gpio_loopback_zero[29].
[DRT-0421] Term gpio_loopback_zero[30] has no pins on routing grid
[DRT-0421] Term gpio_loopback_zero[31] has no pins on routing grid
[DRT-0422] No routing tracks pass through the center of Term gpio_loopback_zero[32].
[DRT-0421] Term gpio_loopback_zero[33] has no pins on routing grid
[DRT-0421] Term gpio_loopback_zero[34] has no pins on routing grid
[DRT-0421] Term gpio_loopback_zero[35] has no pins on routing grid
[DRT-0422] No routing tracks pass through the center of Term gpio_loopback_zero[36].
[DRT-0422] No routing tracks pass through the center of Term gpio_loopback_zero[37].
[DRT-0421] Term gpio_oeb[15] has no pins on routing grid
[DRT-0421] Term gpio_oeb[20] has no pins on routing grid
[DRT-0421] Term gpio_oeb[21] has no pins on routing grid
[DRT-0421] Term gpio_oeb[24] has no pins on routing grid
[DRT-0421] Term gpio_oeb[27] has no pins on routing grid
[DRT-0421] Term gpio_oeb[30] has no pins on routing grid
[DRT-0421] Term gpio_oeb[32] has no pins on routing grid
[DRT-0421] Term gpio_oeb[34] has no pins on routing grid
[DRT-0421] Term gpio_oeb[35] has no pins on routing grid
[DRT-0421] Term gpio_oeb[37] has no pins on routing grid
[DRT-0421] Term gpio_out[15] has no pins on routing grid
[DRT-0421] Term gpio_out[20] has no pins on routing grid
[DRT-0421] Term gpio_out[21] has no pins on routing grid
[DRT-0421] Term gpio_out[24] has no pins on routing grid
[DRT-0421] Term gpio_out[27] has no pins on routing grid
[DRT-0421] Term gpio_out[30] has no pins on routing grid
[DRT-0421] Term gpio_out[32] has no pins on routing grid
[DRT-0421] Term gpio_out[34] has no pins on routing grid
[DRT-0421] Term gpio_out[35] has no pins on routing grid
[DRT-0421] Term gpio_out[37] has no pins on routing grid
[DRT-0421] Term gpio_slow_sel[15] has no pins on routing grid
[DRT-0421] Term gpio_slow_sel[20] has no pins on routing grid
[DRT-0421] Term gpio_slow_sel[21] has no pins on routing grid
[DRT-0421] Term gpio_slow_sel[25] has no pins on routing grid
[DRT-0421] Term gpio_slow_sel[28] has no pins on routing grid
[DRT-0421] Term gpio_slow_sel[31] has no pins on routing grid
[DRT-0421] Term gpio_slow_sel[32] has no pins on routing grid
[DRT-0421] Term gpio_slow_sel[33] has no pins on routing grid
[DRT-0421] Term gpio_slow_sel[35] has no pins on routing grid
[DRT-0421] Term gpio_slow_sel[36] has no pins on routing grid
[DRT-0421] Term gpio_vtrip_sel[15] has no pins on routing grid
[DRT-0421] Term gpio_vtrip_sel[20] has no pins on routing grid
[DRT-0421] Term gpio_vtrip_sel[21] has no pins on routing grid
[DRT-0421] Term gpio_vtrip_sel[26] has no pins on routing grid
[DRT-0421] Term gpio_vtrip_sel[28] has no pins on routing grid
[DRT-0421] Term gpio_vtrip_sel[29] has no pins on routing grid
[DRT-0421] Term gpio_vtrip_sel[31] has no pins on routing grid
[DRT-0421] Term gpio_vtrip_sel[33] has no pins on routing grid
[DRT-0421] Term gpio_vtrip_sel[36] has no pins on routing grid
[DRT-0421] Term porb_h has no pins on routing grid
[DRT-0418] Term u_chip_core.i_classic_fabric_chipfoundry_large/FrameStrobe[0] has no pins on routing grid
[DRT-0418] Term u_chip_core.i_classic_fabric_chipfoundry_large/FrameStrobe[100] has no pins on routing grid
[DRT-0418] Term u_chip_core.i_classic_fabric_chipfoundry_large/FrameStrobe[101] has no pins on routing grid
[DRT-0418] Term u_chip_core.i_classic_fabric_chipfoundry_large/FrameStrobe[102] has no pins on routing grid
[DRT-0418] Term u_chip_core.i_classic_fabric_chipfoundry_large/FrameStrobe[103] has no pins on routing grid
[DRT-0418] Term u_chip_core.i_classic_fabric_chipfoundry_large/FrameStrobe[104] has no pins on routing grid
[DRT-0418] Term u_chip_core.i_classic_fabric_chipfoundry_large/FrameStrobe[105] has no pins on routing grid
[DRT-0418] Term u_chip_core.i_classic_fabric_chipfoundry_large/FrameStrobe[106] has no pins on routing grid
[DRT-0418] Term u_chip_core.i_classic_fabric_chipfoundry_large/FrameStrobe[107] has no pins on routing grid
[DRT-0418] Term u_chip_core.i_classic_fabric_chipfoundry_large/FrameStrobe[108] has no pins on routing grid
[DRT-0418] Term u_chip_core.i_classic_fabric_chipfoundry_large/FrameStrobe[109] has no pins on routing grid
[DRT-0418] Term u_chip_core.i_classic_fabric_chipfoundry_large/FrameStrobe[10] has no pins on routing grid
[DRT-0418] Term u_chip_core.i_classic_fabric_chipfoundry_large/FrameStrobe[110] has no pins on routing grid
[DRT-0418] Term u_chip_core.i_classic_fabric_chipfoundry_large/FrameStrobe[111] has no pins on routing grid
[DRT-0418] Term u_chip_core.i_classic_fabric_chipfoundry_large/FrameStrobe[112] has no pins on routing grid
[DRT-0418] Term u_chip_core.i_classic_fabric_chipfoundry_large/FrameStrobe[113] has no pins on routing grid
[DRT-0418] Term u_chip_core.i_classic_fabric_chipfoundry_large/FrameStrobe[114] has no pins on routing grid
[DRT-0418] Term u_chip_core.i_classic_fabric_chipfoundry_large/FrameStrobe[115] has no pins on routing grid
[DRT-0418] Term u_chip_core.i_classic_fabric_chipfoundry_large/FrameStrobe[116] has no pins on routing grid
[DRT-0418] Term u_chip_core.i_classic_fabric_chipfoundry_large/FrameStrobe[117] has no pins on routing grid
[DRT-0418] Term u_chip_core.i_classic_fabric_chipfoundry_large/FrameStrobe[118] has no pins on routing grid
[DRT-0418] Term u_chip_core.i_classic_fabric_chipfoundry_large/FrameStrobe[119] has no pins on routing grid
[DRT-0418] Term u_chip_core.i_classic_fabric_chipfoundry_large/FrameStrobe[11] has no pins on routing grid
[DRT-0418] Term u_chip_core.i_classic_fabric_chipfoundry_large/FrameStrobe[120] has no pins on routing grid
[DRT-0418] Term u_chip_core.i_classic_fabric_chipfoundry_large/FrameStrobe[121] has no pins on routing grid
[DRT-0418] Term u_chip_core.i_classic_fabric_chipfoundry_large/FrameStrobe[122] has no pins on routing grid
[DRT-0418] Term u_chip_core.i_classic_fabric_chipfoundry_large/FrameStrobe[123] has no pins on routing grid
[DRT-0418] Term u_chip_core.i_classic_fabric_chipfoundry_large/FrameStrobe[124] has no pins on routing grid
[DRT-0418] Term u_chip_core.i_classic_fabric_chipfoundry_large/FrameStrobe[125] has no pins on routing grid
[DRT-0418] Term u_chip_core.i_classic_fabric_chipfoundry_large/FrameStrobe[126] has no pins on routing grid
[DRT-0418] Term u_chip_core.i_classic_fabric_chipfoundry_large/FrameStrobe[127] has no pins on routing grid
[DRT-0418] Term u_chip_core.i_classic_fabric_chipfoundry_large/FrameStrobe[128] has no pins on routing grid
[DRT-0418] Term u_chip_core.i_classic_fabric_chipfoundry_large/FrameStrobe[129] has no pins on routing grid
[DRT-0418] Term u_chip_core.i_classic_fabric_chipfoundry_large/FrameStrobe[12] has no pins on routing grid
[DRT-0418] Term u_chip_core.i_classic_fabric_chipfoundry_large/FrameStrobe[130] has no pins on routing grid
[DRT-0418] Term u_chip_core.i_classic_fabric_chipfoundry_large/FrameStrobe[131] has no pins on routing grid
[DRT-0418] Term u_chip_core.i_classic_fabric_chipfoundry_large/FrameStrobe[132] has no pins on routing grid
[DRT-0418] Term u_chip_core.i_classic_fabric_chipfoundry_large/FrameStrobe[133] has no pins on routing grid
[DRT-0418] Term u_chip_core.i_classic_fabric_chipfoundry_large/FrameStrobe[134] has no pins on routing grid
[DRT-0418] Term u_chip_core.i_classic_fabric_chipfoundry_large/FrameStrobe[135] has no pins on routing grid
[DRT-0418] Term u_chip_core.i_classic_fabric_chipfoundry_large/FrameStrobe[136] has no pins on routing grid
[DRT-0418] Term u_chip_core.i_classic_fabric_chipfoundry_large/FrameStrobe[137] has no pins on routing grid
[DRT-0418] Term u_chip_core.i_classic_fabric_chipfoundry_large/FrameStrobe[138] has no pins on routing grid
[DRT-0418] Term u_chip_core.i_classic_fabric_chipfoundry_large/FrameStrobe[139] has no pins on routing grid
[DRT-0418] Term u_chip_core.i_classic_fabric_chipfoundry_large/FrameStrobe[13] has no pins on routing grid
[DRT-0418] Term u_chip_core.i_classic_fabric_chipfoundry_large/FrameStrobe[140] has no pins on routing grid
[DRT-0418] Term u_chip_core.i_classic_fabric_chipfoundry_large/FrameStrobe[141] has no pins on routing grid
[DRT-0418] Term u_chip_core.i_classic_fabric_chipfoundry_large/FrameStrobe[142] has no pins on routing grid
[DRT-0418] Term u_chip_core.i_classic_fabric_chipfoundry_large/FrameStrobe[143] has no pins on routing grid
[DRT-0418] Term u_chip_core.i_classic_fabric_chipfoundry_large/FrameStrobe[144] has no pins on routing grid
[DRT-0418] Term u_chip_core.i_classic_fabric_chipfoundry_large/FrameStrobe[145] has no pins on routing grid
[DRT-0418] Term u_chip_core.i_classic_fabric_chipfoundry_large/FrameStrobe[146] has no pins on routing grid
[DRT-0418] Term u_chip_core.i_classic_fabric_chipfoundry_large/FrameStrobe[147] has no pins on routing grid
[DRT-0418] Term u_chip_core.i_classic_fabric_chipfoundry_large/FrameStrobe[148] has no pins on routing grid
[DRT-0418] Term u_chip_core.i_classic_fabric_chipfoundry_large/FrameStrobe[149] has no pins on routing grid
[DRT-0418] Term u_chip_core.i_classic_fabric_chipfoundry_large/FrameStrobe[14] has no pins on routing grid
[DRT-0418] Term u_chip_core.i_classic_fabric_chipfoundry_large/FrameStrobe[150] has no pins on routing grid
[DRT-0418] Term u_chip_core.i_classic_fabric_chipfoundry_large/FrameStrobe[151] has no pins on routing grid
[DRT-0418] Term u_chip_core.i_classic_fabric_chipfoundry_large/FrameStrobe[152] has no pins on routing grid
[DRT-0418] Term u_chip_core.i_classic_fabric_chipfoundry_large/FrameStrobe[153] has no pins on routing grid
[DRT-0418] Term u_chip_core.i_classic_fabric_chipfoundry_large/FrameStrobe[154] has no pins on routing grid
[DRT-0418] Term u_chip_core.i_classic_fabric_chipfoundry_large/FrameStrobe[155] has no pins on routing grid
[DRT-0418] Term u_chip_core.i_classic_fabric_chipfoundry_large/FrameStrobe[156] has no pins on routing grid
[DRT-0418] Term u_chip_core.i_classic_fabric_chipfoundry_large/FrameStrobe[157] has no pins on routing grid
[DRT-0418] Term u_chip_core.i_classic_fabric_chipfoundry_large/FrameStrobe[158] has no pins on routing grid
[DRT-0418] Term u_chip_core.i_classic_fabric_chipfoundry_large/FrameStrobe[159] has no pins on routing grid
[DRT-0418] Term u_chip_core.i_classic_fabric_chipfoundry_large/FrameStrobe[15] has no pins on routing grid
[DRT-0418] Term u_chip_core.i_classic_fabric_chipfoundry_large/FrameStrobe[160] has no pins on routing grid
[DRT-0418] Term u_chip_core.i_classic_fabric_chipfoundry_large/FrameStrobe[161] has no pins on routing grid
[DRT-0418] Term u_chip_core.i_classic_fabric_chipfoundry_large/FrameStrobe[162] has no pins on routing grid
[DRT-0418] Term u_chip_core.i_classic_fabric_chipfoundry_large/FrameStrobe[163] has no pins on routing grid
[DRT-0418] Term u_chip_core.i_classic_fabric_chipfoundry_large/FrameStrobe[164] has no pins on routing grid
[DRT-0418] Term u_chip_core.i_classic_fabric_chipfoundry_large/FrameStrobe[165] has no pins on routing grid
[DRT-0418] Term u_chip_core.i_classic_fabric_chipfoundry_large/FrameStrobe[166] has no pins on routing grid
[DRT-0418] Term u_chip_core.i_classic_fabric_chipfoundry_large/FrameStrobe[167] has no pins on routing grid
[DRT-0418] Term u_chip_core.i_classic_fabric_chipfoundry_large/FrameStrobe[168] has no pins on routing grid
[DRT-0418] Term u_chip_core.i_classic_fabric_chipfoundry_large/FrameStrobe[169] has no pins on routing grid
[DRT-0418] Term u_chip_core.i_classic_fabric_chipfoundry_large/FrameStrobe[16] has no pins on routing grid
[DRT-0418] Term u_chip_core.i_classic_fabric_chipfoundry_large/FrameStrobe[170] has no pins on routing grid
[DRT-0418] Term u_chip_core.i_classic_fabric_chipfoundry_large/FrameStrobe[171] has no pins on routing grid
[DRT-0418] Term u_chip_core.i_classic_fabric_chipfoundry_large/FrameStrobe[172] has no pins on routing grid
[DRT-0418] Term u_chip_core.i_classic_fabric_chipfoundry_large/FrameStrobe[173] has no pins on routing grid
[DRT-0418] Term u_chip_core.i_classic_fabric_chipfoundry_large/FrameStrobe[174] has no pins on routing grid
[DRT-0418] Term u_chip_core.i_classic_fabric_chipfoundry_large/FrameStrobe[175] has no pins on routing grid
[DRT-0418] Term u_chip_core.i_classic_fabric_chipfoundry_large/FrameStrobe[176] has no pins on routing grid
[DRT-0418] Term u_chip_core.i_classic_fabric_chipfoundry_large/FrameStrobe[177] has no pins on routing grid
[DRT-0418] Term u_chip_core.i_classic_fabric_chipfoundry_large/FrameStrobe[178] has no pins on routing grid
[DRT-0418] Term u_chip_core.i_classic_fabric_chipfoundry_large/FrameStrobe[179] has no pins on routing grid
[DRT-0418] Term u_chip_core.i_classic_fabric_chipfoundry_large/FrameStrobe[17] has no pins on routing grid
[DRT-0418] Term u_chip_core.i_classic_fabric_chipfoundry_large/FrameStrobe[180] has no pins on routing grid
[DRT-0418] Term u_chip_core.i_classic_fabric_chipfoundry_large/FrameStrobe[181] has no pins on routing grid
[DRT-0418] Term u_chip_core.i_classic_fabric_chipfoundry_large/FrameStrobe[182] has no pins on routing grid
[DRT-0418] Term u_chip_core.i_classic_fabric_chipfoundry_large/FrameStrobe[183] has no pins on routing grid
[DRT-0418] Term u_chip_core.i_classic_fabric_chipfoundry_large/FrameStrobe[184] has no pins on routing grid
[DRT-0418] Term u_chip_core.i_classic_fabric_chipfoundry_large/FrameStrobe[185] has no pins on routing grid
[DRT-0418] Term u_chip_core.i_classic_fabric_chipfoundry_large/FrameStrobe[186] has no pins on routing grid
[DRT-0418] Term u_chip_core.i_classic_fabric_chipfoundry_large/FrameStrobe[187] has no pins on routing grid
[DRT-0418] Term u_chip_core.i_classic_fabric_chipfoundry_large/FrameStrobe[188] has no pins on routing grid
[DRT-0418] Term u_chip_core.i_classic_fabric_chipfoundry_large/FrameStrobe[189] has no pins on routing grid
[DRT-0418] Term u_chip_core.i_classic_fabric_chipfoundry_large/FrameStrobe[18] has no pins on routing grid
[DRT-0418] Term u_chip_core.i_classic_fabric_chipfoundry_large/FrameStrobe[190] has no pins on routing grid
[DRT-0418] Term u_chip_core.i_classic_fabric_chipfoundry_large/FrameStrobe[191] has no pins on routing grid
[DRT-0418] Term u_chip_core.i_classic_fabric_chipfoundry_large/FrameStrobe[192] has no pins on routing grid
[DRT-0418] Term u_chip_core.i_classic_fabric_chipfoundry_large/FrameStrobe[193] has no pins on routing grid
[DRT-0418] Term u_chip_core.i_classic_fabric_chipfoundry_large/FrameStrobe[194] has no pins on routing grid
[DRT-0418] Term u_chip_core.i_classic_fabric_chipfoundry_large/FrameStrobe[195] has no pins on routing grid
[DRT-0418] Term u_chip_core.i_classic_fabric_chipfoundry_large/FrameStrobe[196] has no pins on routing grid
[DRT-0418] Term u_chip_core.i_classic_fabric_chipfoundry_large/FrameStrobe[197] has no pins on routing grid
[DRT-0418] Term u_chip_core.i_classic_fabric_chipfoundry_large/FrameStrobe[198] has no pins on routing grid
[DRT-0418] Term u_chip_core.i_classic_fabric_chipfoundry_large/FrameStrobe[199] has no pins on routing grid
[DRT-0418] Term u_chip_core.i_classic_fabric_chipfoundry_large/FrameStrobe[19] has no pins on routing grid
[DRT-0418] Term u_chip_core.i_classic_fabric_chipfoundry_large/FrameStrobe[1] has no pins on routing grid
[DRT-0418] Term u_chip_core.i_classic_fabric_chipfoundry_large/FrameStrobe[200] has no pins on routing grid
[DRT-0418] Term u_chip_core.i_classic_fabric_chipfoundry_large/FrameStrobe[201] has no pins on routing grid
[DRT-0418] Term u_chip_core.i_classic_fabric_chipfoundry_large/FrameStrobe[202] has no pins on routing grid
[DRT-0418] Term u_chip_core.i_classic_fabric_chipfoundry_large/FrameStrobe[203] has no pins on routing grid
[DRT-0418] Term u_chip_core.i_classic_fabric_chipfoundry_large/FrameStrobe[204] has no pins on routing grid
[DRT-0418] Term u_chip_core.i_classic_fabric_chipfoundry_large/FrameStrobe[205] has no pins on routing grid
[DRT-0418] Term u_chip_core.i_classic_fabric_chipfoundry_large/FrameStrobe[206] has no pins on routing grid
[DRT-0418] Term u_chip_core.i_classic_fabric_chipfoundry_large/FrameStrobe[207] has no pins on routing grid
[DRT-0418] Term u_chip_core.i_classic_fabric_chipfoundry_large/FrameStrobe[208] has no pins on routing grid
[DRT-0418] Term u_chip_core.i_classic_fabric_chipfoundry_large/FrameStrobe[209] has no pins on routing grid
[DRT-0418] Term u_chip_core.i_classic_fabric_chipfoundry_large/FrameStrobe[20] has no pins on routing grid
[DRT-0418] Term u_chip_core.i_classic_fabric_chipfoundry_large/FrameStrobe[210] has no pins on routing grid
[DRT-0418] Term u_chip_core.i_classic_fabric_chipfoundry_large/FrameStrobe[211] has no pins on routing grid
[DRT-0418] Term u_chip_core.i_classic_fabric_chipfoundry_large/FrameStrobe[212] has no pins on routing grid
[DRT-0418] Term u_chip_core.i_classic_fabric_chipfoundry_large/FrameStrobe[213] has no pins on routing grid
[DRT-0418] Term u_chip_core.i_classic_fabric_chipfoundry_large/FrameStrobe[214] has no pins on routing grid
[DRT-0418] Term u_chip_core.i_classic_fabric_chipfoundry_large/FrameStrobe[215] has no pins on routing grid
[DRT-0418] Term u_chip_core.i_classic_fabric_chipfoundry_large/FrameStrobe[216] has no pins on routing grid
[DRT-0418] Term u_chip_core.i_classic_fabric_chipfoundry_large/FrameStrobe[217] has no pins on routing grid
[DRT-0418] Term u_chip_core.i_classic_fabric_chipfoundry_large/FrameStrobe[218] has no pins on routing grid
[DRT-0418] Term u_chip_core.i_classic_fabric_chipfoundry_large/FrameStrobe[219] has no pins on routing grid
[DRT-0418] Term u_chip_core.i_classic_fabric_chipfoundry_large/FrameStrobe[21] has no pins on routing grid
[DRT-0418] Term u_chip_core.i_classic_fabric_chipfoundry_large/FrameStrobe[220] has no pins on routing grid
[DRT-0418] Term u_chip_core.i_classic_fabric_chipfoundry_large/FrameStrobe[221] has no pins on routing grid
[DRT-0418] Term u_chip_core.i_classic_fabric_chipfoundry_large/FrameStrobe[222] has no pins on routing grid
[DRT-0418] Term u_chip_core.i_classic_fabric_chipfoundry_large/FrameStrobe[223] has no pins on routing grid
[DRT-0418] Term u_chip_core.i_classic_fabric_chipfoundry_large/FrameStrobe[224] has no pins on routing grid
[DRT-0418] Term u_chip_core.i_classic_fabric_chipfoundry_large/FrameStrobe[225] has no pins on routing grid
[DRT-0418] Term u_chip_core.i_classic_fabric_chipfoundry_large/FrameStrobe[226] has no pins on routing grid
[DRT-0418] Term u_chip_core.i_classic_fabric_chipfoundry_large/FrameStrobe[227] has no pins on routing grid
[DRT-0418] Term u_chip_core.i_classic_fabric_chipfoundry_large/FrameStrobe[228] has no pins on routing grid
[DRT-0418] Term u_chip_core.i_classic_fabric_chipfoundry_large/FrameStrobe[229] has no pins on routing grid
[DRT-0418] Term u_chip_core.i_classic_fabric_chipfoundry_large/FrameStrobe[22] has no pins on routing grid
[DRT-0418] Term u_chip_core.i_classic_fabric_chipfoundry_large/FrameStrobe[230] has no pins on routing grid
[DRT-0418] Term u_chip_core.i_classic_fabric_chipfoundry_large/FrameStrobe[231] has no pins on routing grid
[DRT-0418] Term u_chip_core.i_classic_fabric_chipfoundry_large/FrameStrobe[232] has no pins on routing grid
[DRT-0418] Term u_chip_core.i_classic_fabric_chipfoundry_large/FrameStrobe[233] has no pins on routing grid
[DRT-0418] Term u_chip_core.i_classic_fabric_chipfoundry_large/FrameStrobe[234] has no pins on routing grid
[DRT-0418] Term u_chip_core.i_classic_fabric_chipfoundry_large/FrameStrobe[235] has no pins on routing grid
[DRT-0418] Term u_chip_core.i_classic_fabric_chipfoundry_large/FrameStrobe[236] has no pins on routing grid
[DRT-0418] Term u_chip_core.i_classic_fabric_chipfoundry_large/FrameStrobe[237] has no pins on routing grid
[DRT-0418] Term u_chip_core.i_classic_fabric_chipfoundry_large/FrameStrobe[238] has no pins on routing grid
[DRT-0418] Term u_chip_core.i_classic_fabric_chipfoundry_large/FrameStrobe[239] has no pins on routing grid
[DRT-0418] Term u_chip_core.i_classic_fabric_chipfoundry_large/FrameStrobe[23] has no pins on routing grid
[DRT-0418] Term u_chip_core.i_classic_fabric_chipfoundry_large/FrameStrobe[240] has no pins on routing grid
[DRT-0418] Term u_chip_core.i_classic_fabric_chipfoundry_large/FrameStrobe[241] has no pins on routing grid
[DRT-0418] Term u_chip_core.i_classic_fabric_chipfoundry_large/FrameStrobe[242] has no pins on routing grid
[DRT-0418] Term u_chip_core.i_classic_fabric_chipfoundry_large/FrameStrobe[243] has no pins on routing grid
[DRT-0418] Term u_chip_core.i_classic_fabric_chipfoundry_large/FrameStrobe[244] has no pins on routing grid
[DRT-0418] Term u_chip_core.i_classic_fabric_chipfoundry_large/FrameStrobe[245] has no pins on routing grid
[DRT-0418] Term u_chip_core.i_classic_fabric_chipfoundry_large/FrameStrobe[246] has no pins on routing grid
[DRT-0418] Term u_chip_core.i_classic_fabric_chipfoundry_large/FrameStrobe[247] has no pins on routing grid
[DRT-0418] Term u_chip_core.i_classic_fabric_chipfoundry_large/FrameStrobe[248] has no pins on routing grid
[DRT-0418] Term u_chip_core.i_classic_fabric_chipfoundry_large/FrameStrobe[249] has no pins on routing grid
[DRT-0418] Term u_chip_core.i_classic_fabric_chipfoundry_large/FrameStrobe[24] has no pins on routing grid
[DRT-0418] Term u_chip_core.i_classic_fabric_chipfoundry_large/FrameStrobe[250] has no pins on routing grid
[DRT-0418] Term u_chip_core.i_classic_fabric_chipfoundry_large/FrameStrobe[251] has no pins on routing grid
[DRT-0418] Term u_chip_core.i_classic_fabric_chipfoundry_large/FrameStrobe[252] has no pins on routing grid
[DRT-0418] Term u_chip_core.i_classic_fabric_chipfoundry_large/FrameStrobe[253] has no pins on routing grid
[DRT-0418] Term u_chip_core.i_classic_fabric_chipfoundry_large/FrameStrobe[254] has no pins on routing grid
[DRT-0418] Term u_chip_core.i_classic_fabric_chipfoundry_large/FrameStrobe[255] has no pins on routing grid
[DRT-0418] Term u_chip_core.i_classic_fabric_chipfoundry_large/FrameStrobe[256] has no pins on routing grid
[DRT-0418] Term u_chip_core.i_classic_fabric_chipfoundry_large/FrameStrobe[257] has no pins on routing grid
[DRT-0418] Term u_chip_core.i_classic_fabric_chipfoundry_large/FrameStrobe[258] has no pins on routing grid
[DRT-0418] Term u_chip_core.i_classic_fabric_chipfoundry_large/FrameStrobe[259] has no pins on routing grid
[DRT-0418] Term u_chip_core.i_classic_fabric_chipfoundry_large/FrameStrobe[25] has no pins on routing grid
[DRT-0418] Term u_chip_core.i_classic_fabric_chipfoundry_large/FrameStrobe[260] has no pins on routing grid
[DRT-0418] Term u_chip_core.i_classic_fabric_chipfoundry_large/FrameStrobe[261] has no pins on routing grid
[DRT-0418] Term u_chip_core.i_classic_fabric_chipfoundry_large/FrameStrobe[262] has no pins on routing grid
[DRT-0418] Term u_chip_core.i_classic_fabric_chipfoundry_large/FrameStrobe[263] has no pins on routing grid
[DRT-0418] Term u_chip_core.i_classic_fabric_chipfoundry_large/FrameStrobe[264] has no pins on routing grid
[DRT-0418] Term u_chip_core.i_classic_fabric_chipfoundry_large/FrameStrobe[265] has no pins on routing grid
[DRT-0418] Term u_chip_core.i_classic_fabric_chipfoundry_large/FrameStrobe[266] has no pins on routing grid
[DRT-0418] Term u_chip_core.i_classic_fabric_chipfoundry_large/FrameStrobe[267] has no pins on routing grid
[DRT-0418] Term u_chip_core.i_classic_fabric_chipfoundry_large/FrameStrobe[268] has no pins on routing grid
[DRT-0418] Term u_chip_core.i_classic_fabric_chipfoundry_large/FrameStrobe[269] has no pins on routing grid
[DRT-0418] Term u_chip_core.i_classic_fabric_chipfoundry_large/FrameStrobe[26] has no pins on routing grid
[DRT-0418] Term u_chip_core.i_classic_fabric_chipfoundry_large/FrameStrobe[270] has no pins on routing grid
[DRT-0418] Term u_chip_core.i_classic_fabric_chipfoundry_large/FrameStrobe[271] has no pins on routing grid
[DRT-0418] Term u_chip_core.i_classic_fabric_chipfoundry_large/FrameStrobe[272] has no pins on routing grid
[DRT-0418] Term u_chip_core.i_classic_fabric_chipfoundry_large/FrameStrobe[273] has no pins on routing grid
[DRT-0418] Term u_chip_core.i_classic_fabric_chipfoundry_large/FrameStrobe[274] has no pins on routing grid
[DRT-0418] Term u_chip_core.i_classic_fabric_chipfoundry_large/FrameStrobe[275] has no pins on routing grid
[DRT-0418] Term u_chip_core.i_classic_fabric_chipfoundry_large/FrameStrobe[276] has no pins on routing grid
[DRT-0418] Term u_chip_core.i_classic_fabric_chipfoundry_large/FrameStrobe[277] has no pins on routing grid
[DRT-0418] Term u_chip_core.i_classic_fabric_chipfoundry_large/FrameStrobe[278] has no pins on routing grid
[DRT-0418] Term u_chip_core.i_classic_fabric_chipfoundry_large/FrameStrobe[279] has no pins on routing grid
[DRT-0418] Term u_chip_core.i_classic_fabric_chipfoundry_large/FrameStrobe[27] has no pins on routing grid
[DRT-0418] Term u_chip_core.i_classic_fabric_chipfoundry_large/FrameStrobe[280] has no pins on routing grid
[DRT-0418] Term u_chip_core.i_classic_fabric_chipfoundry_large/FrameStrobe[281] has no pins on routing grid
[DRT-0418] Term u_chip_core.i_classic_fabric_chipfoundry_large/FrameStrobe[282] has no pins on routing grid
[DRT-0418] Term u_chip_core.i_classic_fabric_chipfoundry_large/FrameStrobe[283] has no pins on routing grid
[DRT-0418] Term u_chip_core.i_classic_fabric_chipfoundry_large/FrameStrobe[284] has no pins on routing grid
[DRT-0418] Term u_chip_core.i_classic_fabric_chipfoundry_large/FrameStrobe[285] has no pins on routing grid
[DRT-0418] Term u_chip_core.i_classic_fabric_chipfoundry_large/FrameStrobe[286] has no pins on routing grid
[DRT-0418] Term u_chip_core.i_classic_fabric_chipfoundry_large/FrameStrobe[287] has no pins on routing grid
[DRT-0418] Term u_chip_core.i_classic_fabric_chipfoundry_large/FrameStrobe[288] has no pins on routing grid
[DRT-0418] Term u_chip_core.i_classic_fabric_chipfoundry_large/FrameStrobe[289] has no pins on routing grid
[DRT-0418] Term u_chip_core.i_classic_fabric_chipfoundry_large/FrameStrobe[28] has no pins on routing grid
[DRT-0418] Term u_chip_core.i_classic_fabric_chipfoundry_large/FrameStrobe[290] has no pins on routing grid
[DRT-0418] Term u_chip_core.i_classic_fabric_chipfoundry_large/FrameStrobe[291] has no pins on routing grid
[DRT-0418] Term u_chip_core.i_classic_fabric_chipfoundry_large/FrameStrobe[292] has no pins on routing grid
[DRT-0418] Term u_chip_core.i_classic_fabric_chipfoundry_large/FrameStrobe[293] has no pins on routing grid
[DRT-0418] Term u_chip_core.i_classic_fabric_chipfoundry_large/FrameStrobe[294] has no pins on routing grid
[DRT-0418] Term u_chip_core.i_classic_fabric_chipfoundry_large/FrameStrobe[295] has no pins on routing grid
[DRT-0418] Term u_chip_core.i_classic_fabric_chipfoundry_large/FrameStrobe[296] has no pins on routing grid
[DRT-0418] Term u_chip_core.i_classic_fabric_chipfoundry_large/FrameStrobe[297] has no pins on routing grid
[DRT-0418] Term u_chip_core.i_classic_fabric_chipfoundry_large/FrameStrobe[298] has no pins on routing grid
[DRT-0418] Term u_chip_core.i_classic_fabric_chipfoundry_large/FrameStrobe[299] has no pins on routing grid
[DRT-0418] Term u_chip_core.i_classic_fabric_chipfoundry_large/FrameStrobe[29] has no pins on routing grid
[DRT-0418] Term u_chip_core.i_classic_fabric_chipfoundry_large/FrameStrobe[2] has no pins on routing grid
[DRT-0418] Term u_chip_core.i_classic_fabric_chipfoundry_large/FrameStrobe[30] has no pins on routing grid
[DRT-0418] Term u_chip_core.i_classic_fabric_chipfoundry_large/FrameStrobe[31] has no pins on routing grid
[DRT-0418] Term u_chip_core.i_classic_fabric_chipfoundry_large/FrameStrobe[32] has no pins on routing grid
[DRT-0418] Term u_chip_core.i_classic_fabric_chipfoundry_large/FrameStrobe[33] has no pins on routing grid
[DRT-0418] Term u_chip_core.i_classic_fabric_chipfoundry_large/FrameStrobe[34] has no pins on routing grid
[DRT-0418] Term u_chip_core.i_classic_fabric_chipfoundry_large/FrameStrobe[35] has no pins on routing grid
[DRT-0418] Term u_chip_core.i_classic_fabric_chipfoundry_large/FrameStrobe[36] has no pins on routing grid
[DRT-0418] Term u_chip_core.i_classic_fabric_chipfoundry_large/FrameStrobe[37] has no pins on routing grid
[DRT-0418] Term u_chip_core.i_classic_fabric_chipfoundry_large/FrameStrobe[38] has no pins on routing grid
[DRT-0418] Term u_chip_core.i_classic_fabric_chipfoundry_large/FrameStrobe[39] has no pins on routing grid
[DRT-0418] Term u_chip_core.i_classic_fabric_chipfoundry_large/FrameStrobe[3] has no pins on routing grid
[DRT-0418] Term u_chip_core.i_classic_fabric_chipfoundry_large/FrameStrobe[40] has no pins on routing grid
[DRT-0418] Term u_chip_core.i_classic_fabric_chipfoundry_large/FrameStrobe[41] has no pins on routing grid
[DRT-0418] Term u_chip_core.i_classic_fabric_chipfoundry_large/FrameStrobe[42] has no pins on routing grid
[DRT-0418] Term u_chip_core.i_classic_fabric_chipfoundry_large/FrameStrobe[43] has no pins on routing grid
[DRT-0418] Term u_chip_core.i_classic_fabric_chipfoundry_large/FrameStrobe[44] has no pins on routing grid
[DRT-0418] Term u_chip_core.i_classic_fabric_chipfoundry_large/FrameStrobe[45] has no pins on routing grid
[DRT-0418] Term u_chip_core.i_classic_fabric_chipfoundry_large/FrameStrobe[46] has no pins on routing grid
[DRT-0418] Term u_chip_core.i_classic_fabric_chipfoundry_large/FrameStrobe[47] has no pins on routing grid
[DRT-0418] Term u_chip_core.i_classic_fabric_chipfoundry_large/FrameStrobe[48] has no pins on routing grid
[DRT-0418] Term u_chip_core.i_classic_fabric_chipfoundry_large/FrameStrobe[49] has no pins on routing grid
[DRT-0418] Term u_chip_core.i_classic_fabric_chipfoundry_large/FrameStrobe[4] has no pins on routing grid
[DRT-0418] Term u_chip_core.i_classic_fabric_chipfoundry_large/FrameStrobe[50] has no pins on routing grid
[DRT-0418] Term u_chip_core.i_classic_fabric_chipfoundry_large/FrameStrobe[51] has no pins on routing grid
[DRT-0418] Term u_chip_core.i_classic_fabric_chipfoundry_large/FrameStrobe[52] has no pins on routing grid
[DRT-0418] Term u_chip_core.i_classic_fabric_chipfoundry_large/FrameStrobe[53] has no pins on routing grid
[DRT-0418] Term u_chip_core.i_classic_fabric_chipfoundry_large/FrameStrobe[54] has no pins on routing grid
[DRT-0418] Term u_chip_core.i_classic_fabric_chipfoundry_large/FrameStrobe[55] has no pins on routing grid
[DRT-0418] Term u_chip_core.i_classic_fabric_chipfoundry_large/FrameStrobe[56] has no pins on routing grid
[DRT-0418] Term u_chip_core.i_classic_fabric_chipfoundry_large/FrameStrobe[57] has no pins on routing grid
[DRT-0418] Term u_chip_core.i_classic_fabric_chipfoundry_large/FrameStrobe[58] has no pins on routing grid
[DRT-0418] Term u_chip_core.i_classic_fabric_chipfoundry_large/FrameStrobe[59] has no pins on routing grid
[DRT-0418] Term u_chip_core.i_classic_fabric_chipfoundry_large/FrameStrobe[5] has no pins on routing grid
[DRT-0418] Term u_chip_core.i_classic_fabric_chipfoundry_large/FrameStrobe[60] has no pins on routing grid
[DRT-0418] Term u_chip_core.i_classic_fabric_chipfoundry_large/FrameStrobe[61] has no pins on routing grid
[DRT-0418] Term u_chip_core.i_classic_fabric_chipfoundry_large/FrameStrobe[62] has no pins on routing grid
[DRT-0418] Term u_chip_core.i_classic_fabric_chipfoundry_large/FrameStrobe[63] has no pins on routing grid
[DRT-0418] Term u_chip_core.i_classic_fabric_chipfoundry_large/FrameStrobe[64] has no pins on routing grid
[DRT-0418] Term u_chip_core.i_classic_fabric_chipfoundry_large/FrameStrobe[65] has no pins on routing grid
[DRT-0418] Term u_chip_core.i_classic_fabric_chipfoundry_large/FrameStrobe[66] has no pins on routing grid
[DRT-0418] Term u_chip_core.i_classic_fabric_chipfoundry_large/FrameStrobe[67] has no pins on routing grid
[DRT-0418] Term u_chip_core.i_classic_fabric_chipfoundry_large/FrameStrobe[68] has no pins on routing grid
[DRT-0418] Term u_chip_core.i_classic_fabric_chipfoundry_large/FrameStrobe[69] has no pins on routing grid
[DRT-0418] Term u_chip_core.i_classic_fabric_chipfoundry_large/FrameStrobe[6] has no pins on routing grid
[DRT-0418] Term u_chip_core.i_classic_fabric_chipfoundry_large/FrameStrobe[70] has no pins on routing grid
[DRT-0418] Term u_chip_core.i_classic_fabric_chipfoundry_large/FrameStrobe[71] has no pins on routing grid
[DRT-0418] Term u_chip_core.i_classic_fabric_chipfoundry_large/FrameStrobe[72] has no pins on routing grid
[DRT-0418] Term u_chip_core.i_classic_fabric_chipfoundry_large/FrameStrobe[73] has no pins on routing grid
[DRT-0418] Term u_chip_core.i_classic_fabric_chipfoundry_large/FrameStrobe[74] has no pins on routing grid
[DRT-0418] Term u_chip_core.i_classic_fabric_chipfoundry_large/FrameStrobe[75] has no pins on routing grid
[DRT-0418] Term u_chip_core.i_classic_fabric_chipfoundry_large/FrameStrobe[76] has no pins on routing grid
[DRT-0418] Term u_chip_core.i_classic_fabric_chipfoundry_large/FrameStrobe[77] has no pins on routing grid
[DRT-0418] Term u_chip_core.i_classic_fabric_chipfoundry_large/FrameStrobe[78] has no pins on routing grid
[DRT-0418] Term u_chip_core.i_classic_fabric_chipfoundry_large/FrameStrobe[79] has no pins on routing grid
[DRT-0418] Term u_chip_core.i_classic_fabric_chipfoundry_large/FrameStrobe[7] has no pins on routing grid
[DRT-0418] Term u_chip_core.i_classic_fabric_chipfoundry_large/FrameStrobe[80] has no pins on routing grid
[DRT-0418] Term u_chip_core.i_classic_fabric_chipfoundry_large/FrameStrobe[81] has no pins on routing grid
[DRT-0418] Term u_chip_core.i_classic_fabric_chipfoundry_large/FrameStrobe[82] has no pins on routing grid
[DRT-0418] Term u_chip_core.i_classic_fabric_chipfoundry_large/FrameStrobe[83] has no pins on routing grid
[DRT-0418] Term u_chip_core.i_classic_fabric_chipfoundry_large/FrameStrobe[84] has no pins on routing grid
[DRT-0418] Term u_chip_core.i_classic_fabric_chipfoundry_large/FrameStrobe[85] has no pins on routing grid
[DRT-0418] Term u_chip_core.i_classic_fabric_chipfoundry_large/FrameStrobe[86] has no pins on routing grid
[DRT-0418] Term u_chip_core.i_classic_fabric_chipfoundry_large/FrameStrobe[87] has no pins on routing grid
[DRT-0418] Term u_chip_core.i_classic_fabric_chipfoundry_large/FrameStrobe[88] has no pins on routing grid
[DRT-0418] Term u_chip_core.i_classic_fabric_chipfoundry_large/FrameStrobe[89] has no pins on routing grid
[DRT-0418] Term u_chip_core.i_classic_fabric_chipfoundry_large/FrameStrobe[8] has no pins on routing grid
[DRT-0418] Term u_chip_core.i_classic_fabric_chipfoundry_large/FrameStrobe[90] has no pins on routing grid
[DRT-0418] Term u_chip_core.i_classic_fabric_chipfoundry_large/FrameStrobe[91] has no pins on routing grid
[DRT-0418] Term u_chip_core.i_classic_fabric_chipfoundry_large/FrameStrobe[92] has no pins on routing grid
[DRT-0418] Term u_chip_core.i_classic_fabric_chipfoundry_large/FrameStrobe[93] has no pins on routing grid
[DRT-0418] Term u_chip_core.i_classic_fabric_chipfoundry_large/FrameStrobe[94] has no pins on routing grid
[DRT-0418] Term u_chip_core.i_classic_fabric_chipfoundry_large/FrameStrobe[95] has no pins on routing grid
[DRT-0418] Term u_chip_core.i_classic_fabric_chipfoundry_large/FrameStrobe[96] has no pins on routing grid
[DRT-0418] Term u_chip_core.i_classic_fabric_chipfoundry_large/FrameStrobe[97] has no pins on routing grid
[DRT-0418] Term u_chip_core.i_classic_fabric_chipfoundry_large/FrameStrobe[98] has no pins on routing grid
[DRT-0418] Term u_chip_core.i_classic_fabric_chipfoundry_large/FrameStrobe[99] has no pins on routing grid
[DRT-0418] Term u_chip_core.i_classic_fabric_chipfoundry_large/FrameStrobe[9] has no pins on routing grid
[DRT-0418] Term u_chip_core.i_classic_fabric_chipfoundry_large/Tile_X0Y13_SYS_RESET_RESET_top has no pins on routing grid
Running 'Odb.RemoveRoutingObstructions' at 'openframe_project_wrapper/runs/26_06_14_15_00/46-odb-removeroutingobstructions'…
'ROUTING_OBSTRUCTIONS' is not defined. Skipping 'Odb.RemoveRoutingObstructions'…
Running 'OpenROAD.CheckAntennas-1' at 'openframe_project_wrapper/runs/26_06_14_15_00/47-openroad-checkantennas-1'…
Logging subprocess to [repr.filename]'openframe_project_wrapper/runs/26_06_14_15_00/47-openroad-checkantennas-1/openroad-checkantennas-1.log'[/repr.filename]…
Running 'Checker.TrDRC' at 'openframe_project_wrapper/runs/26_06_14_15_00/48-checker-trdrc'…
Check for Routing DRC errors clear.
Running 'Odb.ReportDisconnectedPins' at 'openframe_project_wrapper/runs/26_06_14_15_00/49-odb-reportdisconnectedpins'…
Logging subprocess to [repr.filename]'openframe_project_wrapper/runs/26_06_14_15_00/49-odb-reportdisconnectedpins/odb-reportdisconnectedpins.log'[/repr.filename]…
Macro/instance vccd1_connection has no power pins- add it to IGNORE_DISCONNECTED_MODULES if this is intentional
Macro/instance vssd1_connection has no power pins- add it to IGNORE_DISCONNECTED_MODULES if this is intentional
Running 'Checker.DisconnectedPins' at 'openframe_project_wrapper/runs/26_06_14_15_00/50-checker-disconnectedpins'…
Check for critical disconnected pins clear.
Running 'Odb.ReportWireLength' at 'openframe_project_wrapper/runs/26_06_14_15_00/51-odb-reportwirelength'…
Logging subprocess to [repr.filename]'openframe_project_wrapper/runs/26_06_14_15_00/51-odb-reportwirelength/odb-reportwirelength.log'[/repr.filename]…
Running 'Checker.WireLength' at 'openframe_project_wrapper/runs/26_06_14_15_00/52-checker-wirelength'…
Threshold for Threshold-surpassing long wires is not set. The checker will be skipped.
Running 'OpenROAD.FillInsertion' at 'openframe_project_wrapper/runs/26_06_14_15_00/53-openroad-fillinsertion'…
Logging subprocess to [repr.filename]'openframe_project_wrapper/runs/26_06_14_15_00/53-openroad-fillinsertion/openroad-fillinsertion.log'[/repr.filename]…
Running 'Odb.CellFrequencyTables' at 'openframe_project_wrapper/runs/26_06_14_15_00/54-odb-cellfrequencytables'…
Logging subprocess to [repr.filename]'openframe_project_wrapper/runs/26_06_14_15_00/54-odb-cellfrequencytables/buffer_list.txt'[/repr.filename]…
Logging subprocess to [repr.filename]'openframe_project_wrapper/runs/26_06_14_15_00/54-odb-cellfrequencytables/odb-cellfrequencytables.log'[/repr.filename]…
Running 'OpenROAD.RCX' at 'openframe_project_wrapper/runs/26_06_14_15_00/55-openroad-rcx'…
Running RCX for corners matching nom_* (/home/ank/Desktop/WORK/T_4/CF_FPGA_testchip/openlane/openframe_project_wrapper/runs/26_06_14_15_00/55-openroad-rcx/nom/rcx.log)…
Running RCX for corners matching min_* (/home/ank/Desktop/WORK/T_4/CF_FPGA_testchip/openlane/openframe_project_wrapper/runs/26_06_14_15_00/55-openroad-rcx/min/rcx.log)…
Running RCX for corners matching max_* (/home/ank/Desktop/WORK/T_4/CF_FPGA_testchip/openlane/openframe_project_wrapper/runs/26_06_14_15_00/55-openroad-rcx/max/rcx.log)…
Logging subprocess to [repr.filename]'openframe_project_wrapper/runs/26_06_14_15_00/55-openroad-rcx/nom/rcx.log'[/repr.filename]…
Logging subprocess to [repr.filename]'openframe_project_wrapper/runs/26_06_14_15_00/55-openroad-rcx/min/rcx.log'[/repr.filename]…
Logging subprocess to [repr.filename]'openframe_project_wrapper/runs/26_06_14_15_00/55-openroad-rcx/max/rcx.log'[/repr.filename]…
Finished RCX for corners matching nom_*.
Finished RCX for corners matching max_*.
Finished RCX for corners matching min_*.
Running 'OpenROAD.STAPostPNR' at 'openframe_project_wrapper/runs/26_06_14_15_00/56-openroad-stapostpnr'…
No libs found for macro classic_fabric_chipfoundry_small at corner nom_tt_025C_1v80. The module will be black-boxed.
No libs found for macro classic_fabric_chipfoundry_large at corner nom_tt_025C_1v80. The module will be black-boxed.
No libs found for macro vccd1_connection at corner nom_tt_025C_1v80. The module will be black-boxed.
No libs found for macro vssd1_connection at corner nom_tt_025C_1v80. The module will be black-boxed.
Starting STA for the nom_tt_025C_1v80 timing corner…
No libs found for macro classic_fabric_chipfoundry_small at corner nom_ss_100C_1v60. The module will be black-boxed.
No libs found for macro classic_fabric_chipfoundry_large at corner nom_ss_100C_1v60. The module will be black-boxed.
No libs found for macro vccd1_connection at corner nom_ss_100C_1v60. The module will be black-boxed.
No libs found for macro vssd1_connection at corner nom_ss_100C_1v60. The module will be black-boxed.
Starting STA for the nom_ss_100C_1v60 timing corner…
Logging subprocess to [repr.filename]'openframe_project_wrapper/runs/26_06_14_15_00/56-openroad-stapostpnr/nom_tt_025C_1v80/sta.log'[/repr.filename]…
No libs found for macro classic_fabric_chipfoundry_small at corner nom_ff_n40C_1v95. The module will be black-boxed.
No libs found for macro classic_fabric_chipfoundry_large at corner nom_ff_n40C_1v95. The module will be black-boxed.
No libs found for macro vccd1_connection at corner nom_ff_n40C_1v95. The module will be black-boxed.
Logging subprocess to [repr.filename]'openframe_project_wrapper/runs/26_06_14_15_00/56-openroad-stapostpnr/nom_ss_100C_1v60/sta.log'[/repr.filename]…
No libs found for macro vssd1_connection at corner nom_ff_n40C_1v95. The module will be black-boxed.
Starting STA for the nom_ff_n40C_1v95 timing corner…
No libs found for macro classic_fabric_chipfoundry_small at corner min_tt_025C_1v80. The module will be black-boxed.
No libs found for macro classic_fabric_chipfoundry_large at corner min_tt_025C_1v80. The module will be black-boxed.
No libs found for macro vccd1_connection at corner min_tt_025C_1v80. The module will be black-boxed.
No libs found for macro vssd1_connection at corner min_tt_025C_1v80. The module will be black-boxed.
Starting STA for the min_tt_025C_1v80 timing corner…
No libs found for macro classic_fabric_chipfoundry_small at corner min_ss_100C_1v60. The module will be black-boxed.
No libs found for macro classic_fabric_chipfoundry_large at corner min_ss_100C_1v60. The module will be black-boxed.
No libs found for macro vccd1_connection at corner min_ss_100C_1v60. The module will be black-boxed.
No libs found for macro vssd1_connection at corner min_ss_100C_1v60. The module will be black-boxed.
Logging subprocess to [repr.filename]'openframe_project_wrapper/runs/26_06_14_15_00/56-openroad-stapostpnr/nom_ff_n40C_1v95/sta.log'[/repr.filename]…
Starting STA for the min_ss_100C_1v60 timing corner…
No libs found for macro classic_fabric_chipfoundry_small at corner min_ff_n40C_1v95. The module will be black-boxed.
Logging subprocess to [repr.filename]'openframe_project_wrapper/runs/26_06_14_15_00/56-openroad-stapostpnr/min_tt_025C_1v80/sta.log'[/repr.filename]…
No libs found for macro classic_fabric_chipfoundry_large at corner min_ff_n40C_1v95. The module will be black-boxed.
No libs found for macro vccd1_connection at corner min_ff_n40C_1v95. The module will be black-boxed.
No libs found for macro vssd1_connection at corner min_ff_n40C_1v95. The module will be black-boxed.
Starting STA for the min_ff_n40C_1v95 timing corner…
No libs found for macro classic_fabric_chipfoundry_small at corner max_tt_025C_1v80. The module will be black-boxed.
Logging subprocess to [repr.filename]'openframe_project_wrapper/runs/26_06_14_15_00/56-openroad-stapostpnr/min_ss_100C_1v60/sta.log'[/repr.filename]…
No libs found for macro classic_fabric_chipfoundry_large at corner max_tt_025C_1v80. The module will be black-boxed.
Logging subprocess to [repr.filename]'openframe_project_wrapper/runs/26_06_14_15_00/56-openroad-stapostpnr/min_ff_n40C_1v95/sta.log'[/repr.filename]…
No libs found for macro vccd1_connection at corner max_tt_025C_1v80. The module will be black-boxed.
No libs found for macro vssd1_connection at corner max_tt_025C_1v80. The module will be black-boxed.
Starting STA for the max_tt_025C_1v80 timing corner…
No libs found for macro classic_fabric_chipfoundry_small at corner max_ss_100C_1v60. The module will be black-boxed.
No libs found for macro classic_fabric_chipfoundry_large at corner max_ss_100C_1v60. The module will be black-boxed.
No libs found for macro vccd1_connection at corner max_ss_100C_1v60. The module will be black-boxed.
No libs found for macro vssd1_connection at corner max_ss_100C_1v60. The module will be black-boxed.
Logging subprocess to [repr.filename]'openframe_project_wrapper/runs/26_06_14_15_00/56-openroad-stapostpnr/max_tt_025C_1v80/sta.log'[/repr.filename]…
Starting STA for the max_ss_100C_1v60 timing corner…
No libs found for macro classic_fabric_chipfoundry_small at corner max_ff_n40C_1v95. The module will be black-boxed.
No libs found for macro classic_fabric_chipfoundry_large at corner max_ff_n40C_1v95. The module will be black-boxed.
No libs found for macro vccd1_connection at corner max_ff_n40C_1v95. The module will be black-boxed.
No libs found for macro vssd1_connection at corner max_ff_n40C_1v95. The module will be black-boxed.
Logging subprocess to [repr.filename]'openframe_project_wrapper/runs/26_06_14_15_00/56-openroad-stapostpnr/max_ss_100C_1v60/sta.log'[/repr.filename]…
Starting STA for the max_ff_n40C_1v95 timing corner…
Logging subprocess to [repr.filename]'openframe_project_wrapper/runs/26_06_14_15_00/56-openroad-stapostpnr/max_ff_n40C_1v95/sta.log'[/repr.filename]…
Finished STA for the min_tt_025C_1v80 timing corner.
Logging subprocess to [repr.filename]'openframe_project_wrapper/runs/26_06_14_15_00/56-openroad-stapostpnr/min_tt_025C_1v80/filter_unannotated.log'[/repr.filename]…
Finished STA for the nom_tt_025C_1v80 timing corner.
Logging subprocess to [repr.filename]'openframe_project_wrapper/runs/26_06_14_15_00/56-openroad-stapostpnr/nom_tt_025C_1v80/filter_unannotated.log'[/repr.filename]…
Finished STA for the min_ff_n40C_1v95 timing corner.
Logging subprocess to [repr.filename]'openframe_project_wrapper/runs/26_06_14_15_00/56-openroad-stapostpnr/min_ff_n40C_1v95/filter_unannotated.log'[/repr.filename]…
Finished STA for the max_ff_n40C_1v95 timing corner.
Logging subprocess to [repr.filename]'openframe_project_wrapper/runs/26_06_14_15_00/56-openroad-stapostpnr/max_ff_n40C_1v95/filter_unannotated.log'[/repr.filename]…
Finished STA for the nom_ff_n40C_1v95 timing corner.
Finished STA for the min_ss_100C_1v60 timing corner.
Logging subprocess to [repr.filename]'openframe_project_wrapper/runs/26_06_14_15_00/56-openroad-stapostpnr/nom_ff_n40C_1v95/filter_unannotated.log'[/repr.filename]…
Logging subprocess to [repr.filename]'openframe_project_wrapper/runs/26_06_14_15_00/56-openroad-stapostpnr/min_ss_100C_1v60/filter_unannotated.log'[/repr.filename]…
Finished STA for the max_tt_025C_1v80 timing corner.
Logging subprocess to [repr.filename]'openframe_project_wrapper/runs/26_06_14_15_00/56-openroad-stapostpnr/max_tt_025C_1v80/filter_unannotated.log'[/repr.filename]…
Finished STA for the max_ss_100C_1v60 timing corner.
Logging subprocess to [repr.filename]'openframe_project_wrapper/runs/26_06_14_15_00/56-openroad-stapostpnr/max_ss_100C_1v60/filter_unannotated.log'[/repr.filename]…
Finished STA for the nom_ss_100C_1v60 timing corner.
Logging subprocess to [repr.filename]'openframe_project_wrapper/runs/26_06_14_15_00/56-openroad-stapostpnr/nom_ss_100C_1v60/filter_unannotated.log'[/repr.filename]…
Gating variable for step 'OpenROAD.IRDropReport' set to 'False'- the step will be skipped.
Skipping step 'IR Drop Report'…
Running 'Magic.StreamOut' at 'openframe_project_wrapper/runs/26_06_14_15_00/57-magic-streamout'…
Logging subprocess to [repr.filename]'openframe_project_wrapper/runs/26_06_14_15_00/57-magic-streamout/classic_fabric_chipfoundry_small.get_bbox.log'[/repr.filename]…
Logging subprocess to [repr.filename]'openframe_project_wrapper/runs/26_06_14_15_00/57-magic-streamout/classic_fabric_chipfoundry_large.get_bbox.log'[/repr.filename]…
Logging subprocess to [repr.filename]'openframe_project_wrapper/runs/26_06_14_15_00/57-magic-streamout/vccd1_connection.get_bbox.log'[/repr.filename]…
Logging subprocess to [repr.filename]'openframe_project_wrapper/runs/26_06_14_15_00/57-magic-streamout/vssd1_connection.get_bbox.log'[/repr.filename]…
Logging subprocess to [repr.filename]'openframe_project_wrapper/runs/26_06_14_15_00/57-magic-streamout/magic-streamout.log'[/repr.filename]…
Running 'KLayout.StreamOut' at 'openframe_project_wrapper/runs/26_06_14_15_00/58-klayout-streamout'…
Logging subprocess to [repr.filename]'openframe_project_wrapper/runs/26_06_14_15_00/58-klayout-streamout/klayout-streamout.log'[/repr.filename]…
Running 'Magic.WriteLEF' at 'openframe_project_wrapper/runs/26_06_14_15_00/59-magic-writelef'…
Logging subprocess to [repr.filename]'openframe_project_wrapper/runs/26_06_14_15_00/59-magic-writelef/magic-writelef.log'[/repr.filename]…
Running 'Odb.CheckDesignAntennaProperties' at 'openframe_project_wrapper/runs/26_06_14_15_00/60-odb-checkdesignantennaproperties'…
Logging subprocess to [repr.filename]'openframe_project_wrapper/runs/26_06_14_15_00/60-odb-checkdesignantennaproperties/odb-checkdesignantennaproperties.log'[/repr.filename]…
Cell 'openframe_project_wrapper' has (88) inout pin(s) without anetnna gate information not antenna diffusion information. They might be disconnected.
Cell 'openframe_project_wrapper' has (52) input pin(s) without antenna gate information. They might not be connected to a gate.
Cell 'openframe_project_wrapper' has (13) output pin(s) without antenna diffusion information. They might not be driven.
Running 'KLayout.XOR' at 'openframe_project_wrapper/runs/26_06_14_15_00/61-klayout-xor'…
Running XOR with 16 threads…
Logging subprocess to [repr.filename]'openframe_project_wrapper/runs/26_06_14_15_00/61-klayout-xor/klayout-xor.log'[/repr.filename]…
Running 'Checker.XOR' at 'openframe_project_wrapper/runs/26_06_14_15_00/62-checker-xor'…
Check for XOR differences clear.
Running 'Magic.DRC' at 'openframe_project_wrapper/runs/26_06_14_15_00/63-magic-drc'…
Logging subprocess to [repr.filename]'openframe_project_wrapper/runs/26_06_14_15_00/63-magic-drc/magic-drc.log'[/repr.filename]…
Running 'KLayout.DRC' at 'openframe_project_wrapper/runs/26_06_14_15_00/64-klayout-drc'…
Running KLayout DRC with 16 threads…
Logging subprocess to [repr.filename]'openframe_project_wrapper/runs/26_06_14_15_00/64-klayout-drc/klayout-drc.log'[/repr.filename]…
Logging subprocess to [repr.filename]'openframe_project_wrapper/runs/26_06_14_15_00/64-klayout-drc/xml_drc_report_to_json.log'[/repr.filename]…
Running 'Checker.MagicDRC' at 'openframe_project_wrapper/runs/26_06_14_15_00/65-checker-magicdrc'…
Check for Magic DRC errors clear.
Running 'Checker.KLayoutDRC' at 'openframe_project_wrapper/runs/26_06_14_15_00/66-checker-klayoutdrc'…
Check for KLayout DRC errors clear.
Running 'Magic.SpiceExtraction' at 'openframe_project_wrapper/runs/26_06_14_15_00/67-magic-spiceextraction'…
Logging subprocess to [repr.filename]'openframe_project_wrapper/runs/26_06_14_15_00/67-magic-spiceextraction/magic-spiceextraction.log'[/repr.filename]…
Running 'Checker.IllegalOverlap' at 'openframe_project_wrapper/runs/26_06_14_15_00/68-checker-illegaloverlap'…
Check for Magic Illegal Overlap errors clear.
Gating variable for step 'Netgen.LVS' set to 'False'- the step will be skipped.
Skipping step 'Netgen LVS'…
Gating variable for step 'Checker.LVS' set to 'False'- the step will be skipped.
Skipping step 'LVS Error Checker'…
Gating variable for step 'Yosys.EQY' set to 'False'- the step will be skipped.
Skipping step 'Equivalence Check'…
Running 'Checker.SetupViolations' at 'openframe_project_wrapper/runs/26_06_14_15_00/69-checker-setupviolations'…
No setup violations found
Running 'Checker.HoldViolations' at 'openframe_project_wrapper/runs/26_06_14_15_00/70-checker-holdviolations'…
No hold violations found
Running 'Checker.MaxSlewViolations' at 'openframe_project_wrapper/runs/26_06_14_15_00/71-checker-maxslewviolations'…
Max Slew violations found in the following corners:
* max_ff_n40C_1v95
* max_ss_100C_1v60
* max_tt_025C_1v80
* min_ff_n40C_1v95
* min_ss_100C_1v60
* min_tt_025C_1v80
* nom_ff_n40C_1v95
* nom_ss_100C_1v60
* nom_tt_025C_1v80
No max slew violations found
Running 'Checker.MaxCapViolations' at 'openframe_project_wrapper/runs/26_06_14_15_00/72-checker-maxcapviolations'…
Max Cap violations found in the following corners:
* max_ff_n40C_1v95
* max_ss_100C_1v60
* max_tt_025C_1v80
* min_ff_n40C_1v95
* min_ss_100C_1v60
* min_tt_025C_1v80
* nom_ff_n40C_1v95
* nom_ss_100C_1v60
* nom_tt_025C_1v80
No max cap violations found
Running 'Misc.ReportManufacturability' at 'openframe_project_wrapper/runs/26_06_14_15_00/73-misc-reportmanufacturability'…
'design__lvs_error__count' not reported. Netgen.LVS may have been skipped.
Saving views to '/home/ank/Desktop/WORK/T_4/CF_FPGA_testchip/openlane/openframe_project_wrapper/runs/26_06_14_15_00/final'…
Flow complete.
