
===========================================================================
report_checks -unconstrained
===========================================================================
======================= max_ss_100C_1v60 Corner ===================================

Startpoint: _4020_ (rising edge-triggered flip-flop clocked by clk)
Endpoint: _3686_ (recovery check against rising-edge clock clk)
Path Group: asynchronous
Path Type: max

Fanout         Cap        Slew       Delay        Time   Description
---------------------------------------------------------------------------------------------
                                  0.000000    0.000000   clock clk (rise edge)
                                  0.000000    0.000000   clock source latency
     2    0.205536    1.190000    0.000000    0.000000 ^ gpio_in[38] (in)
                                                         gpio_in[38] (net)
                      1.489801    0.157395    0.157395 ^ clkbuf_0_gpio_in[38]/A (sky130_fd_sc_hd__clkbuf_16)
     5    0.303272    0.453669    0.948157    1.105552 ^ clkbuf_0_gpio_in[38]/X (sky130_fd_sc_hd__clkbuf_16)
                                                         clknet_0_gpio_in[38] (net)
                      0.453953    0.012125    1.117677 ^ clkbuf_1_0_0_gpio_in[38]/A (sky130_fd_sc_hd__clkbuf_8)
     3    0.028430    0.107882    0.441601    1.559278 ^ clkbuf_1_0_0_gpio_in[38]/X (sky130_fd_sc_hd__clkbuf_8)
                                                         clknet_1_0_0_gpio_in[38] (net)
                      0.108107    0.004613    1.563891 ^ clkbuf_1_0_1_gpio_in[38]/A (sky130_fd_sc_hd__clkbuf_8)
     5    0.075476    0.218671    0.366986    1.930876 ^ clkbuf_1_0_1_gpio_in[38]/X (sky130_fd_sc_hd__clkbuf_8)
                                                         clknet_1_0_1_gpio_in[38] (net)
                      0.222052    0.022739    1.953616 ^ clkbuf_2_1_0_gpio_in[38]/A (sky130_fd_sc_hd__clkbuf_8)
     5    0.079843    0.230390    0.427848    2.381464 ^ clkbuf_2_1_0_gpio_in[38]/X (sky130_fd_sc_hd__clkbuf_8)
                                                         clknet_2_1_0_gpio_in[38] (net)
                      0.235467    0.028499    2.409962 ^ clkbuf_3_2_0_gpio_in[38]/A (sky130_fd_sc_hd__clkbuf_8)
    29    0.355708    0.927433    0.814685    3.224647 ^ clkbuf_3_2_0_gpio_in[38]/X (sky130_fd_sc_hd__clkbuf_8)
                                                         clknet_3_2_0_gpio_in[38] (net)
                      0.932503    0.064189    3.288836 ^ clkbuf_leaf_58_gpio_in[38]/A (sky130_fd_sc_hd__clkbuf_8)
     7    0.062757    0.194790    0.678408    3.967244 ^ clkbuf_leaf_58_gpio_in[38]/X (sky130_fd_sc_hd__clkbuf_8)
                                                         clknet_leaf_58_gpio_in[38] (net)
                      0.194833    0.002985    3.970229 ^ _4020_/CLK (sky130_fd_sc_hd__dfrtp_4)
     3    0.024753    0.175829    1.002816    4.973045 ^ _4020_/Q (sky130_fd_sc_hd__dfrtp_4)
                                                         u_chip_core.fabric_spi_controller.rst_ni (net)
                      0.175930    0.003699    4.976744 ^ hold1449/A (sky130_fd_sc_hd__dlygate4sd3_1)
     3    0.025367    0.404017    1.406862    6.383606 ^ hold1449/X (sky130_fd_sc_hd__dlygate4sd3_1)
                                                         net2902 (net)
                      0.404044    0.003873    6.387479 ^ hold1445/A (sky130_fd_sc_hd__clkbuf_4)
     3    0.052406    0.260822    0.558214    6.945693 ^ hold1445/X (sky130_fd_sc_hd__clkbuf_4)
                                                         net2898 (net)
                      0.262048    0.015155    6.960848 ^ wire1313/A (sky130_fd_sc_hd__buf_12)
     5    0.286306    0.473767    0.429975    7.390823 ^ wire1313/X (sky130_fd_sc_hd__buf_12)
                                                         net1313 (net)
                      0.738414    0.307656    7.698479 ^ wire1312/A (sky130_fd_sc_hd__clkbuf_16)
     5    0.174211    0.290591    0.638367    8.336845 ^ wire1312/X (sky130_fd_sc_hd__clkbuf_16)
                                                         net1312 (net)
                      0.360434    0.114972    8.451818 ^ _1490_/C_N (sky130_fd_sc_hd__nor3b_1)
     1    0.003027    0.294390    0.442794    8.894611 ^ _1490_/Y (sky130_fd_sc_hd__nor3b_1)
                                                         u_chip_core.fabric_config_large.rst_ni (net)
                      0.294390    0.000217    8.894828 ^ hold1289/A (sky130_fd_sc_hd__dlygate4sd3_1)
     1    0.003908    0.105923    1.198363   10.093191 ^ hold1289/X (sky130_fd_sc_hd__dlygate4sd3_1)
                                                         net2742 (net)
                      0.105923    0.000273   10.093464 ^ wire1283/A (sky130_fd_sc_hd__clkbuf_2)
     1    0.005375    0.066031    0.211217   10.304681 ^ wire1283/X (sky130_fd_sc_hd__clkbuf_2)
                                                         net1283 (net)
                      0.066032    0.000398   10.305079 ^ hold1290/A (sky130_fd_sc_hd__dlygate4sd3_1)
     1    0.009189    0.177980    1.176789   11.481868 ^ hold1290/X (sky130_fd_sc_hd__dlygate4sd3_1)
                                                         net2743 (net)
                      0.178192    0.000814   11.482682 ^ wire1282/A (sky130_fd_sc_hd__clkbuf_2)
     2    0.018381    0.166244    0.327317   11.809999 ^ wire1282/X (sky130_fd_sc_hd__clkbuf_2)
                                                         net1282 (net)
                      0.166260    0.001781   11.811780 ^ fanout1259/A (sky130_fd_sc_hd__buf_12)
    11    0.632784    0.869969    0.631137   12.442917 ^ fanout1259/X (sky130_fd_sc_hd__buf_12)
                                                         net1259 (net)
                      1.957544    0.923913   13.366831 ^ fanout1256/A (sky130_fd_sc_hd__buf_8)
    11    0.114803    0.308271    0.834004   14.200834 ^ fanout1256/X (sky130_fd_sc_hd__buf_8)
                                                         net1256 (net)
                      0.312486    0.030112   14.230947 ^ fanout1255/A (sky130_fd_sc_hd__buf_8)
    17    0.198989    0.499028    0.547867   14.778813 ^ fanout1255/X (sky130_fd_sc_hd__buf_8)
                                                         net1255 (net)
                      0.499079    0.004869   14.783682 ^ fanout1253/A (sky130_fd_sc_hd__buf_2)
    11    0.064693    0.496299    0.710587   15.494269 ^ fanout1253/X (sky130_fd_sc_hd__buf_2)
                                                         net1253 (net)
                      0.496320    0.002910   15.497179 ^ fanout1252/A (sky130_fd_sc_hd__clkbuf_4)
    17    0.069854    0.337213    0.660037   16.157217 ^ fanout1252/X (sky130_fd_sc_hd__clkbuf_4)
                                                         net1252 (net)
                      0.338037    0.012978   16.170195 ^ _3686_/RESET_B (sky130_fd_sc_hd__dfrtp_4)
                                             16.170195   data arrival time

                                 40.000000   40.000000   clock clk (rise edge)
                                  0.000000   40.000000   clock source latency
     2    0.205536    1.000000    0.000000   40.000000 ^ gpio_in[38] (in)
                                                         gpio_in[38] (net)
                      1.299801    0.142407   40.142406 ^ clkbuf_0_gpio_in[38]/A (sky130_fd_sc_hd__clkbuf_16)
     5    0.303272    0.452397    0.806960   40.949368 ^ clkbuf_0_gpio_in[38]/X (sky130_fd_sc_hd__clkbuf_16)
                                                         clknet_0_gpio_in[38] (net)
                      0.452681    0.010971   40.960339 ^ clkbuf_1_0_0_gpio_in[38]/A (sky130_fd_sc_hd__clkbuf_8)
     3    0.028430    0.107861    0.399037   41.359375 ^ clkbuf_1_0_0_gpio_in[38]/X (sky130_fd_sc_hd__clkbuf_8)
                                                         clknet_1_0_0_gpio_in[38] (net)
                      0.108087    0.004171   41.363548 ^ clkbuf_1_0_1_gpio_in[38]/A (sky130_fd_sc_hd__clkbuf_8)
     5    0.075476    0.218671    0.332026   41.695572 ^ clkbuf_1_0_1_gpio_in[38]/X (sky130_fd_sc_hd__clkbuf_8)
                                                         clknet_1_0_1_gpio_in[38] (net)
                      0.221768    0.019718   41.715290 ^ clkbuf_2_0_0_gpio_in[38]/A (sky130_fd_sc_hd__clkbuf_8)
     5    0.095973    0.270545    0.414609   42.129898 ^ clkbuf_2_0_0_gpio_in[38]/X (sky130_fd_sc_hd__clkbuf_8)
                                                         clknet_2_0_0_gpio_in[38] (net)
                      0.274621    0.025267   42.155167 ^ clkbuf_3_0_0_gpio_in[38]/A (sky130_fd_sc_hd__clkbuf_8)
    19    0.203567    0.537942    0.619480   42.774647 ^ clkbuf_3_0_0_gpio_in[38]/X (sky130_fd_sc_hd__clkbuf_8)
                                                         clknet_3_0_0_gpio_in[38] (net)
                      0.540499    0.028841   42.803486 ^ clkbuf_leaf_62_gpio_in[38]/A (sky130_fd_sc_hd__clkbuf_8)
    11    0.058149    0.177444    0.488569   43.292057 ^ clkbuf_leaf_62_gpio_in[38]/X (sky130_fd_sc_hd__clkbuf_8)
                                                         clknet_leaf_62_gpio_in[38] (net)
                      0.177462    0.001847   43.293903 ^ _3686_/CLK (sky130_fd_sc_hd__dfrtp_4)
                                 -0.100000   43.193905   clock uncertainty
                                  0.235304   43.429207   clock reconvergence pessimism
                                  0.355002   43.784210   library recovery time
                                             43.784210   data required time
---------------------------------------------------------------------------------------------
                                             43.784210   data required time
                                            -16.170195   data arrival time
---------------------------------------------------------------------------------------------
                                             27.614016   slack (MET)


Startpoint: _3668_ (rising edge-triggered flip-flop clocked by clk)
Endpoint: _3636_ (rising edge-triggered flip-flop clocked by clk)
Path Group: clk
Path Type: max

Fanout         Cap        Slew       Delay        Time   Description
---------------------------------------------------------------------------------------------
                                  0.000000    0.000000   clock clk (rise edge)
                                  0.000000    0.000000   clock source latency
     2    0.205536    1.190000    0.000000    0.000000 ^ gpio_in[38] (in)
                                                         gpio_in[38] (net)
                      1.489801    0.157395    0.157395 ^ clkbuf_0_gpio_in[38]/A (sky130_fd_sc_hd__clkbuf_16)
     5    0.303272    0.453669    0.948157    1.105552 ^ clkbuf_0_gpio_in[38]/X (sky130_fd_sc_hd__clkbuf_16)
                                                         clknet_0_gpio_in[38] (net)
                      0.628862    0.231927    1.337479 ^ clkbuf_1_1_0_gpio_in[38]/A (sky130_fd_sc_hd__clkbuf_8)
     3    0.097422    0.279413    0.634573    1.972052 ^ clkbuf_1_1_0_gpio_in[38]/X (sky130_fd_sc_hd__clkbuf_8)
                                                         clknet_1_1_0_gpio_in[38] (net)
                      0.288439    0.041616    2.013668 ^ clkbuf_1_1_1_gpio_in[38]/A (sky130_fd_sc_hd__clkbuf_8)
     5    0.101181    0.285483    0.491647    2.505315 ^ clkbuf_1_1_1_gpio_in[38]/X (sky130_fd_sc_hd__clkbuf_8)
                                                         clknet_1_1_1_gpio_in[38] (net)
                      0.292461    0.037254    2.542568 ^ clkbuf_2_3_0_gpio_in[38]/A (sky130_fd_sc_hd__clkbuf_8)
     5    0.105482    0.296365    0.498614    3.041182 ^ clkbuf_2_3_0_gpio_in[38]/X (sky130_fd_sc_hd__clkbuf_8)
                                                         clknet_2_3_0_gpio_in[38] (net)
                      0.308145    0.048755    3.089937 ^ clkbuf_3_6_0_gpio_in[38]/A (sky130_fd_sc_hd__clkbuf_8)
    15    0.221190    0.585032    0.662262    3.752200 ^ clkbuf_3_6_0_gpio_in[38]/X (sky130_fd_sc_hd__clkbuf_8)
                                                         clknet_3_6_0_gpio_in[38] (net)
                      0.618422    0.113570    3.865770 ^ clkbuf_leaf_4_gpio_in[38]/A (sky130_fd_sc_hd__clkbuf_8)
    49    0.120488    0.331435    0.691335    4.557105 ^ clkbuf_leaf_4_gpio_in[38]/X (sky130_fd_sc_hd__clkbuf_8)
                                                         clknet_leaf_4_gpio_in[38] (net)
                      0.332632    0.016082    4.573187 ^ _3668_/CLK (sky130_fd_sc_hd__dfrtp_4)
     9    0.107276    0.335443    1.440688    6.013875 v _3668_/Q (sky130_fd_sc_hd__dfrtp_4)
                                                         u_chip_core.fabric_config_large.row_select[0] (net)
                      0.336881    0.017248    6.031123 v hold1702/A (sky130_fd_sc_hd__dlygate4sd3_1)
     1    0.011884    0.195331    1.432850    7.463973 v hold1702/X (sky130_fd_sc_hd__dlygate4sd3_1)
                                                         net3155 (net)
                      0.195660    0.001083    7.465055 v hold1606/A (sky130_fd_sc_hd__buf_2)
     9    0.080297    0.346985    0.571476    8.036531 v hold1606/X (sky130_fd_sc_hd__buf_2)
                                                         net3059 (net)
                      0.347422    0.009272    8.045803 v _1601_/A (sky130_fd_sc_hd__or2_4)
    11    0.185334    0.454188    0.967730    9.013534 v _1601_/X (sky130_fd_sc_hd__or2_4)
                                                         _0877_ (net)
                      0.454395    0.009048    9.022581 v hold1607/A (sky130_fd_sc_hd__dlygate4sd3_1)
     1    0.015553    0.219393    1.527892   10.550473 v hold1607/X (sky130_fd_sc_hd__dlygate4sd3_1)
                                                         net3060 (net)
                      0.219393    0.001496   10.551969 v _1602_/B (sky130_fd_sc_hd__or2_2)
     7    0.051606    0.331844    0.992179   11.544147 v _1602_/X (sky130_fd_sc_hd__or2_2)
                                                         _0878_ (net)
                      0.332379    0.012344   11.556491 v _1603_/B (sky130_fd_sc_hd__or2_4)
     7    0.254406    0.602657    0.949406   12.505898 v _1603_/X (sky130_fd_sc_hd__or2_4)
                                                         _0879_ (net)
                      0.602725    0.006397   12.512294 v hold1608/A (sky130_fd_sc_hd__dlygate4sd3_1)
     1    0.005824    0.134558    1.497821   14.010115 v hold1608/X (sky130_fd_sc_hd__dlygate4sd3_1)
                                                         net3061 (net)
                      0.134558    0.000422   14.010536 v _1604_/B (sky130_fd_sc_hd__nor2_2)
     5    0.068056    1.196047    0.983685   14.994222 ^ _1604_/Y (sky130_fd_sc_hd__nor2_2)
                                                         _0000_ (net)
                      1.196429    0.018883   15.013104 ^ wire752/A (sky130_fd_sc_hd__clkbuf_8)
     3    0.147872    0.404529    0.871708   15.884812 ^ wire752/X (sky130_fd_sc_hd__clkbuf_8)
                                                         net752 (net)
                      0.447413    0.106217   15.991030 ^ wire751/A (sky130_fd_sc_hd__clkbuf_16)
     3    0.144231    0.244400    0.538245   16.529274 ^ wire751/X (sky130_fd_sc_hd__clkbuf_16)
                                                         net751 (net)
                      0.247821    0.024327   16.553602 ^ wire750/A (sky130_fd_sc_hd__buf_12)
     4    0.139708    0.258273    0.377440   16.931042 ^ wire750/X (sky130_fd_sc_hd__buf_12)
                                                         net750 (net)
                      0.299226    0.082109   17.013151 ^ fanout749/A (sky130_fd_sc_hd__clkbuf_2)
     5    0.034921    0.300788    0.477723   17.490873 ^ fanout749/X (sky130_fd_sc_hd__clkbuf_2)
                                                         net749 (net)
                      0.300794    0.001990   17.492863 ^ fanout746/A (sky130_fd_sc_hd__clkbuf_2)
     5    0.030451    0.264696    0.451511   17.944374 ^ fanout746/X (sky130_fd_sc_hd__clkbuf_2)
                                                         net746 (net)
                      0.264703    0.001927   17.946301 ^ fanout745/A (sky130_fd_sc_hd__clkbuf_4)
    10    0.058396    0.285556    0.518606   18.464907 ^ fanout745/X (sky130_fd_sc_hd__clkbuf_4)
                                                         net745 (net)
                      0.285585    0.003181   18.468088 ^ _2480_/S (sky130_fd_sc_hd__mux2_1)
     1    0.009272    0.177098    0.898638   19.366726 v _2480_/X (sky130_fd_sc_hd__mux2_1)
                                                         _0434_ (net)
                      0.177098    0.000819   19.367544 v hold1529/A (sky130_fd_sc_hd__dlygate4sd3_1)
     1    0.004934    0.129064    1.268514   20.636059 v hold1529/X (sky130_fd_sc_hd__dlygate4sd3_1)
                                                         net2982 (net)
                      0.129064    0.000368   20.636427 v _3636_/D (sky130_fd_sc_hd__dfxtp_1)
                                             20.636427   data arrival time

                                 40.000000   40.000000   clock clk (rise edge)
                                  0.000000   40.000000   clock source latency
     2    0.205536    1.000000    0.000000   40.000000 ^ gpio_in[38] (in)
                                                         gpio_in[38] (net)
                      1.299801    0.142407   40.142406 ^ clkbuf_0_gpio_in[38]/A (sky130_fd_sc_hd__clkbuf_16)
     5    0.303272    0.452397    0.806960   40.949368 ^ clkbuf_0_gpio_in[38]/X (sky130_fd_sc_hd__clkbuf_16)
                                                         clknet_0_gpio_in[38] (net)
                      0.628049    0.210132   41.159500 ^ clkbuf_1_1_0_gpio_in[38]/A (sky130_fd_sc_hd__clkbuf_8)
     3    0.097422    0.279405    0.573809   41.733311 ^ clkbuf_1_1_0_gpio_in[38]/X (sky130_fd_sc_hd__clkbuf_8)
                                                         clknet_1_1_0_gpio_in[38] (net)
                      0.288431    0.037652   41.770962 ^ clkbuf_1_1_1_gpio_in[38]/A (sky130_fd_sc_hd__clkbuf_8)
     5    0.101181    0.285483    0.444821   42.215782 ^ clkbuf_1_1_1_gpio_in[38]/X (sky130_fd_sc_hd__clkbuf_8)
                                                         clknet_1_1_1_gpio_in[38] (net)
                      0.293534    0.036088   42.251869 ^ clkbuf_2_2_0_gpio_in[38]/A (sky130_fd_sc_hd__clkbuf_8)
     5    0.099845    0.281670    0.446583   42.698456 ^ clkbuf_2_2_0_gpio_in[38]/X (sky130_fd_sc_hd__clkbuf_8)
                                                         clknet_2_2_0_gpio_in[38] (net)
                      0.288174    0.032337   42.730789 ^ clkbuf_3_5_0_gpio_in[38]/A (sky130_fd_sc_hd__clkbuf_8)
    19    0.303822    0.799279    0.662634   43.393425 ^ clkbuf_3_5_0_gpio_in[38]/X (sky130_fd_sc_hd__clkbuf_8)
                                                         clknet_3_5_0_gpio_in[38] (net)
                      0.906630    0.213628   43.607052 ^ clkbuf_leaf_32_gpio_in[38]/A (sky130_fd_sc_hd__clkbuf_8)
     3    0.048682    0.161433    0.581764   44.188816 ^ clkbuf_leaf_32_gpio_in[38]/X (sky130_fd_sc_hd__clkbuf_8)
                                                         clknet_leaf_32_gpio_in[38] (net)
                      0.161466    0.002185   44.191002 ^ _3636_/CLK (sky130_fd_sc_hd__dfxtp_1)
                                 -0.100000   44.091003   clock uncertainty
                                  0.289533   44.380535   clock reconvergence pessimism
                                 -0.268857   44.111679   library setup time
                                             44.111679   data required time
---------------------------------------------------------------------------------------------
                                             44.111679   data required time
                                            -20.636427   data arrival time
---------------------------------------------------------------------------------------------
                                             23.475250   slack (MET)




===========================================================================
report_checks --slack_max -0.01
============================================================================
======================= max_ss_100C_1v60 Corner ===================================

No paths found.


===========================================================================
 report_check_types -max_slew -max_cap -max_fanout -violators
============================================================================
======================= max_ss_100C_1v60 Corner ===================================

max slew

Pin                                        Limit        Slew       Slack
------------------------------------------------------------------------
wire932/A                               1.500000   18.148844  -16.648844 (VIOLATED)
ANTENNA_wire932_A/DIODE                 1.500000   18.148571  -16.648571 (VIOLATED)
wire941/A                               1.500000   18.091328  -16.591328 (VIOLATED)
ANTENNA_wire941_A/DIODE                 1.500000   18.091244  -16.591244 (VIOLATED)
_1504_/A                                1.500000    8.163510   -6.663510 (VIOLATED)
ANTENNA__1504__A/DIODE                  1.500000    8.163501   -6.663501 (VIOLATED)
wire1032/A                              1.500000    7.638730   -6.138730 (VIOLATED)
ANTENNA_wire1032_A/DIODE                1.500000    7.638010   -6.138010 (VIOLATED)
wire1036/A                              1.500000    7.362113   -5.862113 (VIOLATED)
ANTENNA_wire1036_A/DIODE                1.500000    7.361737   -5.861737 (VIOLATED)
load_slew1431/A                         1.500000    6.851997   -5.351997 (VIOLATED)
ANTENNA_load_slew1431_A/DIODE           1.500000    6.851878   -5.351878 (VIOLATED)
wire1034/A                              1.500000    6.794508   -5.294508 (VIOLATED)
ANTENNA_wire1034_A/DIODE                1.500000    6.794114   -5.294114 (VIOLATED)
ANTENNA__1509__A/DIODE                  1.500000    6.481215   -4.981215 (VIOLATED)
_1509_/A                                1.500000    6.481215   -4.981215 (VIOLATED)
_1485_/A                                1.500000    6.453090   -4.953091 (VIOLATED)
ANTENNA__1485__A/DIODE                  1.500000    6.453070   -4.953070 (VIOLATED)
ANTENNA_wire854_A/DIODE                 1.500000    6.064249   -4.564249 (VIOLATED)
wire854/A                               1.500000    6.064253   -4.564253 (VIOLATED)
ANTENNA__1582__Y/DIODE                  1.500000    6.060243   -4.560243 (VIOLATED)
_1582_/Y                                1.500000    6.060227   -4.560227 (VIOLATED)
ANTENNA__1510__A/DIODE                  1.500000    5.867368   -4.367368 (VIOLATED)
_1510_/A                                1.500000    5.865415   -4.365415 (VIOLATED)
_1500_/A                                1.500000    5.424588   -3.924588 (VIOLATED)
ANTENNA__1500__A/DIODE                  1.500000    5.424428   -3.924428 (VIOLATED)
load_slew1405/A                         1.500000    5.412468   -3.912468 (VIOLATED)
ANTENNA_load_slew1405_A/DIODE           1.500000    5.412307   -3.912307 (VIOLATED)
wire950/A                               1.500000    5.192975   -3.692975 (VIOLATED)
ANTENNA_235/DIODE                       1.500000    5.192960   -3.692961 (VIOLATED)
ANTENNA_236/DIODE                       1.500000    5.192964   -3.692964 (VIOLATED)
ANTENNA_wire950_A/DIODE                 1.500000    5.192845   -3.692845 (VIOLATED)
ANTENNA_237/DIODE                       1.500000    5.192841   -3.692841 (VIOLATED)
ANTENNA_238/DIODE                       1.500000    5.192836   -3.692836 (VIOLATED)
ANTENNA_239/DIODE                       1.500000    5.192830   -3.692829 (VIOLATED)
ANTENNA_240/DIODE                       1.500000    5.192823   -3.692823 (VIOLATED)
_1535_/X                                1.499543    5.165402   -3.665859 (VIOLATED)
ANTENNA__1535__X/DIODE                  1.500000    5.165543   -3.665543 (VIOLATED)
ANTENNA_wire951_X/DIODE                 1.500000    4.921980   -3.421980 (VIOLATED)
wire951/X                               1.500000    4.921919   -3.421920 (VIOLATED)
_1503_/A                                1.500000    4.894765   -3.394765 (VIOLATED)
ANTENNA__1503__A/DIODE                  1.500000    4.894745   -3.394745 (VIOLATED)
wire1024/A                              1.500000    4.625423   -3.125423 (VIOLATED)
ANTENNA_wire1024_A/DIODE                1.500000    4.625137   -3.125137 (VIOLATED)
ANTENNA_211/DIODE                       1.500000    4.535520   -3.035520 (VIOLATED)
ANTENNA_209/DIODE                       1.500000    4.532627   -3.032627 (VIOLATED)
ANTENNA_207/DIODE                       1.500000    4.532006   -3.032007 (VIOLATED)
ANTENNA_205/DIODE                       1.500000    4.531486   -3.031486 (VIOLATED)
ANTENNA_203/DIODE                       1.500000    4.530992   -3.030992 (VIOLATED)
ANTENNA_wire933_X/DIODE                 1.500000    4.530558   -3.030558 (VIOLATED)
ANTENNA_212/DIODE                       1.500000    4.530199   -3.030199 (VIOLATED)
ANTENNA_206/DIODE                       1.500000    4.530195   -3.030195 (VIOLATED)
ANTENNA_208/DIODE                       1.500000    4.530197   -3.030197 (VIOLATED)
ANTENNA_210/DIODE                       1.500000    4.530198   -3.030198 (VIOLATED)
ANTENNA_204/DIODE                       1.500000    4.530188   -3.030188 (VIOLATED)
ANTENNA_202/DIODE                       1.500000    4.529428   -3.029428 (VIOLATED)
wire933/X                               1.500000    4.528745   -3.028745 (VIOLATED)
wire909/A                               1.500000    4.388184   -2.888184 (VIOLATED)
ANTENNA_wire909_A/DIODE                 1.500000    4.388169   -2.888169 (VIOLATED)
ANTENNA__1576__Y/DIODE                  1.500000    4.274705   -2.774705 (VIOLATED)
_1576_/Y                                1.500000    4.274668   -2.774668 (VIOLATED)
ANTENNA_wire942_X/DIODE                 1.500000    4.038847   -2.538848 (VIOLATED)
wire942/X                               1.500000    4.038480   -2.538480 (VIOLATED)
wire1428/A                              1.500000    3.914364   -2.414364 (VIOLATED)
ANTENNA_wire1428_A/DIODE                1.500000    3.914020   -2.414020 (VIOLATED)
_1506_/A                                1.500000    3.793059   -2.293059 (VIOLATED)
ANTENNA__1506__A/DIODE                  1.500000    3.793038   -2.293038 (VIOLATED)
ANTENNA__2504__A1/DIODE                 1.500000    3.724401   -2.224401 (VIOLATED)
_2504_/A1                               1.500000    3.724370   -2.224370 (VIOLATED)
_1505_/A                                1.500000    3.671633   -2.171633 (VIOLATED)
ANTENNA__1505__A/DIODE                  1.500000    3.671625   -2.171625 (VIOLATED)
ANTENNA_wire873_A/DIODE                 1.500000    3.616310   -2.116310 (VIOLATED)
wire873/A                               1.500000    3.616307   -2.116308 (VIOLATED)
ANTENNA__1580__Y/DIODE                  1.500000    3.541820   -2.041820 (VIOLATED)
_1580_/Y                                1.500000    3.541799   -2.041799 (VIOLATED)
_1508_/A                                1.500000    3.528620   -2.028620 (VIOLATED)
ANTENNA__1508__A/DIODE                  1.500000    3.528590   -2.028590 (VIOLATED)
ANTENNA__2503__A1/DIODE                 1.500000    3.480813   -1.980813 (VIOLATED)
_2503_/A1                               1.500000    3.480778   -1.980778 (VIOLATED)
_2493_/A1                               1.500000    3.381030   -1.881030 (VIOLATED)
ANTENNA__2493__A1/DIODE                 1.500000    3.380863   -1.880864 (VIOLATED)
wire1021/A                              1.500000    3.321679   -1.821679 (VIOLATED)
ANTENNA_wire1021_A/DIODE                1.500000    3.321604   -1.821604 (VIOLATED)
ANTENNA_1/DIODE                         1.500000    3.321562   -1.821562 (VIOLATED)
ANTENNA__2487__A1/DIODE                 1.500000    3.311791   -1.811791 (VIOLATED)
_2487_/A1                               1.500000    3.311718   -1.811719 (VIOLATED)
ANTENNA_359/DIODE                       1.500000    3.311668   -1.811668 (VIOLATED)
_1545_/X                                1.498428    3.207200   -1.708772 (VIOLATED)
ANTENNA__1545__X/DIODE                  1.500000    3.207233   -1.707233 (VIOLATED)
load_slew1388/A                         1.500000    3.153690   -1.653690 (VIOLATED)
ANTENNA_301/DIODE                       1.500000    3.153586   -1.653586 (VIOLATED)
ANTENNA_300/DIODE                       1.500000    3.153578   -1.653578 (VIOLATED)
ANTENNA_load_slew1388_A/DIODE           1.500000    3.153508   -1.653508 (VIOLATED)
ANTENNA_298/DIODE                       1.500000    3.153301   -1.653301 (VIOLATED)
ANTENNA_299/DIODE                       1.500000    3.153273   -1.653273 (VIOLATED)
ANTENNA_281/DIODE                       1.500000    3.138177   -1.638177 (VIOLATED)
ANTENNA_279/DIODE                       1.500000    3.129910   -1.629910 (VIOLATED)
ANTENNA_277/DIODE                       1.500000    3.105003   -1.605003 (VIOLATED)
ANTENNA_275/DIODE                       1.500000    3.096460   -1.596460 (VIOLATED)
fanout1122/A                            1.500000    3.094999   -1.594999 (VIOLATED)
ANTENNA_fanout1122_A/DIODE              1.500000    3.094635   -1.594635 (VIOLATED)
ANTENNA_274/DIODE                       1.500000    3.092028   -1.592028 (VIOLATED)
ANTENNA_278/DIODE                       1.500000    3.089962   -1.589962 (VIOLATED)
ANTENNA_276/DIODE                       1.500000    3.082280   -1.582280 (VIOLATED)
ANTENNA_wire1035_X/DIODE                1.500000    3.080486   -1.580486 (VIOLATED)
wire1035/X                              1.500000    3.079660   -1.579660 (VIOLATED)
_1339_/Y                                1.478512    3.039363   -1.560851 (VIOLATED)
ANTENNA_280/DIODE                       1.500000    3.060525   -1.560525 (VIOLATED)
ANTENNA_282/DIODE                       1.500000    3.043452   -1.543452 (VIOLATED)
wire1108/A                              1.500000    3.040246   -1.540246 (VIOLATED)
ANTENNA_wire1108_A/DIODE                1.500000    3.040240   -1.540240 (VIOLATED)
ANTENNA__1339__Y/DIODE                  1.500000    3.039363   -1.539363 (VIOLATED)
ANTENNA__2476__A1/DIODE                 1.500000    2.749363   -1.249364 (VIOLATED)
_2476_/A1                               1.500000    2.749362   -1.249362 (VIOLATED)
fanout1125/A                            1.500000    2.728253   -1.228253 (VIOLATED)
ANTENNA_fanout1125_A/DIODE              1.500000    2.727243   -1.227243 (VIOLATED)
_2484_/A1                               1.500000    2.725182   -1.225182 (VIOLATED)
ANTENNA__2484__A1/DIODE                 1.500000    2.725171   -1.225171 (VIOLATED)
ANTENNA__2479__A1/DIODE                 1.500000    2.677754   -1.177754 (VIOLATED)
_2479_/A1                               1.500000    2.677735   -1.177735 (VIOLATED)
_2486_/A1                               1.500000    2.677040   -1.177040 (VIOLATED)
ANTENNA__2486__A1/DIODE                 1.500000    2.677031   -1.177031 (VIOLATED)
_2475_/A1                               1.500000    2.668084   -1.168085 (VIOLATED)
ANTENNA__2475__A1/DIODE                 1.500000    2.668061   -1.168061 (VIOLATED)
wire1419/A                              1.500000    2.662480   -1.162480 (VIOLATED)
ANTENNA_177/DIODE                       1.500000    2.662266   -1.162266 (VIOLATED)
ANTENNA_178/DIODE                       1.500000    2.662253   -1.162253 (VIOLATED)
ANTENNA_179/DIODE                       1.500000    2.661623   -1.161623 (VIOLATED)
ANTENNA_wire1419_A/DIODE                1.500000    2.661605   -1.161605 (VIOLATED)
ANTENNA_180/DIODE                       1.500000    2.661584   -1.161584 (VIOLATED)
ANTENNA__2505__A1/DIODE                 1.500000    2.631469   -1.131469 (VIOLATED)
_2505_/A1                               1.500000    2.631313   -1.131313 (VIOLATED)
ANTENNA_294/DIODE                       1.500000    2.631259   -1.131260 (VIOLATED)
wire1028/A                              1.500000    2.565790   -1.065790 (VIOLATED)
ANTENNA_wire1028_A/DIODE                1.500000    2.565687   -1.065687 (VIOLATED)
_2494_/A1                               1.500000    2.555790   -1.055791 (VIOLATED)
ANTENNA__2494__A1/DIODE                 1.500000    2.555784   -1.055784 (VIOLATED)
_2481_/A1                               1.500000    2.551294   -1.051294 (VIOLATED)
ANTENNA__2481__A1/DIODE                 1.500000    2.551157   -1.051157 (VIOLATED)
_1541_/X                                1.499543    2.534794   -1.035251 (VIOLATED)
ANTENNA_381/DIODE                       1.500000    2.534965   -1.034965 (VIOLATED)
ANTENNA_379/DIODE                       1.500000    2.534952   -1.034952 (VIOLATED)
ANTENNA__1541__X/DIODE                  1.500000    2.534940   -1.034941 (VIOLATED)
ANTENNA_378/DIODE                       1.500000    2.534925   -1.034925 (VIOLATED)
ANTENNA_380/DIODE                       1.500000    2.534918   -1.034918 (VIOLATED)
_2491_/A1                               1.500000    2.513853   -1.013853 (VIOLATED)
ANTENNA__2491__A1/DIODE                 1.500000    2.513722   -1.013722 (VIOLATED)
_4541_/A                                1.500000    2.503410   -1.003410 (VIOLATED)
ANTENNA__4541__A/DIODE                  1.500000    2.502921   -1.002921 (VIOLATED)
wire899/A                               1.500000    2.492929   -0.992929 (VIOLATED)
ANTENNA_wire899_A/DIODE                 1.500000    2.492779   -0.992779 (VIOLATED)
_2477_/A1                               1.500000    2.485525   -0.985525 (VIOLATED)
ANTENNA__2477__A1/DIODE                 1.500000    2.485490   -0.985490 (VIOLATED)
fanout1121/A                            1.500000    2.469068   -0.969068 (VIOLATED)
ANTENNA_fanout1121_A/DIODE              1.500000    2.468774   -0.968774 (VIOLATED)
ANTENNA__2489__A1/DIODE                 1.500000    2.461680   -0.961681 (VIOLATED)
_2489_/A1                               1.500000    2.461640   -0.961640 (VIOLATED)
_2488_/A1                               1.500000    2.446699   -0.946699 (VIOLATED)
ANTENNA__2488__A1/DIODE                 1.500000    2.446654   -0.946654 (VIOLATED)
fanout1173/A                            1.500000    2.446379   -0.946379 (VIOLATED)
ANTENNA_fanout1173_A/DIODE              1.500000    2.445702   -0.945702 (VIOLATED)
_1547_/X                                1.498428    2.427769   -0.929341 (VIOLATED)
_2483_/A1                               1.500000    2.428636   -0.928636 (VIOLATED)
ANTENNA__2483__A1/DIODE                 1.500000    2.428622   -0.928622 (VIOLATED)
ANTENNA_290/DIODE                       1.500000    2.428614   -0.928614 (VIOLATED)
ANTENNA_360/DIODE                       1.500000    2.428591   -0.928591 (VIOLATED)
ANTENNA__1547__X/DIODE                  1.500000    2.427854   -0.927854 (VIOLATED)
_2495_/A1                               1.500000    2.425397   -0.925397 (VIOLATED)
ANTENNA__2495__A1/DIODE                 1.500000    2.425335   -0.925335 (VIOLATED)
wire830/A                               1.500000    2.367617   -0.867617 (VIOLATED)
ANTENNA_wire830_A/DIODE                 1.500000    2.366910   -0.866909 (VIOLATED)
fanout1191/A                            1.500000    2.363896   -0.863896 (VIOLATED)
ANTENNA_fanout1191_A/DIODE              1.500000    2.362840   -0.862840 (VIOLATED)
_2485_/A1                               1.500000    2.360216   -0.860216 (VIOLATED)
ANTENNA__2485__A1/DIODE                 1.500000    2.360202   -0.860202 (VIOLATED)
fanout1221/A                            1.500000    2.342953   -0.842953 (VIOLATED)
ANTENNA_fanout1221_A/DIODE              1.500000    2.342679   -0.842679 (VIOLATED)
_2492_/A1                               1.500000    2.302342   -0.802342 (VIOLATED)
ANTENNA__2492__A1/DIODE                 1.500000    2.302209   -0.802209 (VIOLATED)
_2502_/A1                               1.500000    2.299299   -0.799299 (VIOLATED)
ANTENNA__2502__A1/DIODE                 1.500000    2.299212   -0.799212 (VIOLATED)
wire888/A                               1.500000    2.241226   -0.741226 (VIOLATED)
ANTENNA_wire888_A/DIODE                 1.500000    2.240916   -0.740916 (VIOLATED)
wire881/A                               1.500000    2.197855   -0.697854 (VIOLATED)
ANTENNA_wire881_A/DIODE                 1.500000    2.197851   -0.697851 (VIOLATED)
wire890/A                               1.500000    2.184986   -0.684986 (VIOLATED)
ANTENNA_wire890_A/DIODE                 1.500000    2.184749   -0.684749 (VIOLATED)
_2490_/A1                               1.500000    2.183363   -0.683363 (VIOLATED)
ANTENNA__2490__A1/DIODE                 1.500000    2.183202   -0.683202 (VIOLATED)
wire863/A                               1.500000    2.172842   -0.672842 (VIOLATED)
ANTENNA_wire863_A/DIODE                 1.500000    2.172837   -0.672838 (VIOLATED)
_1498_/A                                1.500000    2.168355   -0.668355 (VIOLATED)
ANTENNA__1498__A/DIODE                  1.500000    2.168100   -0.668100 (VIOLATED)
_2480_/A1                               1.500000    2.154135   -0.654135 (VIOLATED)
ANTENNA__2480__A1/DIODE                 1.500000    2.154109   -0.654109 (VIOLATED)
ANTENNA_wire864_X/DIODE                 1.500000    2.138299   -0.638299 (VIOLATED)
wire864/X                               1.500000    2.138277   -0.638277 (VIOLATED)
wire997/A                               1.500000    2.130883   -0.630883 (VIOLATED)
ANTENNA_wire997_A/DIODE                 1.500000    2.130839   -0.630839 (VIOLATED)
wire948/A                               1.500000    2.121953   -0.621953 (VIOLATED)
ANTENNA_wire948_A/DIODE                 1.500000    2.121820   -0.621820 (VIOLATED)
wire1053/A                              1.500000    2.112983   -0.612983 (VIOLATED)
ANTENNA_wire1053_A/DIODE                1.500000    2.112626   -0.612626 (VIOLATED)
ANTENNA__1557__X/DIODE                  1.500000    2.105892   -0.605892 (VIOLATED)
_1557_/X                                1.500000    2.105862   -0.605862 (VIOLATED)
wire1022/A                              1.500000    2.053544   -0.553544 (VIOLATED)
ANTENNA_wire1022_A/DIODE                1.500000    2.053385   -0.553386 (VIOLATED)
ANTENNA_201/DIODE                       1.500000    2.049549   -0.549549 (VIOLATED)
ANTENNA_wire900_X/DIODE                 1.500000    2.049534   -0.549534 (VIOLATED)
ANTENNA_200/DIODE                       1.500000    2.049528   -0.549528 (VIOLATED)
wire900/X                               1.500000    2.049461   -0.549461 (VIOLATED)
wire853/A                               1.500000    2.043499   -0.543499 (VIOLATED)
ANTENNA_wire853_A/DIODE                 1.500000    2.043489   -0.543490 (VIOLATED)
fanout1230/A                            1.500000    2.036021   -0.536021 (VIOLATED)
ANTENNA_fanout1230_A/DIODE              1.500000    2.035159   -0.535159 (VIOLATED)
ANTENNA__1583__Y/DIODE                  1.500000    2.031899   -0.531899 (VIOLATED)
_1583_/Y                                1.500000    2.031843   -0.531843 (VIOLATED)
fanout1200/A                            1.500000    2.018501   -0.518501 (VIOLATED)
ANTENNA_fanout1200_A/DIODE              1.500000    2.018115   -0.518115 (VIOLATED)
_4503_/A                                1.500000    2.010338   -0.510338 (VIOLATED)
ANTENNA__4503__A/DIODE                  1.500000    2.010239   -0.510239 (VIOLATED)
wire840/A                               1.500000    2.007999   -0.507999 (VIOLATED)
ANTENNA_wire840_A/DIODE                 1.500000    2.007758   -0.507758 (VIOLATED)
wire1276/A                              1.500000    1.988454   -0.488454 (VIOLATED)
ANTENNA_wire1276_A/DIODE                1.500000    1.988021   -0.488021 (VIOLATED)
fanout1124/A                            1.500000    1.978661   -0.478661 (VIOLATED)
ANTENNA_fanout1124_A/DIODE              1.500000    1.978353   -0.478353 (VIOLATED)
fanout1227/A                            1.500000    1.978041   -0.478041 (VIOLATED)
ANTENNA_fanout1227_A/DIODE              1.500000    1.977724   -0.477724 (VIOLATED)
ANTENNA__2845__B2/DIODE                 1.500000    1.971732   -0.471732 (VIOLATED)
_2845_/B2                               1.500000    1.971718   -0.471718 (VIOLATED)
wire839/A                               1.500000    1.969260   -0.469260 (VIOLATED)
ANTENNA_wire839_A/DIODE                 1.500000    1.968994   -0.468994 (VIOLATED)
_2846_/B2                               1.500000    1.959377   -0.459377 (VIOLATED)
ANTENNA__2846__B2/DIODE                 1.500000    1.959363   -0.459363 (VIOLATED)
fanout1256/A                            1.500000    1.957544   -0.457544 (VIOLATED)
ANTENNA_fanout1256_A/DIODE              1.500000    1.957015   -0.457015 (VIOLATED)
_2848_/B2                               1.500000    1.956247   -0.456247 (VIOLATED)
ANTENNA__2848__B2/DIODE                 1.500000    1.956064   -0.456065 (VIOLATED)
fanout1188/A                            1.500000    1.948731   -0.448731 (VIOLATED)
ANTENNA_fanout1188_A/DIODE              1.500000    1.947869   -0.447869 (VIOLATED)
fanout1194/A                            1.500000    1.947581   -0.447581 (VIOLATED)
ANTENNA_fanout1194_A/DIODE              1.500000    1.947308   -0.447308 (VIOLATED)
_1499_/A                                1.500000    1.939445   -0.439446 (VIOLATED)
ANTENNA__1499__A/DIODE                  1.500000    1.939397   -0.439397 (VIOLATED)
_2561_/A1                               1.500000    1.928104   -0.428104 (VIOLATED)
ANTENNA__2561__A1/DIODE                 1.500000    1.928059   -0.428059 (VIOLATED)
_2562_/A1                               1.500000    1.918648   -0.418648 (VIOLATED)
ANTENNA__2562__A1/DIODE                 1.500000    1.918568   -0.418568 (VIOLATED)
_2564_/A1                               1.500000    1.918282   -0.418282 (VIOLATED)
ANTENNA__2564__A1/DIODE                 1.500000    1.918235   -0.418235 (VIOLATED)
_2595_/A1                               1.500000    1.912229   -0.412229 (VIOLATED)
_2849_/B2                               1.500000    1.911503   -0.411503 (VIOLATED)
ANTENNA__2849__B2/DIODE                 1.500000    1.911299   -0.411299 (VIOLATED)
ANTENNA__2595__A1/DIODE                 1.500000    1.909465   -0.409465 (VIOLATED)
_2844_/B2                               1.500000    1.901227   -0.401227 (VIOLATED)
ANTENNA__2844__B2/DIODE                 1.500000    1.901118   -0.401118 (VIOLATED)
fanout1224/A                            1.500000    1.900389   -0.400390 (VIOLATED)
_2478_/A1                               1.500000    1.900339   -0.400339 (VIOLATED)
ANTENNA__2478__A1/DIODE                 1.500000    1.900229   -0.400229 (VIOLATED)
ANTENNA__2594__A1/DIODE                 1.500000    1.898910   -0.398910 (VIOLATED)
_2594_/A1                               1.500000    1.898905   -0.398905 (VIOLATED)
_2851_/B2                               1.500000    1.896057   -0.396057 (VIOLATED)
ANTENNA__2851__B2/DIODE                 1.500000    1.895893   -0.395894 (VIOLATED)
fanout1170/A                            1.500000    1.895819   -0.395819 (VIOLATED)
ANTENNA_fanout1170_A/DIODE              1.500000    1.895250   -0.395250 (VIOLATED)
fanout1209/A                            1.500000    1.895202   -0.395202 (VIOLATED)
ANTENNA_fanout1209_A/DIODE              1.500000    1.894767   -0.394767 (VIOLATED)
ANTENNA_fanout1224_A/DIODE              1.500000    1.892380   -0.392381 (VIOLATED)
ANTENNA_fanout1179_A/DIODE              1.500000    1.891474   -0.391474 (VIOLATED)
_2597_/A1                               1.500000    1.889045   -0.389045 (VIOLATED)
ANTENNA__2597__A1/DIODE                 1.500000    1.889002   -0.389002 (VIOLATED)
fanout1179/A                            1.500000    1.883971   -0.383971 (VIOLATED)
fanout1215/A                            1.500000    1.881543   -0.381543 (VIOLATED)
ANTENNA_fanout1215_A/DIODE              1.500000    1.880786   -0.380786 (VIOLATED)
_2565_/A1                               1.500000    1.875334   -0.375334 (VIOLATED)
ANTENNA__2565__A1/DIODE                 1.500000    1.875289   -0.375289 (VIOLATED)
_2560_/A1                               1.500000    1.872976   -0.372976 (VIOLATED)
ANTENNA__2560__A1/DIODE                 1.500000    1.872937   -0.372937 (VIOLATED)
_2628_/A1                               1.500000    1.871875   -0.371875 (VIOLATED)
ANTENNA__2628__A1/DIODE                 1.500000    1.871858   -0.371858 (VIOLATED)
_2850_/B2                               1.500000    1.868668   -0.368668 (VIOLATED)
ANTENNA__2850__B2/DIODE                 1.500000    1.868467   -0.368467 (VIOLATED)
_2627_/A1                               1.500000    1.864008   -0.364008 (VIOLATED)
ANTENNA__2627__A1/DIODE                 1.500000    1.863991   -0.363991 (VIOLATED)
_2566_/A1                               1.500000    1.860438   -0.360438 (VIOLATED)
ANTENNA__2566__A1/DIODE                 1.500000    1.860393   -0.360393 (VIOLATED)
_2593_/A1                               1.500000    1.857619   -0.357619 (VIOLATED)
ANTENNA__2593__A1/DIODE                 1.500000    1.857576   -0.357576 (VIOLATED)
_2599_/A1                               1.500000    1.857533   -0.357534 (VIOLATED)
ANTENNA__2599__A1/DIODE                 1.500000    1.857498   -0.357498 (VIOLATED)
_2598_/A1                               1.500000    1.848954   -0.348954 (VIOLATED)
ANTENNA__2598__A1/DIODE                 1.500000    1.848630   -0.348630 (VIOLATED)
ANTENNA_352/DIODE                       1.500000    1.847110   -0.347110 (VIOLATED)
ANTENNA_353/DIODE                       1.500000    1.847110   -0.347110 (VIOLATED)
ANTENNA_355/DIODE                       1.500000    1.847110   -0.347110 (VIOLATED)
ANTENNA_354/DIODE                       1.500000    1.847110   -0.347110 (VIOLATED)
ANTENNA_356/DIODE                       1.500000    1.847110   -0.347110 (VIOLATED)
ANTENNA_357/DIODE                       1.500000    1.847110   -0.347110 (VIOLATED)
ANTENNA_358/DIODE                       1.500000    1.847110   -0.347110 (VIOLATED)
ANTENNA_wire882_X/DIODE                 1.500000    1.847110   -0.347110 (VIOLATED)
wire882/X                               1.500000    1.846954   -0.346954 (VIOLATED)
_2632_/A1                               1.500000    1.844850   -0.344850 (VIOLATED)
ANTENNA__2632__A1/DIODE                 1.500000    1.844598   -0.344598 (VIOLATED)
_2630_/A1                               1.500000    1.844336   -0.344336 (VIOLATED)
ANTENNA__2630__A1/DIODE                 1.500000    1.844319   -0.344319 (VIOLATED)
_2567_/A1                               1.500000    1.842776   -0.342776 (VIOLATED)
ANTENNA__2567__A1/DIODE                 1.500000    1.842728   -0.342728 (VIOLATED)
_1534_/B1                               1.500000    1.837269   -0.337269 (VIOLATED)
ANTENNA__1534__B1/DIODE                 1.500000    1.836945   -0.336945 (VIOLATED)
ANTENNA__1569__B1/DIODE                 1.500000    1.836679   -0.336679 (VIOLATED)
_1569_/B1                               1.500000    1.836594   -0.336594 (VIOLATED)
_1570_/A2                               1.500000    1.835305   -0.335305 (VIOLATED)
ANTENNA__1570__A2/DIODE                 1.500000    1.834627   -0.334627 (VIOLATED)
_1535_/A2                               1.500000    1.834466   -0.334466 (VIOLATED)
ANTENNA__1535__A2/DIODE                 1.500000    1.833914   -0.333914 (VIOLATED)
_1537_/A2                               1.500000    1.833532   -0.333532 (VIOLATED)
ANTENNA__1537__A2/DIODE                 1.500000    1.833450   -0.333450 (VIOLATED)
_1536_/A2                               1.500000    1.832693   -0.332693 (VIOLATED)
ANTENNA__1571__A2/DIODE                 1.500000    1.832163   -0.332163 (VIOLATED)
_1571_/A2                               1.500000    1.831959   -0.331959 (VIOLATED)
ANTENNA__1536__A2/DIODE                 1.500000    1.831578   -0.331578 (VIOLATED)
_2840_/B2                               1.500000    1.826906   -0.326906 (VIOLATED)
ANTENNA__2840__B2/DIODE                 1.500000    1.826885   -0.326885 (VIOLATED)
_2838_/B2                               1.500000    1.825784   -0.325784 (VIOLATED)
ANTENNA__2838__B2/DIODE                 1.500000    1.825590   -0.325590 (VIOLATED)
_2554_/A1                               1.500000    1.819157   -0.319157 (VIOLATED)
ANTENNA__2554__A1/DIODE                 1.500000    1.819137   -0.319137 (VIOLATED)
fanout1167/A                            1.500000    1.819106   -0.319106 (VIOLATED)
ANTENNA_fanout1167_A/DIODE              1.500000    1.818331   -0.318331 (VIOLATED)
ANTENNA__2600__A1/DIODE                 1.500000    1.816300   -0.316300 (VIOLATED)
_2600_/A1                               1.500000    1.815985   -0.315985 (VIOLATED)
fanout1172/A                            1.500000    1.815381   -0.315381 (VIOLATED)
ANTENNA_fanout1172_A/DIODE              1.500000    1.814866   -0.314866 (VIOLATED)
_2631_/A1                               1.500000    1.813091   -0.313091 (VIOLATED)
ANTENNA__2631__A1/DIODE                 1.500000    1.813048   -0.313048 (VIOLATED)
ANTENNA__2626__A1/DIODE                 1.500000    1.811463   -0.311463 (VIOLATED)
_2626_/A1                               1.500000    1.811289   -0.311289 (VIOLATED)
_2587_/A1                               1.500000    1.808895   -0.308895 (VIOLATED)
ANTENNA__2587__A1/DIODE                 1.500000    1.808883   -0.308883 (VIOLATED)
_2660_/A1                               1.500000    1.807647   -0.307647 (VIOLATED)
ANTENNA__2660__A1/DIODE                 1.500000    1.807635   -0.307635 (VIOLATED)
fanout1185/A                            1.500000    1.805628   -0.305628 (VIOLATED)
ANTENNA_fanout1185_A/DIODE              1.500000    1.805193   -0.305193 (VIOLATED)
_2556_/A1                               1.500000    1.803114   -0.303114 (VIOLATED)
ANTENNA__2556__A1/DIODE                 1.500000    1.803096   -0.303096 (VIOLATED)
ANTENNA__2661__A1/DIODE                 1.500000    1.801581   -0.301581 (VIOLATED)
_2661_/A1                               1.500000    1.801104   -0.301104 (VIOLATED)
ANTENNA__2589__A1/DIODE                 1.500000    1.792161   -0.292161 (VIOLATED)
wire1067/A                              1.500000    1.792111   -0.292111 (VIOLATED)
ANTENNA_wire1067_A/DIODE                1.500000    1.791822   -0.291822 (VIOLATED)
_2589_/A1                               1.500000    1.790216   -0.290216 (VIOLATED)
_2839_/B2                               1.500000    1.789852   -0.289852 (VIOLATED)
ANTENNA__2839__B2/DIODE                 1.500000    1.789843   -0.289843 (VIOLATED)
_2663_/A1                               1.500000    1.789437   -0.289437 (VIOLATED)
ANTENNA__2663__A1/DIODE                 1.500000    1.789420   -0.289420 (VIOLATED)
_2665_/A1                               1.500000    1.786213   -0.286213 (VIOLATED)
ANTENNA__2665__A1/DIODE                 1.500000    1.786173   -0.286173 (VIOLATED)
_2841_/B2                               1.500000    1.784438   -0.284438 (VIOLATED)
ANTENNA__2841__B2/DIODE                 1.500000    1.784233   -0.284233 (VIOLATED)
_4502_/A                                1.500000    1.784079   -0.284079 (VIOLATED)
ANTENNA__4502__A/DIODE                  1.500000    1.784031   -0.284031 (VIOLATED)
_2837_/B2                               1.500000    1.783239   -0.283239 (VIOLATED)
ANTENNA__2837__B2/DIODE                 1.500000    1.783211   -0.283212 (VIOLATED)
fanout1176/A                            1.500000    1.782865   -0.282865 (VIOLATED)
ANTENNA_fanout1176_A/DIODE              1.500000    1.782507   -0.282507 (VIOLATED)
_2461_/A0                               1.500000    1.782263   -0.282263 (VIOLATED)
ANTENNA__2461__A0/DIODE                 1.500000    1.782259   -0.282259 (VIOLATED)
_2553_/A1                               1.500000    1.777468   -0.277468 (VIOLATED)
ANTENNA__2553__A1/DIODE                 1.500000    1.777347   -0.277347 (VIOLATED)
_2620_/A1                               1.500000    1.773917   -0.273917 (VIOLATED)
ANTENNA__2620__A1/DIODE                 1.500000    1.773543   -0.273543 (VIOLATED)
wire1049/A                              1.500000    1.771945   -0.271945 (VIOLATED)
ANTENNA_wire1049_A/DIODE                1.500000    1.771582   -0.271582 (VIOLATED)
_2586_/A1                               1.500000    1.771284   -0.271284 (VIOLATED)
ANTENNA__2586__A1/DIODE                 1.500000    1.771267   -0.271267 (VIOLATED)
_2843_/B2                               1.500000    1.771003   -0.271003 (VIOLATED)
ANTENNA__2843__B2/DIODE                 1.500000    1.770985   -0.270985 (VIOLATED)
ANTENNA__2428__A0/DIODE                 1.500000    1.769079   -0.269079 (VIOLATED)
_2428_/A0                               1.500000    1.769077   -0.269077 (VIOLATED)
ANTENNA__2633__A1/DIODE                 1.500000    1.768174   -0.268174 (VIOLATED)
_2633_/A1                               1.500000    1.767656   -0.267656 (VIOLATED)
ANTENNA_197/DIODE                       1.500000    1.765954   -0.265954 (VIOLATED)
ANTENNA_198/DIODE                       1.500000    1.765934   -0.265934 (VIOLATED)
ANTENNA_199/DIODE                       1.500000    1.765934   -0.265934 (VIOLATED)
ANTENNA_192/DIODE                       1.500000    1.765553   -0.265553 (VIOLATED)
ANTENNA_191/DIODE                       1.500000    1.765540   -0.265540 (VIOLATED)
ANTENNA_190/DIODE                       1.500000    1.765526   -0.265526 (VIOLATED)
ANTENNA_189/DIODE                       1.500000    1.765501   -0.265502 (VIOLATED)
ANTENNA_wire891_X/DIODE                 1.500000    1.765489   -0.265489 (VIOLATED)
ANTENNA_193/DIODE                       1.500000    1.765444   -0.265444 (VIOLATED)
ANTENNA_194/DIODE                       1.500000    1.765444   -0.265444 (VIOLATED)
ANTENNA_195/DIODE                       1.500000    1.765445   -0.265445 (VIOLATED)
ANTENNA_196/DIODE                       1.500000    1.765445   -0.265445 (VIOLATED)
wire891/X                               1.500000    1.765141   -0.265141 (VIOLATED)
fanout1197/A                            1.500000    1.764659   -0.264659 (VIOLATED)
ANTENNA_fanout1197_A/DIODE              1.500000    1.763794   -0.263794 (VIOLATED)
ANTENNA__2557__A1/DIODE                 1.500000    1.761342   -0.261342 (VIOLATED)
_2622_/A1                               1.500000    1.760953   -0.260953 (VIOLATED)
ANTENNA__2622__A1/DIODE                 1.500000    1.760939   -0.260939 (VIOLATED)
ANTENNA__2664__A1/DIODE                 1.500000    1.758964   -0.258964 (VIOLATED)
_2557_/A1                               1.500000    1.758942   -0.258942 (VIOLATED)
_2664_/A1                               1.500000    1.758855   -0.258855 (VIOLATED)
_2555_/A1                               1.500000    1.755166   -0.255166 (VIOLATED)
ANTENNA__2555__A1/DIODE                 1.500000    1.755148   -0.255148 (VIOLATED)
_2590_/A1                               1.500000    1.754934   -0.254934 (VIOLATED)
ANTENNA__2590__A1/DIODE                 1.500000    1.754840   -0.254840 (VIOLATED)
ANTENNA__2659__A1/DIODE                 1.500000    1.751021   -0.251021 (VIOLATED)
_2395_/A0                               1.500000    1.750862   -0.250862 (VIOLATED)
ANTENNA__2395__A0/DIODE                 1.500000    1.750861   -0.250861 (VIOLATED)
ANTENNA_324/DIODE                       1.500000    1.749442   -0.249442 (VIOLATED)
ANTENNA_322/DIODE                       1.500000    1.749216   -0.249216 (VIOLATED)
ANTENNA_320/DIODE                       1.500000    1.748996   -0.248996 (VIOLATED)
ANTENNA_318/DIODE                       1.500000    1.748782   -0.248782 (VIOLATED)
ANTENNA_316/DIODE                       1.500000    1.748572   -0.248572 (VIOLATED)
ANTENNA_max_cap1401_X/DIODE             1.500000    1.748369   -0.248369 (VIOLATED)
ANTENNA_315/DIODE                       1.500000    1.748164   -0.248164 (VIOLATED)
ANTENNA_317/DIODE                       1.500000    1.747973   -0.247973 (VIOLATED)
ANTENNA_319/DIODE                       1.500000    1.747789   -0.247789 (VIOLATED)
ANTENNA_325/DIODE                       1.500000    1.747688   -0.247688 (VIOLATED)
ANTENNA_323/DIODE                       1.500000    1.747687   -0.247687 (VIOLATED)
ANTENNA_321/DIODE                       1.500000    1.747687   -0.247687 (VIOLATED)
_2659_/A1                               1.500000    1.746891   -0.246891 (VIOLATED)
_2836_/B2                               1.500000    1.746526   -0.246526 (VIOLATED)
_2623_/A1                               1.500000    1.746499   -0.246499 (VIOLATED)
ANTENNA__2836__B2/DIODE                 1.500000    1.746423   -0.246423 (VIOLATED)
max_cap1401/X                           1.500000    1.744565   -0.244565 (VIOLATED)
ANTENNA__2623__A1/DIODE                 1.500000    1.743094   -0.243094 (VIOLATED)
ANTENNA__2460__A0/DIODE                 1.500000    1.738901   -0.238901 (VIOLATED)
_2460_/A0                               1.500000    1.738867   -0.238867 (VIOLATED)
_2552_/A1                               1.500000    1.738813   -0.238813 (VIOLATED)
ANTENNA__2552__A1/DIODE                 1.500000    1.738793   -0.238794 (VIOLATED)
ANTENNA__2559__A1/DIODE                 1.500000    1.737008   -0.237008 (VIOLATED)
_2588_/A1                               1.500000    1.736864   -0.236864 (VIOLATED)
_2559_/A1                               1.500000    1.736814   -0.236814 (VIOLATED)
ANTENNA__2588__A1/DIODE                 1.500000    1.736798   -0.236798 (VIOLATED)
ANTENNA__2693__A1/DIODE                 1.500000    1.736535   -0.236535 (VIOLATED)
_1529_/B2                               1.500000    1.736374   -0.236374 (VIOLATED)
ANTENNA__1529__B2/DIODE                 1.500000    1.736197   -0.236197 (VIOLATED)
_2693_/A1                               1.500000    1.735813   -0.235813 (VIOLATED)
ANTENNA__2619__A1/DIODE                 1.500000    1.734081   -0.234081 (VIOLATED)
_2619_/A1                               1.500000    1.733391   -0.233391 (VIOLATED)
_2585_/A1                               1.500000    1.731865   -0.231865 (VIOLATED)
ANTENNA__2585__A1/DIODE                 1.500000    1.731837   -0.231837 (VIOLATED)
_2592_/A1                               1.500000    1.729427   -0.229427 (VIOLATED)
ANTENNA__2592__A1/DIODE                 1.500000    1.729387   -0.229387 (VIOLATED)
_2427_/A0                               1.500000    1.729103   -0.229103 (VIOLATED)
ANTENNA__2427__A0/DIODE                 1.500000    1.729067   -0.229067 (VIOLATED)
_2694_/A1                               1.500000    1.727840   -0.227840 (VIOLATED)
ANTENNA__2694__A1/DIODE                 1.500000    1.727801   -0.227801 (VIOLATED)
_2653_/A1                               1.500000    1.727465   -0.227465 (VIOLATED)
ANTENNA__2653__A1/DIODE                 1.500000    1.727444   -0.227444 (VIOLATED)
_1563_/B2                               1.500000    1.726623   -0.226623 (VIOLATED)
ANTENNA__1563__B2/DIODE                 1.500000    1.726538   -0.226538 (VIOLATED)
_2842_/B2                               1.500000    1.725783   -0.225783 (VIOLATED)
ANTENNA__2842__B2/DIODE                 1.500000    1.725717   -0.225717 (VIOLATED)
fanout1220/A                            1.500000    1.724696   -0.224696 (VIOLATED)
_2692_/A1                               1.500000    1.722762   -0.222762 (VIOLATED)
ANTENNA__2692__A1/DIODE                 1.500000    1.722146   -0.222146 (VIOLATED)
_2696_/A1                               1.500000    1.720407   -0.220407 (VIOLATED)
ANTENNA__2696__A1/DIODE                 1.500000    1.720390   -0.220390 (VIOLATED)
ANTENNA_fanout1220_A/DIODE              1.500000    1.717912   -0.217912 (VIOLATED)
ANTENNA__2394__A0/DIODE                 1.500000    1.714214   -0.214214 (VIOLATED)
_2394_/A0                               1.500000    1.714152   -0.214152 (VIOLATED)
_2655_/A1                               1.500000    1.711807   -0.211807 (VIOLATED)
ANTENNA__2655__A1/DIODE                 1.500000    1.711797   -0.211797 (VIOLATED)
ANTENNA_fanout1203_A/DIODE              1.500000    1.711595   -0.211596 (VIOLATED)
fanout1203/A                            1.500000    1.710768   -0.210768 (VIOLATED)
_2621_/A1                               1.500000    1.707235   -0.207235 (VIOLATED)
ANTENNA__2621__A1/DIODE                 1.500000    1.707217   -0.207217 (VIOLATED)
ANTENNA__2666__A1/DIODE                 1.500000    1.706794   -0.206794 (VIOLATED)
_2666_/A1                               1.500000    1.706543   -0.206543 (VIOLATED)
ANTENNA__2618__A1/DIODE                 1.500000    1.706090   -0.206090 (VIOLATED)
_2618_/A1                               1.500000    1.705650   -0.205650 (VIOLATED)
ANTENNA__2698__A1/DIODE                 1.500000    1.699448   -0.199448 (VIOLATED)
fanout1128/A                            1.500000    1.699373   -0.199373 (VIOLATED)
ANTENNA_fanout1128_A/DIODE              1.500000    1.698914   -0.198914 (VIOLATED)
wire1042/A                              1.500000    1.698568   -0.198568 (VIOLATED)
ANTENNA_wire1042_A/DIODE                1.500000    1.698035   -0.198036 (VIOLATED)
_2558_/A1                               1.500000    1.697272   -0.197272 (VIOLATED)
ANTENNA__2558__A1/DIODE                 1.500000    1.697257   -0.197257 (VIOLATED)
_2625_/A1                               1.500000    1.696894   -0.196894 (VIOLATED)
ANTENNA__2625__A1/DIODE                 1.500000    1.696665   -0.196665 (VIOLATED)
_2698_/A1                               1.500000    1.694499   -0.194499 (VIOLATED)
_2727_/A1                               1.500000    1.692769   -0.192769 (VIOLATED)
ANTENNA__2656__A1/DIODE                 1.500000    1.692725   -0.192725 (VIOLATED)
_2656_/A1                               1.500000    1.692294   -0.192294 (VIOLATED)
_2482_/A1                               1.500000    1.692215   -0.192215 (VIOLATED)
ANTENNA__2482__A1/DIODE                 1.500000    1.692205   -0.192205 (VIOLATED)
_2652_/A1                               1.500000    1.691169   -0.191169 (VIOLATED)
ANTENNA__2652__A1/DIODE                 1.500000    1.691153   -0.191153 (VIOLATED)
ANTENNA__2727__A1/DIODE                 1.500000    1.690452   -0.190453 (VIOLATED)
wire940/A                               1.500000    1.688790   -0.188790 (VIOLATED)
ANTENNA_wire940_A/DIODE                 1.500000    1.688697   -0.188697 (VIOLATED)
_2697_/A1                               1.500000    1.688112   -0.188113 (VIOLATED)
ANTENNA__2697__A1/DIODE                 1.500000    1.688072   -0.188072 (VIOLATED)
ANTENNA__2361__A1/DIODE                 1.500000    1.686956   -0.186956 (VIOLATED)
_2361_/A1                               1.500000    1.686914   -0.186914 (VIOLATED)
_2658_/A1                               1.500000    1.682705   -0.182705 (VIOLATED)
ANTENNA__2658__A1/DIODE                 1.500000    1.682669   -0.182669 (VIOLATED)
_2360_/A1                               1.500000    1.677613   -0.177613 (VIOLATED)
ANTENNA__2360__A1/DIODE                 1.500000    1.677578   -0.177578 (VIOLATED)
_2591_/A1                               1.500000    1.677433   -0.177433 (VIOLATED)
ANTENNA__2591__A1/DIODE                 1.500000    1.677389   -0.177389 (VIOLATED)
_2691_/A1                               1.500000    1.671479   -0.171479 (VIOLATED)
ANTENNA__2691__A1/DIODE                 1.500000    1.671441   -0.171441 (VIOLATED)
ANTENNA__2454__A0/DIODE                 1.500000    1.670882   -0.170882 (VIOLATED)
_2454_/A0                               1.500000    1.670881   -0.170881 (VIOLATED)
_4522_/A                                1.500000    1.668127   -0.168127 (VIOLATED)
ANTENNA__4522__A/DIODE                  1.500000    1.668023   -0.168023 (VIOLATED)
_2651_/A1                               1.500000    1.665875   -0.165875 (VIOLATED)
_2686_/A1                               1.500000    1.665687   -0.165687 (VIOLATED)
ANTENNA__2686__A1/DIODE                 1.500000    1.665645   -0.165645 (VIOLATED)
_2421_/A0                               1.500000    1.665151   -0.165151 (VIOLATED)
ANTENNA__2421__A0/DIODE                 1.500000    1.665149   -0.165149 (VIOLATED)
ANTENNA__2651__A1/DIODE                 1.500000    1.661443   -0.161443 (VIOLATED)
ANTENNA__2834__B2/DIODE                 1.500000    1.660033   -0.160033 (VIOLATED)
_2834_/B2                               1.500000    1.659985   -0.159985 (VIOLATED)
_2654_/A1                               1.500000    1.659411   -0.159411 (VIOLATED)
ANTENNA__2654__A1/DIODE                 1.500000    1.659367   -0.159367 (VIOLATED)
fanout1182/A                            1.500000    1.659119   -0.159120 (VIOLATED)
ANTENNA_fanout1182_A/DIODE              1.500000    1.658800   -0.158800 (VIOLATED)
_2688_/A1                               1.500000    1.657798   -0.157798 (VIOLATED)
ANTENNA__2688__A1/DIODE                 1.500000    1.657777   -0.157777 (VIOLATED)
wire1064/A                              1.500000    1.657195   -0.157195 (VIOLATED)
ANTENNA_wire1064_A/DIODE                1.500000    1.656915   -0.156915 (VIOLATED)
_2550_/A1                               1.500000    1.654055   -0.154055 (VIOLATED)
ANTENNA__2550__A1/DIODE                 1.500000    1.654042   -0.154042 (VIOLATED)
ANTENNA_242/DIODE                       1.500000    1.649960   -0.149960 (VIOLATED)
ANTENNA_244/DIODE                       1.500000    1.649960   -0.149960 (VIOLATED)
ANTENNA_246/DIODE                       1.500000    1.649960   -0.149960 (VIOLATED)
ANTENNA_wire1023_X/DIODE                1.500000    1.649960   -0.149960 (VIOLATED)
ANTENNA_241/DIODE                       1.500000    1.649960   -0.149960 (VIOLATED)
ANTENNA_243/DIODE                       1.500000    1.649959   -0.149959 (VIOLATED)
ANTENNA_245/DIODE                       1.500000    1.649959   -0.149959 (VIOLATED)
wire1023/X                              1.500000    1.649422   -0.149422 (VIOLATED)
wire1389/A                              1.500000    1.648282   -0.148282 (VIOLATED)
ANTENNA_wire1389_A/DIODE                1.500000    1.648082   -0.148082 (VIOLATED)
_2388_/A0                               1.500000    1.647613   -0.147613 (VIOLATED)
ANTENNA__2388__A0/DIODE                 1.500000    1.647607   -0.147607 (VIOLATED)
_2847_/B2                               1.500000    1.647526   -0.147526 (VIOLATED)
ANTENNA__2847__B2/DIODE                 1.500000    1.647455   -0.147455 (VIOLATED)
ANTENNA__2624__A1/DIODE                 1.500000    1.647173   -0.147173 (VIOLATED)
ANTENNA__2583__A1/DIODE                 1.500000    1.647060   -0.147060 (VIOLATED)
_2624_/A1                               1.500000    1.646770   -0.146770 (VIOLATED)
_2724_/A1                               1.500000    1.645914   -0.145914 (VIOLATED)
ANTENNA__2724__A1/DIODE                 1.500000    1.645873   -0.145873 (VIOLATED)
ANTENNA__2440__A0/DIODE                 1.500000    1.645320   -0.145320 (VIOLATED)
_2440_/A0                               1.500000    1.645319   -0.145320 (VIOLATED)
_2583_/A1                               1.500000    1.645216   -0.145216 (VIOLATED)
wire1026/A                              1.500000    1.643303   -0.143303 (VIOLATED)
ANTENNA_wire1026_A/DIODE                1.500000    1.643138   -0.143138 (VIOLATED)
_2725_/A1                               1.500000    1.642118   -0.142118 (VIOLATED)
_2563_/A1                               1.500000    1.639562   -0.139563 (VIOLATED)
ANTENNA__2563__A1/DIODE                 1.500000    1.639520   -0.139520 (VIOLATED)
wire1044/A                              1.500000    1.639088   -0.139088 (VIOLATED)
ANTENNA_wire1044_A/DIODE                1.500000    1.638880   -0.138880 (VIOLATED)
_2407_/A0                               1.500000    1.638687   -0.138687 (VIOLATED)
ANTENNA__2407__A0/DIODE                 1.500000    1.638460   -0.138460 (VIOLATED)
_2447_/A0                               1.500000    1.637470   -0.137470 (VIOLATED)
ANTENNA__2447__A0/DIODE                 1.500000    1.637437   -0.137437 (VIOLATED)
_2574_/A1                               1.500000    1.636909   -0.136909 (VIOLATED)
ANTENNA__2574__A1/DIODE                 1.500000    1.636882   -0.136882 (VIOLATED)
_2726_/A1                               1.500000    1.636544   -0.136544 (VIOLATED)
_2596_/A1                               1.500000    1.636237   -0.136237 (VIOLATED)
ANTENNA__2596__A1/DIODE                 1.500000    1.636221   -0.136221 (VIOLATED)
ANTENNA__2725__A1/DIODE                 1.500000    1.635991   -0.135991 (VIOLATED)
ANTENNA__2726__A1/DIODE                 1.500000    1.635467   -0.135467 (VIOLATED)
_2607_/A1                               1.500000    1.634894   -0.134894 (VIOLATED)
ANTENNA__2607__A1/DIODE                 1.500000    1.634854   -0.134854 (VIOLATED)
ANTENNA__2414__A0/DIODE                 1.500000    1.633969   -0.133969 (VIOLATED)
_2414_/A0                               1.500000    1.633253   -0.133253 (VIOLATED)
_2729_/A1                               1.500000    1.632706   -0.132706 (VIOLATED)
ANTENNA__2729__A1/DIODE                 1.500000    1.631642   -0.131642 (VIOLATED)
wire1006/A                              1.500000    1.631376   -0.131376 (VIOLATED)
ANTENNA_wire1006_A/DIODE                1.500000    1.631331   -0.131331 (VIOLATED)
fanout1190/A                            1.500000    1.630680   -0.130680 (VIOLATED)
ANTENNA__2455__A0/DIODE                 1.500000    1.629783   -0.129783 (VIOLATED)
_2455_/A0                               1.500000    1.629781   -0.129781 (VIOLATED)
ANTENNA_fanout1190_A/DIODE              1.500000    1.629651   -0.129651 (VIOLATED)
_2629_/A1                               1.500000    1.628689   -0.128689 (VIOLATED)
ANTENNA__2629__A1/DIODE                 1.500000    1.628677   -0.128677 (VIOLATED)
_2689_/A1                               1.500000    1.627244   -0.127244 (VIOLATED)
ANTENNA__2689__A1/DIODE                 1.500000    1.627204   -0.127204 (VIOLATED)
_2327_/A1                               1.500000    1.627107   -0.127107 (VIOLATED)
ANTENNA__2327__A1/DIODE                 1.500000    1.627089   -0.127089 (VIOLATED)
_2640_/A1                               1.500000    1.626654   -0.126654 (VIOLATED)
ANTENNA__2640__A1/DIODE                 1.500000    1.626616   -0.126616 (VIOLATED)
ANTENNA_222/DIODE                       1.500000    1.625830   -0.125830 (VIOLATED)
ANTENNA_220/DIODE                       1.500000    1.625791   -0.125791 (VIOLATED)
ANTENNA_218/DIODE                       1.500000    1.625752   -0.125752 (VIOLATED)
ANTENNA_216/DIODE                       1.500000    1.625714   -0.125714 (VIOLATED)
ANTENNA_214/DIODE                       1.500000    1.625677   -0.125677 (VIOLATED)
ANTENNA_wire941_X/DIODE                 1.500000    1.625640   -0.125640 (VIOLATED)
ANTENNA_213/DIODE                       1.500000    1.625604   -0.125604 (VIOLATED)
ANTENNA_223/DIODE                       1.500000    1.625585   -0.125585 (VIOLATED)
ANTENNA_219/DIODE                       1.500000    1.625584   -0.125584 (VIOLATED)
ANTENNA_221/DIODE                       1.500000    1.625584   -0.125585 (VIOLATED)
ANTENNA_217/DIODE                       1.500000    1.625584   -0.125584 (VIOLATED)
ANTENNA_215/DIODE                       1.500000    1.625584   -0.125584 (VIOLATED)
_2685_/A1                               1.500000    1.625021   -0.125021 (VIOLATED)
wire941/X                               1.500000    1.624463   -0.124463 (VIOLATED)
_2422_/A0                               1.500000    1.624375   -0.124375 (VIOLATED)
ANTENNA__2422__A0/DIODE                 1.500000    1.624370   -0.124370 (VIOLATED)
ANTENNA__2685__A1/DIODE                 1.500000    1.624294   -0.124294 (VIOLATED)
_2374_/A0                               1.500000    1.621354   -0.121354 (VIOLATED)
ANTENNA__2374__A0/DIODE                 1.500000    1.621349   -0.121349 (VIOLATED)
_2616_/A1                               1.500000    1.619518   -0.119518 (VIOLATED)
ANTENNA__2616__A1/DIODE                 1.500000    1.619509   -0.119509 (VIOLATED)
wire1008/A                              1.500000    1.616687   -0.116687 (VIOLATED)
ANTENNA_wire1008_A/DIODE                1.500000    1.616379   -0.116379 (VIOLATED)
_2381_/A0                               1.500000    1.614547   -0.114547 (VIOLATED)
ANTENNA__2381__A0/DIODE                 1.500000    1.614471   -0.114471 (VIOLATED)
_2699_/A1                               1.500000    1.613440   -0.113440 (VIOLATED)
ANTENNA__2699__A1/DIODE                 1.500000    1.613058   -0.113058 (VIOLATED)
wire1421/A                              1.500000    1.612883   -0.112883 (VIOLATED)
ANTENNA_wire1421_A/DIODE                1.500000    1.612428   -0.112428 (VIOLATED)
ANTENNA__1553__X/DIODE                  1.500000    1.610751   -0.110751 (VIOLATED)
_1553_/X                                1.500000    1.610730   -0.110730 (VIOLATED)
_1529_/X                                1.499543    1.609912   -0.110369 (VIOLATED)
ANTENNA__1529__X/DIODE                  1.500000    1.610235   -0.110235 (VIOLATED)
_2662_/A1                               1.500000    1.609471   -0.109472 (VIOLATED)
_2731_/A1                               1.500000    1.609195   -0.109195 (VIOLATED)
ANTENNA__2662__A1/DIODE                 1.500000    1.609019   -0.109019 (VIOLATED)
fanout1212/A                            1.500000    1.608733   -0.108733 (VIOLATED)
ANTENNA_fanout1212_A/DIODE              1.500000    1.608089   -0.108089 (VIOLATED)
_2649_/A1                               1.500000    1.608000   -0.108000 (VIOLATED)
ANTENNA__2649__A1/DIODE                 1.500000    1.607956   -0.107956 (VIOLATED)
_2577_/A1                               1.500000    1.607365   -0.107365 (VIOLATED)
ANTENNA__2577__A1/DIODE                 1.500000    1.607352   -0.107352 (VIOLATED)
_2389_/A0                               1.500000    1.607221   -0.107221 (VIOLATED)
ANTENNA__2389__A0/DIODE                 1.500000    1.607141   -0.107141 (VIOLATED)
_2328_/A1                               1.500000    1.606327   -0.106327 (VIOLATED)
ANTENNA__2328__A1/DIODE                 1.500000    1.606309   -0.106309 (VIOLATED)
_2818_/B2                               1.500000    1.605753   -0.105754 (VIOLATED)
ANTENNA__2818__B2/DIODE                 1.500000    1.605659   -0.105659 (VIOLATED)
_2673_/A1                               1.500000    1.604989   -0.104989 (VIOLATED)
ANTENNA__2673__A1/DIODE                 1.500000    1.604937   -0.104937 (VIOLATED)
_2354_/A1                               1.500000    1.604748   -0.104748 (VIOLATED)
ANTENNA__2354__A1/DIODE                 1.500000    1.604730   -0.104730 (VIOLATED)
wire1426/A                              1.500000    1.604017   -0.104018 (VIOLATED)
ANTENNA__2610__A1/DIODE                 1.500000    1.603736   -0.103736 (VIOLATED)
ANTENNA__2731__A1/DIODE                 1.500000    1.603678   -0.103678 (VIOLATED)
ANTENNA_wire1426_A/DIODE                1.500000    1.603511   -0.103511 (VIOLATED)
_2684_/A1                               1.500000    1.603240   -0.103240 (VIOLATED)
ANTENNA__2684__A1/DIODE                 1.500000    1.603213   -0.103213 (VIOLATED)
_2610_/A1                               1.500000    1.603015   -0.103015 (VIOLATED)
_2730_/A1                               1.500000    1.599873   -0.099873 (VIOLATED)
ANTENNA__2730__A1/DIODE                 1.500000    1.599834   -0.099834 (VIOLATED)
ANTENNA__2657__A1/DIODE                 1.500000    1.599079   -0.099079 (VIOLATED)
_2682_/A1                               1.500000    1.596182   -0.096182 (VIOLATED)
ANTENNA__2682__A1/DIODE                 1.500000    1.596167   -0.096167 (VIOLATED)
_2657_/A1                               1.500000    1.595222   -0.095222 (VIOLATED)
_2570_/A1                               1.500000    1.593920   -0.093920 (VIOLATED)
ANTENNA__2570__A1/DIODE                 1.500000    1.593907   -0.093907 (VIOLATED)
_2719_/A1                               1.500000    1.591608   -0.091609 (VIOLATED)
ANTENNA__2719__A1/DIODE                 1.500000    1.591573   -0.091573 (VIOLATED)
_2603_/A1                               1.500000    1.591021   -0.091021 (VIOLATED)
ANTENNA__2603__A1/DIODE                 1.500000    1.590982   -0.090982 (VIOLATED)
_2643_/A1                               1.500000    1.590389   -0.090389 (VIOLATED)
ANTENNA__2643__A1/DIODE                 1.500000    1.590384   -0.090384 (VIOLATED)
_2575_/A1                               1.500000    1.589540   -0.089540 (VIOLATED)
ANTENNA__2575__A1/DIODE                 1.500000    1.589523   -0.089523 (VIOLATED)
wire1407/A                              1.500000    1.589225   -0.089225 (VIOLATED)
_2340_/A1                               1.500000    1.588785   -0.088785 (VIOLATED)
ANTENNA_wire1407_A/DIODE                1.500000    1.588773   -0.088773 (VIOLATED)
_1562_/B2                               1.500000    1.588507   -0.088507 (VIOLATED)
ANTENNA__1562__B2/DIODE                 1.500000    1.588382   -0.088382 (VIOLATED)
ANTENNA__2340__A1/DIODE                 1.500000    1.588086   -0.088086 (VIOLATED)
_2816_/B2                               1.500000    1.587450   -0.087450 (VIOLATED)
ANTENNA__2816__B2/DIODE                 1.500000    1.587279   -0.087279 (VIOLATED)
ANTENNA__2608__A1/DIODE                 1.500000    1.587135   -0.087135 (VIOLATED)
_2695_/A1                               1.500000    1.586643   -0.086643 (VIOLATED)
_2608_/A1                               1.500000    1.586598   -0.086598 (VIOLATED)
_2721_/A1                               1.500000    1.582041   -0.082041 (VIOLATED)
_2636_/A1                               1.500000    1.581961   -0.081961 (VIOLATED)
ANTENNA__2636__A1/DIODE                 1.500000    1.581923   -0.081923 (VIOLATED)
ANTENNA__2695__A1/DIODE                 1.500000    1.581548   -0.081548 (VIOLATED)
_2687_/A1                               1.500000    1.580562   -0.080562 (VIOLATED)
ANTENNA__2687__A1/DIODE                 1.500000    1.580522   -0.080522 (VIOLATED)
wire1011/A                              1.500000    1.579997   -0.079997 (VIOLATED)
ANTENNA_wire1011_A/DIODE                1.500000    1.579702   -0.079702 (VIOLATED)
_2569_/A1                               1.500000    1.577806   -0.077806 (VIOLATED)
ANTENNA__2569__A1/DIODE                 1.500000    1.577789   -0.077789 (VIOLATED)
_2602_/A1                               1.500000    1.575316   -0.075316 (VIOLATED)
ANTENNA__2602__A1/DIODE                 1.500000    1.575265   -0.075265 (VIOLATED)
ANTENNA__2721__A1/DIODE                 1.500000    1.574275   -0.074275 (VIOLATED)
_2715_/A1                               1.500000    1.574032   -0.074032 (VIOLATED)
_2355_/A1                               1.500000    1.573214   -0.073214 (VIOLATED)
ANTENNA__2715__A1/DIODE                 1.500000    1.573208   -0.073208 (VIOLATED)
ANTENNA__2355__A1/DIODE                 1.500000    1.573203   -0.073203 (VIOLATED)
ANTENNA__2641__A1/DIODE                 1.500000    1.573123   -0.073124 (VIOLATED)
_2641_/A1                               1.500000    1.572912   -0.072912 (VIOLATED)
ANTENNA_wire1027_X/DIODE                1.500000    1.569850   -0.069850 (VIOLATED)
wire1027/X                              1.500000    1.569632   -0.069632 (VIOLATED)
_2347_/A1                               1.500000    1.568607   -0.068607 (VIOLATED)
ANTENNA__2347__A1/DIODE                 1.500000    1.568556   -0.068556 (VIOLATED)
_2635_/A1                               1.500000    1.566297   -0.066297 (VIOLATED)
ANTENNA__2635__A1/DIODE                 1.500000    1.566260   -0.066260 (VIOLATED)
ANTENNA__2706__A1/DIODE                 1.500000    1.565593   -0.065593 (VIOLATED)
_2706_/A1                               1.500000    1.565080   -0.065080 (VIOLATED)
_2676_/A1                               1.500000    1.563559   -0.063559 (VIOLATED)
ANTENNA__2676__A1/DIODE                 1.500000    1.563114   -0.063114 (VIOLATED)
_2669_/A1                               1.500000    1.562140   -0.062140 (VIOLATED)
ANTENNA__2669__A1/DIODE                 1.500000    1.562103   -0.062103 (VIOLATED)
wire1045/A                              1.500000    1.561494   -0.061494 (VIOLATED)
ANTENNA_wire1045_A/DIODE                1.500000    1.561258   -0.061258 (VIOLATED)
fanout1206/A                            1.500000    1.555437   -0.055437 (VIOLATED)
ANTENNA_fanout1206_A/DIODE              1.500000    1.555250   -0.055250 (VIOLATED)
_1495_/A                                1.500000    1.553168   -0.053168 (VIOLATED)
ANTENNA__1495__A/DIODE                  1.500000    1.553132   -0.053132 (VIOLATED)
wire1391/A                              1.500000    1.553119   -0.053119 (VIOLATED)
ANTENNA_wire1391_A/DIODE                1.500000    1.552670   -0.052670 (VIOLATED)
fanout1223/A                            1.500000    1.551783   -0.051783 (VIOLATED)
ANTENNA__2722__A1/DIODE                 1.500000    1.549338   -0.049338 (VIOLATED)
_2722_/A1                               1.500000    1.549202   -0.049202 (VIOLATED)
_2674_/A1                               1.500000    1.548164   -0.048164 (VIOLATED)
ANTENNA__2674__A1/DIODE                 1.500000    1.548127   -0.048127 (VIOLATED)
_2718_/A1                               1.500000    1.547471   -0.047471 (VIOLATED)
ANTENNA__2718__A1/DIODE                 1.500000    1.547449   -0.047449 (VIOLATED)
ANTENNA_fanout1223_A/DIODE              1.500000    1.544440   -0.044440 (VIOLATED)
_2668_/A1                               1.500000    1.542077   -0.042077 (VIOLATED)
ANTENNA__2668__A1/DIODE                 1.500000    1.542029   -0.042029 (VIOLATED)
_1479_/A                                1.500000    1.540307   -0.040307 (VIOLATED)
ANTENNA__1479__A/DIODE                  1.500000    1.540278   -0.040278 (VIOLATED)
ANTENNA__2294__A1/DIODE                 1.500000    1.538243   -0.038243 (VIOLATED)
_2571_/A1                               1.500000    1.538133   -0.038133 (VIOLATED)
_2294_/A1                               1.500000    1.538126   -0.038126 (VIOLATED)
ANTENNA__2571__A1/DIODE                 1.500000    1.538119   -0.038119 (VIOLATED)
ANTENNA_283/DIODE                       1.500000    1.538074   -0.038074 (VIOLATED)
_2604_/A1                               1.500000    1.536130   -0.036130 (VIOLATED)
ANTENNA__2604__A1/DIODE                 1.500000    1.536067   -0.036067 (VIOLATED)
ANTENNA__2690__A1/DIODE                 1.500000    1.534093   -0.034093 (VIOLATED)
_2690_/A1                               1.500000    1.533541   -0.033541 (VIOLATED)
_2717_/A1                               1.500000    1.532223   -0.032223 (VIOLATED)
ANTENNA__2717__A1/DIODE                 1.500000    1.532180   -0.032180 (VIOLATED)
fanout1205/A                            1.500000    1.527865   -0.027865 (VIOLATED)
ANTENNA_fanout1205_A/DIODE              1.500000    1.527687   -0.027687 (VIOLATED)
_2637_/A1                               1.500000    1.527355   -0.027355 (VIOLATED)
ANTENNA__2637__A1/DIODE                 1.500000    1.527316   -0.027316 (VIOLATED)
ANTENNA_347/DIODE                       1.500000    1.526165   -0.026165 (VIOLATED)
ANTENNA_345/DIODE                       1.500000    1.525787   -0.025787 (VIOLATED)
_2702_/A1                               1.500000    1.525405   -0.025405 (VIOLATED)
ANTENNA__2702__A1/DIODE                 1.500000    1.525385   -0.025385 (VIOLATED)
_2732_/A1                               1.500000    1.525317   -0.025317 (VIOLATED)
ANTENNA__2732__A1/DIODE                 1.500000    1.525269   -0.025269 (VIOLATED)
ANTENNA_342/DIODE                       1.500000    1.525096   -0.025096 (VIOLATED)
ANTENNA_340/DIODE                       1.500000    1.524734   -0.024734 (VIOLATED)
ANTENNA_338/DIODE                       1.500000    1.524378   -0.024378 (VIOLATED)
ANTENNA_max_cap1408_X/DIODE             1.500000    1.524027   -0.024027 (VIOLATED)
_2709_/A1                               1.500000    1.523816   -0.023816 (VIOLATED)
ANTENNA_337/DIODE                       1.500000    1.523683   -0.023683 (VIOLATED)
ANTENNA__2709__A1/DIODE                 1.500000    1.523675   -0.023675 (VIOLATED)
ANTENNA_339/DIODE                       1.500000    1.523344   -0.023344 (VIOLATED)
ANTENNA_341/DIODE                       1.500000    1.523011   -0.023011 (VIOLATED)
ANTENNA_343/DIODE                       1.500000    1.522685   -0.022685 (VIOLATED)
ANTENNA_344/DIODE                       1.500000    1.522365   -0.022365 (VIOLATED)
ANTENNA_346/DIODE                       1.500000    1.522051   -0.022051 (VIOLATED)
_2572_/A1                               1.500000    1.520614   -0.020614 (VIOLATED)
ANTENNA__2572__A1/DIODE                 1.500000    1.520599   -0.020599 (VIOLATED)
_2753_/A1                               1.500000    1.520209   -0.020209 (VIOLATED)
ANTENNA__2753__A1/DIODE                 1.500000    1.520203   -0.020203 (VIOLATED)
wire1019/A                              1.500000    1.519898   -0.019898 (VIOLATED)
ANTENNA_wire1019_A/DIODE                1.500000    1.519732   -0.019732 (VIOLATED)
ANTENNA__2789__A0/DIODE                 1.500000    1.519633   -0.019634 (VIOLATED)
_2789_/A0                               1.500000    1.519615   -0.019615 (VIOLATED)
_2605_/A1                               1.500000    1.518048   -0.018048 (VIOLATED)
ANTENNA__2605__A1/DIODE                 1.500000    1.517576   -0.017576 (VIOLATED)
max_cap1408/X                           1.500000    1.515200   -0.015200 (VIOLATED)
ANTENNA__1539__A2/DIODE                 1.500000    1.513517   -0.013517 (VIOLATED)
_1539_/A2                               1.500000    1.513437   -0.013437 (VIOLATED)
_1478_/A                                1.500000    1.512929   -0.012929 (VIOLATED)
ANTENNA_376/DIODE                       1.500000    1.512917   -0.012917 (VIOLATED)
ANTENNA_377/DIODE                       1.500000    1.512901   -0.012901 (VIOLATED)
ANTENNA__1478__A/DIODE                  1.500000    1.512894   -0.012894 (VIOLATED)
_1538_/A2                               1.500000    1.512861   -0.012861 (VIOLATED)
ANTENNA_fanout1207_X/DIODE              1.500000    1.512781   -0.012781 (VIOLATED)
ANTENNA__2534__B2/DIODE                 1.500000    1.512781   -0.012781 (VIOLATED)
ANTENNA__1538__A2/DIODE                 1.500000    1.512766   -0.012766 (VIOLATED)
_2307_/A1                               1.500000    1.512634   -0.012634 (VIOLATED)
_2534_/B2                               1.500000    1.512596   -0.012596 (VIOLATED)
_2464_/A0                               1.500000    1.512590   -0.012590 (VIOLATED)
ANTENNA__2464__A0/DIODE                 1.500000    1.512587   -0.012587 (VIOLATED)
ANTENNA__2307__A1/DIODE                 1.500000    1.512333   -0.012333 (VIOLATED)
ANTENNA__1521__X/DIODE                  1.500000    1.511903   -0.011903 (VIOLATED)
_1521_/X                                1.500000    1.511848   -0.011848 (VIOLATED)
_2707_/A1                               1.500000    1.511356   -0.011356 (VIOLATED)
ANTENNA__2707__A1/DIODE                 1.500000    1.511317   -0.011317 (VIOLATED)
_2739_/A1                               1.500000    1.511160   -0.011160 (VIOLATED)
fanout1207/X                            1.500000    1.511087   -0.011087 (VIOLATED)
ANTENNA__2739__A1/DIODE                 1.500000    1.510637   -0.010637 (VIOLATED)
_2638_/A1                               1.500000    1.509689   -0.009689 (VIOLATED)
ANTENNA__2638__A1/DIODE                 1.500000    1.509650   -0.009650 (VIOLATED)
_2321_/A1                               1.500000    1.508891   -0.008891 (VIOLATED)
ANTENNA__2321__A1/DIODE                 1.500000    1.508696   -0.008696 (VIOLATED)
ANTENNA__2451__A0/DIODE                 1.500000    1.508179   -0.008179 (VIOLATED)
_2451_/A0                               1.500000    1.508147   -0.008147 (VIOLATED)
_2431_/A0                               1.500000    1.506821   -0.006821 (VIOLATED)
ANTENNA__2431__A0/DIODE                 1.500000    1.506782   -0.006782 (VIOLATED)
_2670_/A1                               1.500000    1.504702   -0.004702 (VIOLATED)
ANTENNA__2670__A1/DIODE                 1.500000    1.504661   -0.004661 (VIOLATED)
_2576_/A1                               1.500000    1.504496   -0.004496 (VIOLATED)
ANTENNA__2576__A1/DIODE                 1.500000    1.504396   -0.004396 (VIOLATED)
_2701_/A1                               1.500000    1.502163   -0.002163 (VIOLATED)
ANTENNA__2701__A1/DIODE                 1.500000    1.502125   -0.002125 (VIOLATED)
ANTENNA__2314__A1/DIODE                 1.500000    1.501119   -0.001119 (VIOLATED)
_2314_/A1                               1.500000    1.501095   -0.001095 (VIOLATED)
_2817_/B2                               1.500000    1.500740   -0.000741 (VIOLATED)
ANTENNA__2817__B2/DIODE                 1.500000    1.500660   -0.000660 (VIOLATED)
_2720_/A1                               1.500000    1.500557   -0.000557 (VIOLATED)
ANTENNA__2720__A1/DIODE                 1.500000    1.500510   -0.000510 (VIOLATED)

max fanout

Pin                                   Limit Fanout  Slack
---------------------------------------------------------
clkbuf_leaf_12_gpio_in[38]/X             20     51    -31 (VIOLATED)
clkbuf_leaf_30_gpio_in[38]/X             20     51    -31 (VIOLATED)
clkbuf_leaf_34_gpio_in[38]/X             20     51    -31 (VIOLATED)
clkbuf_leaf_47_gpio_in[38]/X             20     51    -31 (VIOLATED)
clkbuf_leaf_4_gpio_in[38]/X              20     49    -29 (VIOLATED)
clkbuf_leaf_14_gpio_in[38]/X             20     47    -27 (VIOLATED)
clkbuf_leaf_31_gpio_in[38]/X             20     47    -27 (VIOLATED)
clkbuf_leaf_22_gpio_in[38]/X             20     45    -25 (VIOLATED)
clkbuf_leaf_23_gpio_in[38]/X             20     45    -25 (VIOLATED)
clkbuf_leaf_33_gpio_in[38]/X             20     45    -25 (VIOLATED)
clkbuf_leaf_50_gpio_in[38]/X             20     45    -25 (VIOLATED)
clkbuf_leaf_11_gpio_in[38]/X             20     43    -23 (VIOLATED)
clkbuf_leaf_15_gpio_in[38]/X             20     43    -23 (VIOLATED)
clkbuf_leaf_25_gpio_in[38]/X             20     43    -23 (VIOLATED)
clkbuf_leaf_40_gpio_in[38]/X             20     43    -23 (VIOLATED)
clkbuf_leaf_27_gpio_in[38]/X             20     41    -21 (VIOLATED)
clkbuf_leaf_3_gpio_in[38]/X              20     41    -21 (VIOLATED)
clkbuf_leaf_2_gpio_in[38]/X              20     39    -19 (VIOLATED)
clkbuf_leaf_16_gpio_in[38]/X             20     37    -17 (VIOLATED)
clkbuf_leaf_24_gpio_in[38]/X             20     35    -15 (VIOLATED)
clkbuf_leaf_56_gpio_in[38]/X             20     35    -15 (VIOLATED)
clkbuf_leaf_19_gpio_in[38]/X             20     33    -13 (VIOLATED)
clkbuf_leaf_20_gpio_in[38]/X             20     33    -13 (VIOLATED)
clkbuf_leaf_49_gpio_in[38]/X             20     33    -13 (VIOLATED)
clkbuf_leaf_9_gpio_in[38]/X              20     33    -13 (VIOLATED)
clkbuf_leaf_13_gpio_in[38]/X             20     31    -11 (VIOLATED)
clkbuf_leaf_48_gpio_in[38]/X             20     31    -11 (VIOLATED)
max_cap809/X                             20     31    -11 (VIOLATED)
clkbuf_3_2_0_gpio_in[38]/X               20     29     -9 (VIOLATED)
clkbuf_leaf_29_gpio_in[38]/X             20     29     -9 (VIOLATED)
clkbuf_leaf_53_gpio_in[38]/X             20     29     -9 (VIOLATED)
clkbuf_leaf_54_gpio_in[38]/X             20     27     -7 (VIOLATED)
clkbuf_3_1_0_gpio_in[38]/X               20     25     -5 (VIOLATED)
clkbuf_leaf_66_gpio_in[38]/X             20     25     -5 (VIOLATED)
clkbuf_leaf_6_gpio_in[38]/X              20     25     -5 (VIOLATED)
fanout1284/X                             20     24     -4 (VIOLATED)
fanout1328/X                             20     24     -4 (VIOLATED)
clkbuf_leaf_1_gpio_in[38]/X              20     23     -3 (VIOLATED)
clkbuf_leaf_28_gpio_in[38]/X             20     23     -3 (VIOLATED)
fanout1197/X                             20     23     -3 (VIOLATED)
gpio_loopback_zero[25]                   20     22     -2 (VIOLATED)
gpio_loopback_zero[26]                   20     22     -2 (VIOLATED)
gpio_loopback_zero[30]                   20     22     -2 (VIOLATED)
gpio_loopback_zero[32]                   20     22     -2 (VIOLATED)
gpio_loopback_zero[38]                   20     22     -2 (VIOLATED)
fanout1123/X                             20     22     -2 (VIOLATED)
fanout1161/X                             20     22     -2 (VIOLATED)
fanout1178/X                             20     22     -2 (VIOLATED)
fanout1185/X                             20     22     -2 (VIOLATED)
fanout1194/X                             20     22     -2 (VIOLATED)
fanout1203/X                             20     22     -2 (VIOLATED)
fanout1215/X                             20     22     -2 (VIOLATED)
fanout1221/X                             20     22     -2 (VIOLATED)
fanout1250/X                             20     22     -2 (VIOLATED)
clkbuf_3_3_0_gpio_in[38]/X               20     21        (VIOLATED)
clkbuf_leaf_35_gpio_in[38]/X             20     21        (VIOLATED)
clkbuf_leaf_57_gpio_in[38]/X             20     21        (VIOLATED)
fanout1109/X                             20     21        (VIOLATED)
fanout1110/X                             20     21        (VIOLATED)
fanout1114/X                             20     21        (VIOLATED)
fanout1121/X                             20     21        (VIOLATED)
fanout1122/X                             20     21        (VIOLATED)
fanout1124/X                             20     21        (VIOLATED)
fanout1125/X                             20     21        (VIOLATED)
fanout1127/X                             20     21        (VIOLATED)
fanout1128/X                             20     21        (VIOLATED)
fanout1130/X                             20     21        (VIOLATED)
fanout1131/X                             20     21        (VIOLATED)
fanout1136/X                             20     21        (VIOLATED)
fanout1137/X                             20     21        (VIOLATED)
fanout1142/X                             20     21        (VIOLATED)
fanout1143/X                             20     21        (VIOLATED)
fanout1148/X                             20     21        (VIOLATED)
fanout1149/X                             20     21        (VIOLATED)
fanout1154/X                             20     21        (VIOLATED)
fanout1155/X                             20     21        (VIOLATED)
fanout1160/X                             20     21        (VIOLATED)
fanout1166/X                             20     21        (VIOLATED)
fanout1167/X                             20     21        (VIOLATED)
fanout1169/X                             20     21        (VIOLATED)
fanout1170/X                             20     21        (VIOLATED)
fanout1172/X                             20     21        (VIOLATED)
fanout1173/X                             20     21        (VIOLATED)
fanout1175/X                             20     21        (VIOLATED)
fanout1176/X                             20     21        (VIOLATED)
fanout1179/X                             20     21        (VIOLATED)
fanout1181/X                             20     21        (VIOLATED)
fanout1182/X                             20     21        (VIOLATED)
fanout1184/X                             20     21        (VIOLATED)
fanout1187/X                             20     21        (VIOLATED)
fanout1188/X                             20     21        (VIOLATED)
fanout1190/X                             20     21        (VIOLATED)
fanout1191/X                             20     21        (VIOLATED)
fanout1193/X                             20     21        (VIOLATED)
fanout1196/X                             20     21        (VIOLATED)
fanout1199/X                             20     21        (VIOLATED)
fanout1200/X                             20     21        (VIOLATED)
fanout1202/X                             20     21        (VIOLATED)
fanout1205/X                             20     21        (VIOLATED)
fanout1206/X                             20     21        (VIOLATED)
fanout1208/X                             20     21        (VIOLATED)
fanout1209/X                             20     21        (VIOLATED)
fanout1211/X                             20     21        (VIOLATED)
fanout1212/X                             20     21        (VIOLATED)
fanout1214/X                             20     21        (VIOLATED)
fanout1217/X                             20     21        (VIOLATED)
fanout1218/X                             20     21        (VIOLATED)
fanout1220/X                             20     21        (VIOLATED)
fanout1223/X                             20     21        (VIOLATED)
fanout1224/X                             20     21        (VIOLATED)
fanout1226/X                             20     21        (VIOLATED)
fanout1227/X                             20     21        (VIOLATED)
fanout1229/X                             20     21        (VIOLATED)
fanout1230/X                             20     21        (VIOLATED)
fanout1232/X                             20     21        (VIOLATED)
fanout1233/X                             20     21        (VIOLATED)
fanout1243/X                             20     21        (VIOLATED)
fanout1245/X                             20     21        (VIOLATED)
fanout1247/X                             20     21        (VIOLATED)
fanout1248/X                             20     21        (VIOLATED)
fanout1249/X                             20     21        (VIOLATED)
fanout1254/X                             20     21        (VIOLATED)
fanout1257/X                             20     21        (VIOLATED)
fanout1258/X                             20     21        (VIOLATED)
fanout1260/X                             20     21        (VIOLATED)
fanout1261/X                             20     21        (VIOLATED)
fanout1263/X                             20     21        (VIOLATED)
fanout1285/X                             20     21        (VIOLATED)
fanout1287/X                             20     21        (VIOLATED)
fanout1288/X                             20     21        (VIOLATED)
fanout1289/X                             20     21        (VIOLATED)
fanout1291/X                             20     21        (VIOLATED)
fanout1292/X                             20     21        (VIOLATED)
fanout1293/X                             20     21        (VIOLATED)
fanout1294/X                             20     21        (VIOLATED)
fanout1322/X                             20     21        (VIOLATED)
fanout1325/X                             20     21        (VIOLATED)
fanout1331/X                             20     21        (VIOLATED)
fanout1334/X                             20     21        (VIOLATED)
fanout1337/X                             20     21        (VIOLATED)
fanout1340/X                             20     21        (VIOLATED)
fanout1343/X                             20     21        (VIOLATED)
fanout1346/X                             20     21        (VIOLATED)
fanout1349/X                             20     21        (VIOLATED)
fanout1352/X                             20     21        (VIOLATED)
fanout1355/X                             20     21        (VIOLATED)
fanout1358/X                             20     21        (VIOLATED)
fanout1361/X                             20     21        (VIOLATED)
fanout1364/X                             20     21        (VIOLATED)
fanout1367/X                             20     21        (VIOLATED)
fanout1370/X                             20     21        (VIOLATED)
fanout1373/X                             20     21        (VIOLATED)
fanout1376/X                             20     21        (VIOLATED)
fanout1379/X                             20     21        (VIOLATED)
fanout1392/X                             20     21        (VIOLATED)
fanout1393/X                             20     21        (VIOLATED)
fanout1396/X                             20     21        (VIOLATED)
fanout636/X                              20     21        (VIOLATED)
fanout655/X                              20     21        (VIOLATED)
fanout671/X                              20     21        (VIOLATED)
fanout765/X                              20     21        (VIOLATED)
fanout769/X                              20     21        (VIOLATED)
fanout773/X                              20     21        (VIOLATED)
fanout786/X                              20     21        (VIOLATED)
fanout788/X                              20     21        (VIOLATED)
fanout789/X                              20     21        (VIOLATED)
fanout791/X                              20     21        (VIOLATED)
fanout812/X                              20     21        (VIOLATED)
fanout813/X                              20     21        (VIOLATED)

max capacitance

Pin                                        Limit         Cap       Slack
------------------------------------------------------------------------
wire933/X                               0.353403    1.754850   -1.401447 (VIOLATED)
wire942/X                               0.353403    1.694906   -1.341504 (VIOLATED)
_1535_/X                                0.353403    1.263385   -0.909982 (VIOLATED)
wire1035/X                              0.495310    1.227011   -0.731701 (VIOLATED)
wire951/X                               0.181284    0.599113   -0.417829 (VIOLATED)
_1541_/X                                0.353403    0.598175   -0.244772 (VIOLATED)
_1576_/Y                                0.179453    0.403980   -0.224527 (VIOLATED)
_1545_/X                                0.187693    0.400683   -0.212990 (VIOLATED)
_1580_/Y                                0.179453    0.333964   -0.154511 (VIOLATED)
wire900/X                               0.353403    0.487225   -0.133822 (VIOLATED)
_1582_/Y                                0.055857    0.186260   -0.130403 (VIOLATED)
_1547_/X                                0.187693    0.302576   -0.114883 (VIOLATED)
wire882/X                               0.353403    0.436292   -0.082889 (VIOLATED)
wire864/X                               0.181284    0.259114   -0.077830 (VIOLATED)
_1557_/X                                0.189524    0.265298   -0.075774 (VIOLATED)
wire891/X                               0.353403    0.420052   -0.066649 (VIOLATED)
_1339_/Y                                0.050364    0.106677   -0.056313 (VIOLATED)
wire941/X                               0.585947    0.609600   -0.023653 (VIOLATED)
_1529_/X                                0.353403    0.374647   -0.021244 (VIOLATED)
_1553_/X                                0.189524    0.202404   -0.012880 (VIOLATED)
_1583_/Y                                0.179453    0.189282   -0.009829 (VIOLATED)



===========================================================================
report_parasitic_annotation -report_unannotated
============================================================================
Found 217 unannotated drivers.
 analog_io[0]
 analog_io[10]
 analog_io[11]
 analog_io[12]
 analog_io[13]
 analog_io[14]
 analog_io[15]
 analog_io[16]
 analog_io[17]
 analog_io[18]
 analog_io[19]
 analog_io[1]
 analog_io[20]
 analog_io[21]
 analog_io[22]
 analog_io[23]
 analog_io[24]
 analog_io[25]
 analog_io[26]
 analog_io[27]
 analog_io[28]
 analog_io[29]
 analog_io[2]
 analog_io[30]
 analog_io[31]
 analog_io[32]
 analog_io[33]
 analog_io[34]
 analog_io[35]
 analog_io[36]
 analog_io[37]
 analog_io[38]
 analog_io[39]
 analog_io[3]
 analog_io[40]
 analog_io[41]
 analog_io[42]
 analog_io[43]
 analog_io[4]
 analog_io[5]
 analog_io[6]
 analog_io[7]
 analog_io[8]
 analog_io[9]
 analog_noesd_io[0]
 analog_noesd_io[10]
 analog_noesd_io[11]
 analog_noesd_io[12]
 analog_noesd_io[13]
 analog_noesd_io[14]
 analog_noesd_io[15]
 analog_noesd_io[16]
 analog_noesd_io[17]
 analog_noesd_io[18]
 analog_noesd_io[19]
 analog_noesd_io[1]
 analog_noesd_io[20]
 analog_noesd_io[21]
 analog_noesd_io[22]
 analog_noesd_io[23]
 analog_noesd_io[24]
 analog_noesd_io[25]
 analog_noesd_io[26]
 analog_noesd_io[27]
 analog_noesd_io[28]
 analog_noesd_io[29]
 analog_noesd_io[2]
 analog_noesd_io[30]
 analog_noesd_io[31]
 analog_noesd_io[32]
 analog_noesd_io[33]
 analog_noesd_io[34]
 analog_noesd_io[35]
 analog_noesd_io[36]
 analog_noesd_io[37]
 analog_noesd_io[38]
 analog_noesd_io[39]
 analog_noesd_io[3]
 analog_noesd_io[40]
 analog_noesd_io[41]
 analog_noesd_io[42]
 analog_noesd_io[43]
 analog_noesd_io[4]
 analog_noesd_io[5]
 analog_noesd_io[6]
 analog_noesd_io[7]
 analog_noesd_io[8]
 analog_noesd_io[9]
 gpio_in[14]
 gpio_in[29]
 gpio_in_h[0]
 gpio_in_h[10]
 gpio_in_h[11]
 gpio_in_h[12]
 gpio_in_h[13]
 gpio_in_h[14]
 gpio_in_h[15]
 gpio_in_h[16]
 gpio_in_h[17]
 gpio_in_h[18]
 gpio_in_h[19]
 gpio_in_h[1]
 gpio_in_h[20]
 gpio_in_h[21]
 gpio_in_h[22]
 gpio_in_h[23]
 gpio_in_h[24]
 gpio_in_h[25]
 gpio_in_h[26]
 gpio_in_h[27]
 gpio_in_h[28]
 gpio_in_h[29]
 gpio_in_h[2]
 gpio_in_h[30]
 gpio_in_h[31]
 gpio_in_h[32]
 gpio_in_h[33]
 gpio_in_h[34]
 gpio_in_h[35]
 gpio_in_h[36]
 gpio_in_h[37]
 gpio_in_h[38]
 gpio_in_h[39]
 gpio_in_h[3]
 gpio_in_h[40]
 gpio_in_h[41]
 gpio_in_h[42]
 gpio_in_h[43]
 gpio_in_h[4]
 gpio_in_h[5]
 gpio_in_h[6]
 gpio_in_h[7]
 gpio_in_h[8]
 gpio_in_h[9]
 gpio_loopback_one[0]
 gpio_loopback_zero[0]
 por_l
 porb_h
 porb_l
 resetb_h
 _4019__1452/LO
 clkload0/Y
 clkload1/Y
 clkload10/Y
 clkload11/X
 clkload12/Y
 clkload13/Y
 clkload14/Y
 clkload15/X
 clkload16/Y
 clkload17/Y
 clkload18/Y
 clkload19/Y
 clkload2/Y
 clkload20/Y
 clkload21/Y
 clkload22/Y
 clkload23/Y
 clkload24/Y
 clkload25/Y
 clkload26/Y
 clkload27/Y
 clkload28/Y
 clkload29/Y
 clkload3/Y
 clkload30/Y
 clkload31/Y
 clkload32/Y
 clkload33/X
 clkload34/Y
 clkload35/Y
 clkload36/Y
 clkload37/Y
 clkload38/Y
 clkload39/Y
 clkload4/Y
 clkload40/Y
 clkload41/Y
 clkload42/Y
 clkload43/Y
 clkload44/Y
 clkload45/Y
 clkload46/Y
 clkload47/Y
 clkload48/Y
 clkload49/Y
 clkload5/Y
 clkload50/Y
 clkload51/Y
 clkload52/Y
 clkload53/Y
 clkload54/Y
 clkload55/Y
 clkload56/Y
 clkload57/Y
 clkload58/Y
 clkload59/Y
 clkload6/Y
 clkload60/Y
 clkload61/Y
 clkload62/Y
 clkload7/Y
 clkload8/Y
 clkload9/Y
 openframe_project_wrapper_1440/HI
 openframe_project_wrapper_1441/HI
 openframe_project_wrapper_1442/HI
 openframe_project_wrapper_1443/HI
 openframe_project_wrapper_1444/HI
 openframe_project_wrapper_1445/HI
 openframe_project_wrapper_1446/HI
 openframe_project_wrapper_1447/HI
 openframe_project_wrapper_1448/HI
 openframe_project_wrapper_1449/HI
 openframe_project_wrapper_1450/HI
 openframe_project_wrapper_1451/HI
 openframe_project_wrapper_1453/LO
Found 0 partially unannotated drivers.

===========================================================================
max slew violation count 811
max fanout violation count 169
max cap violation count 21
============================================================================

===========================================================================
check_setup -verbose -unconstrained_endpoints -multiple_clock -no_clock -no_input_delay -loops -generated_clocks
===========================================================================
Warning: There are 300 input ports missing set_input_delay.
  analog_io[0]
  analog_io[10]
  analog_io[11]
  analog_io[12]
  analog_io[13]
  analog_io[14]
  analog_io[15]
  analog_io[16]
  analog_io[17]
  analog_io[18]
  analog_io[19]
  analog_io[1]
  analog_io[20]
  analog_io[21]
  analog_io[22]
  analog_io[23]
  analog_io[24]
  analog_io[25]
  analog_io[26]
  analog_io[27]
  analog_io[28]
  analog_io[29]
  analog_io[2]
  analog_io[30]
  analog_io[31]
  analog_io[32]
  analog_io[33]
  analog_io[34]
  analog_io[35]
  analog_io[36]
  analog_io[37]
  analog_io[38]
  analog_io[39]
  analog_io[3]
  analog_io[40]
  analog_io[41]
  analog_io[42]
  analog_io[43]
  analog_io[4]
  analog_io[5]
  analog_io[6]
  analog_io[7]
  analog_io[8]
  analog_io[9]
  analog_noesd_io[0]
  analog_noesd_io[10]
  analog_noesd_io[11]
  analog_noesd_io[12]
  analog_noesd_io[13]
  analog_noesd_io[14]
  analog_noesd_io[15]
  analog_noesd_io[16]
  analog_noesd_io[17]
  analog_noesd_io[18]
  analog_noesd_io[19]
  analog_noesd_io[1]
  analog_noesd_io[20]
  analog_noesd_io[21]
  analog_noesd_io[22]
  analog_noesd_io[23]
  analog_noesd_io[24]
  analog_noesd_io[25]
  analog_noesd_io[26]
  analog_noesd_io[27]
  analog_noesd_io[28]
  analog_noesd_io[29]
  analog_noesd_io[2]
  analog_noesd_io[30]
  analog_noesd_io[31]
  analog_noesd_io[32]
  analog_noesd_io[33]
  analog_noesd_io[34]
  analog_noesd_io[35]
  analog_noesd_io[36]
  analog_noesd_io[37]
  analog_noesd_io[38]
  analog_noesd_io[39]
  analog_noesd_io[3]
  analog_noesd_io[40]
  analog_noesd_io[41]
  analog_noesd_io[42]
  analog_noesd_io[43]
  analog_noesd_io[4]
  analog_noesd_io[5]
  analog_noesd_io[6]
  analog_noesd_io[7]
  analog_noesd_io[8]
  analog_noesd_io[9]
  gpio_in[0]
  gpio_in[10]
  gpio_in[11]
  gpio_in[12]
  gpio_in[13]
  gpio_in[14]
  gpio_in[15]
  gpio_in[16]
  gpio_in[17]
  gpio_in[18]
  gpio_in[19]
  gpio_in[1]
  gpio_in[20]
  gpio_in[21]
  gpio_in[22]
  gpio_in[23]
  gpio_in[24]
  gpio_in[25]
  gpio_in[26]
  gpio_in[27]
  gpio_in[28]
  gpio_in[29]
  gpio_in[2]
  gpio_in[30]
  gpio_in[31]
  gpio_in[32]
  gpio_in[33]
  gpio_in[34]
  gpio_in[35]
  gpio_in[36]
  gpio_in[37]
  gpio_in[39]
  gpio_in[3]
  gpio_in[40]
  gpio_in[41]
  gpio_in[42]
  gpio_in[43]
  gpio_in[4]
  gpio_in[5]
  gpio_in[6]
  gpio_in[7]
  gpio_in[8]
  gpio_in[9]
  gpio_in_h[0]
  gpio_in_h[10]
  gpio_in_h[11]
  gpio_in_h[12]
  gpio_in_h[13]
  gpio_in_h[14]
  gpio_in_h[15]
  gpio_in_h[16]
  gpio_in_h[17]
  gpio_in_h[18]
  gpio_in_h[19]
  gpio_in_h[1]
  gpio_in_h[20]
  gpio_in_h[21]
  gpio_in_h[22]
  gpio_in_h[23]
  gpio_in_h[24]
  gpio_in_h[25]
  gpio_in_h[26]
  gpio_in_h[27]
  gpio_in_h[28]
  gpio_in_h[29]
  gpio_in_h[2]
  gpio_in_h[30]
  gpio_in_h[31]
  gpio_in_h[32]
  gpio_in_h[33]
  gpio_in_h[34]
  gpio_in_h[35]
  gpio_in_h[36]
  gpio_in_h[37]
  gpio_in_h[38]
  gpio_in_h[39]
  gpio_in_h[3]
  gpio_in_h[40]
  gpio_in_h[41]
  gpio_in_h[42]
  gpio_in_h[43]
  gpio_in_h[4]
  gpio_in_h[5]
  gpio_in_h[6]
  gpio_in_h[7]
  gpio_in_h[8]
  gpio_in_h[9]
  gpio_loopback_one[0]
  gpio_loopback_one[10]
  gpio_loopback_one[11]
  gpio_loopback_one[12]
  gpio_loopback_one[13]
  gpio_loopback_one[14]
  gpio_loopback_one[15]
  gpio_loopback_one[16]
  gpio_loopback_one[17]
  gpio_loopback_one[18]
  gpio_loopback_one[19]
  gpio_loopback_one[1]
  gpio_loopback_one[20]
  gpio_loopback_one[21]
  gpio_loopback_one[22]
  gpio_loopback_one[23]
  gpio_loopback_one[24]
  gpio_loopback_one[25]
  gpio_loopback_one[26]
  gpio_loopback_one[27]
  gpio_loopback_one[28]
  gpio_loopback_one[29]
  gpio_loopback_one[2]
  gpio_loopback_one[30]
  gpio_loopback_one[31]
  gpio_loopback_one[32]
  gpio_loopback_one[33]
  gpio_loopback_one[34]
  gpio_loopback_one[35]
  gpio_loopback_one[36]
  gpio_loopback_one[37]
  gpio_loopback_one[38]
  gpio_loopback_one[39]
  gpio_loopback_one[3]
  gpio_loopback_one[40]
  gpio_loopback_one[41]
  gpio_loopback_one[42]
  gpio_loopback_one[43]
  gpio_loopback_one[4]
  gpio_loopback_one[5]
  gpio_loopback_one[6]
  gpio_loopback_one[7]
  gpio_loopback_one[8]
  gpio_loopback_one[9]
  gpio_loopback_zero[0]
  gpio_loopback_zero[10]
  gpio_loopback_zero[11]
  gpio_loopback_zero[12]
  gpio_loopback_zero[13]
  gpio_loopback_zero[14]
  gpio_loopback_zero[15]
  gpio_loopback_zero[16]
  gpio_loopback_zero[17]
  gpio_loopback_zero[18]
  gpio_loopback_zero[19]
  gpio_loopback_zero[1]
  gpio_loopback_zero[20]
  gpio_loopback_zero[21]
  gpio_loopback_zero[22]
  gpio_loopback_zero[23]
  gpio_loopback_zero[24]
  gpio_loopback_zero[25]
  gpio_loopback_zero[26]
  gpio_loopback_zero[27]
  gpio_loopback_zero[28]
  gpio_loopback_zero[29]
  gpio_loopback_zero[2]
  gpio_loopback_zero[30]
  gpio_loopback_zero[31]
  gpio_loopback_zero[32]
  gpio_loopback_zero[33]
  gpio_loopback_zero[34]
  gpio_loopback_zero[35]
  gpio_loopback_zero[36]
  gpio_loopback_zero[37]
  gpio_loopback_zero[38]
  gpio_loopback_zero[39]
  gpio_loopback_zero[3]
  gpio_loopback_zero[40]
  gpio_loopback_zero[41]
  gpio_loopback_zero[42]
  gpio_loopback_zero[43]
  gpio_loopback_zero[4]
  gpio_loopback_zero[5]
  gpio_loopback_zero[6]
  gpio_loopback_zero[7]
  gpio_loopback_zero[8]
  gpio_loopback_zero[9]
  mask_rev[0]
  mask_rev[10]
  mask_rev[11]
  mask_rev[12]
  mask_rev[13]
  mask_rev[14]
  mask_rev[15]
  mask_rev[16]
  mask_rev[17]
  mask_rev[18]
  mask_rev[19]
  mask_rev[1]
  mask_rev[20]
  mask_rev[21]
  mask_rev[22]
  mask_rev[23]
  mask_rev[24]
  mask_rev[25]
  mask_rev[26]
  mask_rev[27]
  mask_rev[28]
  mask_rev[29]
  mask_rev[2]
  mask_rev[30]
  mask_rev[31]
  mask_rev[3]
  mask_rev[4]
  mask_rev[5]
  mask_rev[6]
  mask_rev[7]
  mask_rev[8]
  mask_rev[9]
  por_l
  porb_h
  porb_l
  resetb_h
  resetb_l
Warning: There are 51 unclocked register/latch pins.
  _3207_/CLK
  _3208_/CLK
  _3209_/CLK
  _3210_/CLK
  _3211_/CLK
  _3212_/CLK
  _3213_/CLK
  _4025_/CLK
  _4026_/CLK
  _4027_/CLK
  _4028_/CLK
  _4029_/CLK
  _4030_/CLK
  _4031_/CLK
  _4032_/CLK
  _4033_/CLK
  _4034_/CLK
  _4035_/CLK
  _4036_/CLK
  _4037_/CLK
  _4038_/CLK
  _4039_/CLK
  _4040_/CLK
  _4041_/CLK
  _4042_/CLK
  _4043_/CLK
  _4044_/CLK
  _4045_/CLK
  _4046_/CLK
  _4047_/CLK
  _4048_/CLK
  _4049_/CLK
  _4050_/CLK
  _4051_/CLK
  _4052_/CLK
  _4053_/CLK
  _4054_/CLK
  _4055_/CLK
  _4056_/CLK
  _4057_/CLK
  _4058_/CLK
  _4059_/CLK
  _4060_/CLK
  _4061_/CLK
  _4062_/CLK
  _4063_/CLK
  _4064_/CLK
  _4065_/CLK
  _4066_/CLK
  _4067_/CLK
  _4068_/CLK
Warning: There are 717 unconstrained endpoints.
  analog_io[0]
  analog_io[10]
  analog_io[11]
  analog_io[12]
  analog_io[13]
  analog_io[14]
  analog_io[15]
  analog_io[16]
  analog_io[17]
  analog_io[18]
  analog_io[19]
  analog_io[1]
  analog_io[20]
  analog_io[21]
  analog_io[22]
  analog_io[23]
  analog_io[24]
  analog_io[25]
  analog_io[26]
  analog_io[27]
  analog_io[28]
  analog_io[29]
  analog_io[2]
  analog_io[30]
  analog_io[31]
  analog_io[32]
  analog_io[33]
  analog_io[34]
  analog_io[35]
  analog_io[36]
  analog_io[37]
  analog_io[38]
  analog_io[39]
  analog_io[3]
  analog_io[40]
  analog_io[41]
  analog_io[42]
  analog_io[43]
  analog_io[4]
  analog_io[5]
  analog_io[6]
  analog_io[7]
  analog_io[8]
  analog_io[9]
  analog_noesd_io[0]
  analog_noesd_io[10]
  analog_noesd_io[11]
  analog_noesd_io[12]
  analog_noesd_io[13]
  analog_noesd_io[14]
  analog_noesd_io[15]
  analog_noesd_io[16]
  analog_noesd_io[17]
  analog_noesd_io[18]
  analog_noesd_io[19]
  analog_noesd_io[1]
  analog_noesd_io[20]
  analog_noesd_io[21]
  analog_noesd_io[22]
  analog_noesd_io[23]
  analog_noesd_io[24]
  analog_noesd_io[25]
  analog_noesd_io[26]
  analog_noesd_io[27]
  analog_noesd_io[28]
  analog_noesd_io[29]
  analog_noesd_io[2]
  analog_noesd_io[30]
  analog_noesd_io[31]
  analog_noesd_io[32]
  analog_noesd_io[33]
  analog_noesd_io[34]
  analog_noesd_io[35]
  analog_noesd_io[36]
  analog_noesd_io[37]
  analog_noesd_io[38]
  analog_noesd_io[39]
  analog_noesd_io[3]
  analog_noesd_io[40]
  analog_noesd_io[41]
  analog_noesd_io[42]
  analog_noesd_io[43]
  analog_noesd_io[4]
  analog_noesd_io[5]
  analog_noesd_io[6]
  analog_noesd_io[7]
  analog_noesd_io[8]
  analog_noesd_io[9]
  gpio_analog_en[0]
  gpio_analog_en[10]
  gpio_analog_en[11]
  gpio_analog_en[12]
  gpio_analog_en[13]
  gpio_analog_en[14]
  gpio_analog_en[15]
  gpio_analog_en[16]
  gpio_analog_en[17]
  gpio_analog_en[18]
  gpio_analog_en[19]
  gpio_analog_en[1]
  gpio_analog_en[20]
  gpio_analog_en[21]
  gpio_analog_en[22]
  gpio_analog_en[23]
  gpio_analog_en[24]
  gpio_analog_en[25]
  gpio_analog_en[26]
  gpio_analog_en[27]
  gpio_analog_en[28]
  gpio_analog_en[29]
  gpio_analog_en[2]
  gpio_analog_en[30]
  gpio_analog_en[31]
  gpio_analog_en[32]
  gpio_analog_en[33]
  gpio_analog_en[34]
  gpio_analog_en[35]
  gpio_analog_en[36]
  gpio_analog_en[37]
  gpio_analog_en[38]
  gpio_analog_en[39]
  gpio_analog_en[3]
  gpio_analog_en[40]
  gpio_analog_en[41]
  gpio_analog_en[42]
  gpio_analog_en[43]
  gpio_analog_en[4]
  gpio_analog_en[5]
  gpio_analog_en[6]
  gpio_analog_en[7]
  gpio_analog_en[8]
  gpio_analog_en[9]
  gpio_analog_pol[0]
  gpio_analog_pol[10]
  gpio_analog_pol[11]
  gpio_analog_pol[12]
  gpio_analog_pol[13]
  gpio_analog_pol[14]
  gpio_analog_pol[15]
  gpio_analog_pol[16]
  gpio_analog_pol[17]
  gpio_analog_pol[18]
  gpio_analog_pol[19]
  gpio_analog_pol[1]
  gpio_analog_pol[20]
  gpio_analog_pol[21]
  gpio_analog_pol[22]
  gpio_analog_pol[23]
  gpio_analog_pol[24]
  gpio_analog_pol[25]
  gpio_analog_pol[26]
  gpio_analog_pol[27]
  gpio_analog_pol[28]
  gpio_analog_pol[29]
  gpio_analog_pol[2]
  gpio_analog_pol[30]
  gpio_analog_pol[31]
  gpio_analog_pol[32]
  gpio_analog_pol[33]
  gpio_analog_pol[34]
  gpio_analog_pol[35]
  gpio_analog_pol[36]
  gpio_analog_pol[37]
  gpio_analog_pol[38]
  gpio_analog_pol[39]
  gpio_analog_pol[3]
  gpio_analog_pol[40]
  gpio_analog_pol[41]
  gpio_analog_pol[42]
  gpio_analog_pol[43]
  gpio_analog_pol[4]
  gpio_analog_pol[5]
  gpio_analog_pol[6]
  gpio_analog_pol[7]
  gpio_analog_pol[8]
  gpio_analog_pol[9]
  gpio_analog_sel[0]
  gpio_analog_sel[10]
  gpio_analog_sel[11]
  gpio_analog_sel[12]
  gpio_analog_sel[13]
  gpio_analog_sel[14]
  gpio_analog_sel[15]
  gpio_analog_sel[16]
  gpio_analog_sel[17]
  gpio_analog_sel[18]
  gpio_analog_sel[19]
  gpio_analog_sel[1]
  gpio_analog_sel[20]
  gpio_analog_sel[21]
  gpio_analog_sel[22]
  gpio_analog_sel[23]
  gpio_analog_sel[24]
  gpio_analog_sel[25]
  gpio_analog_sel[26]
  gpio_analog_sel[27]
  gpio_analog_sel[28]
  gpio_analog_sel[29]
  gpio_analog_sel[2]
  gpio_analog_sel[30]
  gpio_analog_sel[31]
  gpio_analog_sel[32]
  gpio_analog_sel[33]
  gpio_analog_sel[34]
  gpio_analog_sel[35]
  gpio_analog_sel[36]
  gpio_analog_sel[37]
  gpio_analog_sel[38]
  gpio_analog_sel[39]
  gpio_analog_sel[3]
  gpio_analog_sel[40]
  gpio_analog_sel[41]
  gpio_analog_sel[42]
  gpio_analog_sel[43]
  gpio_analog_sel[4]
  gpio_analog_sel[5]
  gpio_analog_sel[6]
  gpio_analog_sel[7]
  gpio_analog_sel[8]
  gpio_analog_sel[9]
  gpio_dm0[0]
  gpio_dm0[10]
  gpio_dm0[11]
  gpio_dm0[12]
  gpio_dm0[13]
  gpio_dm0[14]
  gpio_dm0[15]
  gpio_dm0[16]
  gpio_dm0[17]
  gpio_dm0[18]
  gpio_dm0[19]
  gpio_dm0[1]
  gpio_dm0[20]
  gpio_dm0[21]
  gpio_dm0[22]
  gpio_dm0[23]
  gpio_dm0[24]
  gpio_dm0[25]
  gpio_dm0[26]
  gpio_dm0[27]
  gpio_dm0[28]
  gpio_dm0[29]
  gpio_dm0[2]
  gpio_dm0[30]
  gpio_dm0[31]
  gpio_dm0[32]
  gpio_dm0[33]
  gpio_dm0[34]
  gpio_dm0[35]
  gpio_dm0[36]
  gpio_dm0[37]
  gpio_dm0[38]
  gpio_dm0[39]
  gpio_dm0[3]
  gpio_dm0[40]
  gpio_dm0[41]
  gpio_dm0[42]
  gpio_dm0[43]
  gpio_dm0[4]
  gpio_dm0[5]
  gpio_dm0[6]
  gpio_dm0[7]
  gpio_dm0[8]
  gpio_dm0[9]
  gpio_dm1[0]
  gpio_dm1[10]
  gpio_dm1[11]
  gpio_dm1[12]
  gpio_dm1[13]
  gpio_dm1[14]
  gpio_dm1[15]
  gpio_dm1[16]
  gpio_dm1[17]
  gpio_dm1[18]
  gpio_dm1[19]
  gpio_dm1[1]
  gpio_dm1[20]
  gpio_dm1[21]
  gpio_dm1[22]
  gpio_dm1[23]
  gpio_dm1[24]
  gpio_dm1[25]
  gpio_dm1[26]
  gpio_dm1[27]
  gpio_dm1[28]
  gpio_dm1[29]
  gpio_dm1[2]
  gpio_dm1[30]
  gpio_dm1[31]
  gpio_dm1[32]
  gpio_dm1[33]
  gpio_dm1[34]
  gpio_dm1[35]
  gpio_dm1[36]
  gpio_dm1[37]
  gpio_dm1[38]
  gpio_dm1[39]
  gpio_dm1[3]
  gpio_dm1[40]
  gpio_dm1[41]
  gpio_dm1[42]
  gpio_dm1[43]
  gpio_dm1[4]
  gpio_dm1[5]
  gpio_dm1[6]
  gpio_dm1[7]
  gpio_dm1[8]
  gpio_dm1[9]
  gpio_dm2[0]
  gpio_dm2[10]
  gpio_dm2[11]
  gpio_dm2[12]
  gpio_dm2[13]
  gpio_dm2[14]
  gpio_dm2[15]
  gpio_dm2[16]
  gpio_dm2[17]
  gpio_dm2[18]
  gpio_dm2[19]
  gpio_dm2[1]
  gpio_dm2[20]
  gpio_dm2[21]
  gpio_dm2[22]
  gpio_dm2[23]
  gpio_dm2[24]
  gpio_dm2[25]
  gpio_dm2[26]
  gpio_dm2[27]
  gpio_dm2[28]
  gpio_dm2[29]
  gpio_dm2[2]
  gpio_dm2[30]
  gpio_dm2[31]
  gpio_dm2[32]
  gpio_dm2[33]
  gpio_dm2[34]
  gpio_dm2[35]
  gpio_dm2[36]
  gpio_dm2[37]
  gpio_dm2[38]
  gpio_dm2[39]
  gpio_dm2[3]
  gpio_dm2[40]
  gpio_dm2[41]
  gpio_dm2[42]
  gpio_dm2[43]
  gpio_dm2[4]
  gpio_dm2[5]
  gpio_dm2[6]
  gpio_dm2[7]
  gpio_dm2[8]
  gpio_dm2[9]
  gpio_holdover[0]
  gpio_holdover[10]
  gpio_holdover[11]
  gpio_holdover[12]
  gpio_holdover[13]
  gpio_holdover[14]
  gpio_holdover[15]
  gpio_holdover[16]
  gpio_holdover[17]
  gpio_holdover[18]
  gpio_holdover[19]
  gpio_holdover[1]
  gpio_holdover[20]
  gpio_holdover[21]
  gpio_holdover[22]
  gpio_holdover[23]
  gpio_holdover[24]
  gpio_holdover[25]
  gpio_holdover[26]
  gpio_holdover[27]
  gpio_holdover[28]
  gpio_holdover[29]
  gpio_holdover[2]
  gpio_holdover[30]
  gpio_holdover[31]
  gpio_holdover[32]
  gpio_holdover[33]
  gpio_holdover[34]
  gpio_holdover[35]
  gpio_holdover[36]
  gpio_holdover[37]
  gpio_holdover[38]
  gpio_holdover[39]
  gpio_holdover[3]
  gpio_holdover[40]
  gpio_holdover[41]
  gpio_holdover[42]
  gpio_holdover[43]
  gpio_holdover[4]
  gpio_holdover[5]
  gpio_holdover[6]
  gpio_holdover[7]
  gpio_holdover[8]
  gpio_holdover[9]
  gpio_ib_mode_sel[0]
  gpio_ib_mode_sel[10]
  gpio_ib_mode_sel[11]
  gpio_ib_mode_sel[12]
  gpio_ib_mode_sel[13]
  gpio_ib_mode_sel[14]
  gpio_ib_mode_sel[15]
  gpio_ib_mode_sel[16]
  gpio_ib_mode_sel[17]
  gpio_ib_mode_sel[18]
  gpio_ib_mode_sel[19]
  gpio_ib_mode_sel[1]
  gpio_ib_mode_sel[20]
  gpio_ib_mode_sel[21]
  gpio_ib_mode_sel[22]
  gpio_ib_mode_sel[23]
  gpio_ib_mode_sel[24]
  gpio_ib_mode_sel[25]
  gpio_ib_mode_sel[26]
  gpio_ib_mode_sel[27]
  gpio_ib_mode_sel[28]
  gpio_ib_mode_sel[29]
  gpio_ib_mode_sel[2]
  gpio_ib_mode_sel[30]
  gpio_ib_mode_sel[31]
  gpio_ib_mode_sel[32]
  gpio_ib_mode_sel[33]
  gpio_ib_mode_sel[34]
  gpio_ib_mode_sel[35]
  gpio_ib_mode_sel[36]
  gpio_ib_mode_sel[37]
  gpio_ib_mode_sel[38]
  gpio_ib_mode_sel[39]
  gpio_ib_mode_sel[3]
  gpio_ib_mode_sel[40]
  gpio_ib_mode_sel[41]
  gpio_ib_mode_sel[42]
  gpio_ib_mode_sel[43]
  gpio_ib_mode_sel[4]
  gpio_ib_mode_sel[5]
  gpio_ib_mode_sel[6]
  gpio_ib_mode_sel[7]
  gpio_ib_mode_sel[8]
  gpio_ib_mode_sel[9]
  gpio_inp_dis[0]
  gpio_inp_dis[10]
  gpio_inp_dis[11]
  gpio_inp_dis[12]
  gpio_inp_dis[13]
  gpio_inp_dis[14]
  gpio_inp_dis[15]
  gpio_inp_dis[16]
  gpio_inp_dis[17]
  gpio_inp_dis[18]
  gpio_inp_dis[19]
  gpio_inp_dis[1]
  gpio_inp_dis[20]
  gpio_inp_dis[21]
  gpio_inp_dis[22]
  gpio_inp_dis[23]
  gpio_inp_dis[24]
  gpio_inp_dis[25]
  gpio_inp_dis[26]
  gpio_inp_dis[27]
  gpio_inp_dis[28]
  gpio_inp_dis[29]
  gpio_inp_dis[2]
  gpio_inp_dis[30]
  gpio_inp_dis[31]
  gpio_inp_dis[32]
  gpio_inp_dis[33]
  gpio_inp_dis[34]
  gpio_inp_dis[35]
  gpio_inp_dis[36]
  gpio_inp_dis[37]
  gpio_inp_dis[38]
  gpio_inp_dis[39]
  gpio_inp_dis[3]
  gpio_inp_dis[40]
  gpio_inp_dis[41]
  gpio_inp_dis[42]
  gpio_inp_dis[43]
  gpio_inp_dis[4]
  gpio_inp_dis[5]
  gpio_inp_dis[6]
  gpio_inp_dis[7]
  gpio_inp_dis[8]
  gpio_inp_dis[9]
  gpio_oeb[0]
  gpio_oeb[10]
  gpio_oeb[11]
  gpio_oeb[12]
  gpio_oeb[13]
  gpio_oeb[14]
  gpio_oeb[15]
  gpio_oeb[16]
  gpio_oeb[17]
  gpio_oeb[18]
  gpio_oeb[19]
  gpio_oeb[1]
  gpio_oeb[20]
  gpio_oeb[21]
  gpio_oeb[22]
  gpio_oeb[23]
  gpio_oeb[24]
  gpio_oeb[25]
  gpio_oeb[26]
  gpio_oeb[27]
  gpio_oeb[28]
  gpio_oeb[29]
  gpio_oeb[2]
  gpio_oeb[30]
  gpio_oeb[31]
  gpio_oeb[32]
  gpio_oeb[33]
  gpio_oeb[34]
  gpio_oeb[35]
  gpio_oeb[36]
  gpio_oeb[37]
  gpio_oeb[38]
  gpio_oeb[39]
  gpio_oeb[3]
  gpio_oeb[40]
  gpio_oeb[41]
  gpio_oeb[42]
  gpio_oeb[43]
  gpio_oeb[4]
  gpio_oeb[5]
  gpio_oeb[6]
  gpio_oeb[7]
  gpio_oeb[8]
  gpio_oeb[9]
  gpio_out[0]
  gpio_out[10]
  gpio_out[11]
  gpio_out[12]
  gpio_out[13]
  gpio_out[14]
  gpio_out[15]
  gpio_out[16]
  gpio_out[17]
  gpio_out[18]
  gpio_out[19]
  gpio_out[1]
  gpio_out[20]
  gpio_out[21]
  gpio_out[22]
  gpio_out[23]
  gpio_out[24]
  gpio_out[25]
  gpio_out[26]
  gpio_out[27]
  gpio_out[28]
  gpio_out[29]
  gpio_out[2]
  gpio_out[30]
  gpio_out[31]
  gpio_out[32]
  gpio_out[33]
  gpio_out[34]
  gpio_out[35]
  gpio_out[36]
  gpio_out[37]
  gpio_out[38]
  gpio_out[39]
  gpio_out[3]
  gpio_out[40]
  gpio_out[41]
  gpio_out[42]
  gpio_out[43]
  gpio_out[4]
  gpio_out[5]
  gpio_out[6]
  gpio_out[7]
  gpio_out[8]
  gpio_out[9]
  gpio_slow_sel[0]
  gpio_slow_sel[10]
  gpio_slow_sel[11]
  gpio_slow_sel[12]
  gpio_slow_sel[13]
  gpio_slow_sel[14]
  gpio_slow_sel[15]
  gpio_slow_sel[16]
  gpio_slow_sel[17]
  gpio_slow_sel[18]
  gpio_slow_sel[19]
  gpio_slow_sel[1]
  gpio_slow_sel[20]
  gpio_slow_sel[21]
  gpio_slow_sel[22]
  gpio_slow_sel[23]
  gpio_slow_sel[24]
  gpio_slow_sel[25]
  gpio_slow_sel[26]
  gpio_slow_sel[27]
  gpio_slow_sel[28]
  gpio_slow_sel[29]
  gpio_slow_sel[2]
  gpio_slow_sel[30]
  gpio_slow_sel[31]
  gpio_slow_sel[32]
  gpio_slow_sel[33]
  gpio_slow_sel[34]
  gpio_slow_sel[35]
  gpio_slow_sel[36]
  gpio_slow_sel[37]
  gpio_slow_sel[38]
  gpio_slow_sel[39]
  gpio_slow_sel[3]
  gpio_slow_sel[40]
  gpio_slow_sel[41]
  gpio_slow_sel[42]
  gpio_slow_sel[43]
  gpio_slow_sel[4]
  gpio_slow_sel[5]
  gpio_slow_sel[6]
  gpio_slow_sel[7]
  gpio_slow_sel[8]
  gpio_slow_sel[9]
  gpio_vtrip_sel[0]
  gpio_vtrip_sel[10]
  gpio_vtrip_sel[11]
  gpio_vtrip_sel[12]
  gpio_vtrip_sel[13]
  gpio_vtrip_sel[14]
  gpio_vtrip_sel[15]
  gpio_vtrip_sel[16]
  gpio_vtrip_sel[17]
  gpio_vtrip_sel[18]
  gpio_vtrip_sel[19]
  gpio_vtrip_sel[1]
  gpio_vtrip_sel[20]
  gpio_vtrip_sel[21]
  gpio_vtrip_sel[22]
  gpio_vtrip_sel[23]
  gpio_vtrip_sel[24]
  gpio_vtrip_sel[25]
  gpio_vtrip_sel[26]
  gpio_vtrip_sel[27]
  gpio_vtrip_sel[28]
  gpio_vtrip_sel[29]
  gpio_vtrip_sel[2]
  gpio_vtrip_sel[30]
  gpio_vtrip_sel[31]
  gpio_vtrip_sel[32]
  gpio_vtrip_sel[33]
  gpio_vtrip_sel[34]
  gpio_vtrip_sel[35]
  gpio_vtrip_sel[36]
  gpio_vtrip_sel[37]
  gpio_vtrip_sel[38]
  gpio_vtrip_sel[39]
  gpio_vtrip_sel[3]
  gpio_vtrip_sel[40]
  gpio_vtrip_sel[41]
  gpio_vtrip_sel[42]
  gpio_vtrip_sel[43]
  gpio_vtrip_sel[4]
  gpio_vtrip_sel[5]
  gpio_vtrip_sel[6]
  gpio_vtrip_sel[7]
  gpio_vtrip_sel[8]
  gpio_vtrip_sel[9]
  _3207_/D
  _3208_/D
  _3209_/D
  _3210_/D
  _3211_/D
  _3212_/D
  _3213_/D
  _4013_/D
  _4014_/D
  _4015_/D
  _4019_/D
  _4021_/D
  _4022_/D
  _4025_/D
  _4026_/D
  _4027_/D
  _4028_/D
  _4029_/D
  _4030_/D
  _4031_/D
  _4032_/D
  _4033_/D
  _4034_/D
  _4035_/D
  _4036_/D
  _4037_/D
  _4038_/D
  _4039_/D
  _4040_/D
  _4041_/D
  _4042_/D
  _4043_/D
  _4044_/D
  _4045_/D
  _4046_/D
  _4047_/D
  _4048_/D
  _4049_/D
  _4050_/D
  _4051_/D
  _4052_/D
  _4053_/D
  _4054_/D
  _4055_/D
  _4056_/D
  _4057_/D
  _4058_/D
  _4059_/D
  _4060_/D
  _4061_/D
  _4062_/D
  _4063_/D
  _4064_/D
  _4065_/D
  _4066_/D
  _4067_/D
  _4068_/D
Warning: There is 1 combinational loop in the design.
  fanout1113/A
  fanout1113/X
  u_owire.u_ip.osc_i0/A
  u_owire.u_ip.osc_i0/Y
  u_owire.u_ip.osc_i1/A
  u_owire.u_ip.osc_i1/Y
  u_owire.u_ip.osc_i2/A
  u_owire.u_ip.osc_i2/Y
  fanout1115/A
  fanout1115/X
  | loop cut point
  fanout1113/A
  --------------------------------
